# Blender 3.3.1
# www.blender.org
mtllib link3x.mtl
o link3x
v -0.014143 -0.046610 -0.006700
v -0.013869 -0.047278 -0.006700
v -0.013912 -0.047154 -0.006700
v -0.013951 -0.046636 -0.006700
v -0.013775 -0.046147 -0.006700
v -0.013701 -0.046039 -0.006700
v -0.012881 -0.048043 -0.006700
v -0.013255 -0.047930 -0.006700
v -0.013596 -0.047946 -0.006700
v -0.013666 -0.047612 -0.006700
v -0.012166 -0.048140 -0.006700
v -0.011724 -0.047570 -0.006700
v -0.011809 -0.047669 -0.006700
v -0.012239 -0.047961 -0.006700
v -0.012751 -0.048054 -0.006700
v -0.011556 -0.046331 -0.006700
v -0.011466 -0.046712 -0.006700
v -0.011282 -0.046999 -0.006700
v -0.011536 -0.047227 -0.006700
v -0.011829 -0.045663 -0.006700
v -0.012544 -0.045566 -0.006700
v -0.012415 -0.045590 -0.006700
v -0.011947 -0.045816 -0.006700
v -0.011611 -0.046213 -0.006700
v -0.013416 -0.045771 -0.006700
v -0.013259 -0.045468 -0.006700
v -0.012935 -0.045574 -0.006700
v -0.013259 -0.045468 -0.005400
v -0.013612 -0.044606 -0.005400
v -0.013916 -0.044757 -0.005400
v -0.013290 -0.044501 -0.005400
v -0.010857 -0.045322 -0.005400
v -0.011087 -0.045073 -0.005400
v -0.011829 -0.045663 -0.005400
v -0.014195 -0.044949 -0.005400
v -0.014444 -0.045178 -0.005400
v -0.014143 -0.046610 -0.005400
v -0.014657 -0.045441 -0.005400
v -0.014832 -0.045732 -0.005400
v -0.012135 -0.049108 -0.005400
v -0.011813 -0.049002 -0.005400
v -0.012166 -0.048140 -0.005400
v -0.011509 -0.048852 -0.005400
v -0.013596 -0.047946 -0.005400
v -0.014075 -0.048749 -0.005400
v -0.013785 -0.048923 -0.005400
v -0.012807 -0.049177 -0.005400
v -0.012469 -0.049167 -0.005400
v -0.014963 -0.046045 -0.005400
v -0.015048 -0.046373 -0.005400
v -0.015086 -0.046709 -0.005400
v -0.010593 -0.047877 -0.005400
v -0.010462 -0.047564 -0.005400
v -0.011282 -0.046999 -0.005400
v -0.010377 -0.047236 -0.005400
v -0.010339 -0.046899 -0.005400
v -0.010665 -0.045601 -0.005400
v -0.011230 -0.048660 -0.005400
v -0.010981 -0.048430 -0.005400
v -0.010767 -0.048167 -0.005400
v -0.013472 -0.049055 -0.005400
v -0.013144 -0.049140 -0.005400
v -0.014760 -0.048007 -0.005400
v -0.014568 -0.048287 -0.005400
v -0.014338 -0.048536 -0.005400
v -0.011350 -0.044859 -0.005400
v -0.011640 -0.044685 -0.005400
v -0.011953 -0.044554 -0.005400
v -0.012281 -0.044469 -0.005400
v -0.012617 -0.044431 -0.005400
v -0.012956 -0.044442 -0.005400
v -0.015075 -0.047048 -0.005400
v -0.015016 -0.047382 -0.005400
v -0.014911 -0.047704 -0.005400
v -0.010350 -0.046561 -0.005400
v -0.010409 -0.046227 -0.005400
v -0.010514 -0.045905 -0.005400
v -0.011324 -0.046236 -0.008400
v -0.010045 -0.046136 -0.008400
v -0.011212 -0.046811 -0.008400
v -0.009965 -0.046914 -0.008400
v -0.011329 -0.047384 -0.008400
v -0.012706 -0.045304 -0.008400
v -0.012212 -0.044100 -0.008400
v -0.012132 -0.045421 -0.008400
v -0.011471 -0.044351 -0.008400
v -0.011647 -0.045748 -0.008400
v -0.010830 -0.044800 -0.008400
v -0.010341 -0.045411 -0.008400
v -0.014096 -0.046224 -0.008400
v -0.014965 -0.045226 -0.008400
v -0.013769 -0.045739 -0.008400
v -0.014429 -0.044656 -0.008400
v -0.013280 -0.045416 -0.008400
v -0.013754 -0.044259 -0.008400
v -0.012995 -0.044069 -0.008400
v -0.012719 -0.048304 -0.008400
v -0.013212 -0.049508 -0.008400
v -0.013292 -0.048188 -0.008400
v -0.013954 -0.049258 -0.008400
v -0.013778 -0.047860 -0.008400
v -0.014595 -0.048809 -0.008400
v -0.014101 -0.047372 -0.008400
v -0.010107 -0.047684 -0.008400
v -0.010460 -0.048382 -0.008400
v -0.011656 -0.047870 -0.008400
v -0.010996 -0.048953 -0.008400
v -0.012144 -0.048193 -0.008400
v -0.011671 -0.049349 -0.008400
v -0.012430 -0.049540 -0.008400
v -0.015084 -0.048197 -0.008400
v -0.015380 -0.047473 -0.008400
v -0.014212 -0.046798 -0.008400
v -0.015460 -0.046694 -0.008400
v -0.015318 -0.045925 -0.008400
v -0.012044 -0.049472 -0.005775
v -0.012430 -0.049540 -0.005775
v -0.012822 -0.049552 -0.005775
v -0.013212 -0.049508 -0.005775
v -0.013592 -0.049410 -0.005775
v -0.013954 -0.049258 -0.005775
v -0.014291 -0.049056 -0.005775
v -0.014595 -0.048809 -0.005775
v -0.014861 -0.048521 -0.005775
v -0.015084 -0.048197 -0.005775
v -0.015258 -0.047846 -0.005775
v -0.015380 -0.047473 -0.005775
v -0.015448 -0.047086 -0.005775
v -0.015460 -0.046694 -0.005775
v -0.015417 -0.046304 -0.005775
v -0.015318 -0.045925 -0.005775
v -0.015166 -0.045563 -0.005775
v -0.014965 -0.045226 -0.005775
v -0.014717 -0.044922 -0.005775
v -0.014429 -0.044656 -0.005775
v -0.014105 -0.044433 -0.005775
v -0.013754 -0.044259 -0.005775
v -0.013381 -0.044137 -0.005775
v -0.012995 -0.044069 -0.005775
v -0.012602 -0.044057 -0.005775
v -0.012212 -0.044100 -0.005775
v -0.011833 -0.044199 -0.005775
v -0.011471 -0.044351 -0.005775
v -0.011134 -0.044552 -0.005775
v -0.010830 -0.044800 -0.005775
v -0.010564 -0.045088 -0.005775
v -0.010341 -0.045411 -0.005775
v -0.010167 -0.045763 -0.005775
v -0.010045 -0.046136 -0.005775
v -0.009977 -0.046522 -0.005775
v -0.009965 -0.046914 -0.005775
v -0.010008 -0.047304 -0.005775
v -0.010107 -0.047684 -0.005775
v -0.010259 -0.048046 -0.005775
v -0.010460 -0.048382 -0.005775
v -0.010708 -0.048687 -0.005775
v -0.010996 -0.048953 -0.005775
v -0.011319 -0.049175 -0.005775
v -0.011671 -0.049349 -0.005775
v -0.011656 -0.047870 -0.028300
v -0.011329 -0.047384 -0.028300
v -0.011212 -0.046811 -0.028300
v -0.011324 -0.046236 -0.028300
v -0.011647 -0.045748 -0.028300
v -0.012132 -0.045421 -0.028300
v -0.012706 -0.045304 -0.028300
v -0.013280 -0.045416 -0.028300
v -0.013769 -0.045739 -0.028300
v -0.014096 -0.046224 -0.028300
v -0.014212 -0.046798 -0.028300
v -0.014101 -0.047372 -0.028300
v -0.013778 -0.047860 -0.028300
v -0.013292 -0.048188 -0.028300
v -0.012719 -0.048304 -0.028300
v -0.012144 -0.048193 -0.028300
v -0.013243 -0.045509 -0.028400
v -0.012706 -0.045404 -0.028400
v -0.012712 -0.046804 -0.028400
v -0.014112 -0.046798 -0.028400
v -0.014004 -0.046263 -0.028400
v -0.013698 -0.045810 -0.028400
v -0.013254 -0.048095 -0.028400
v -0.013707 -0.047790 -0.028400
v -0.014008 -0.047334 -0.028400
v -0.011727 -0.047799 -0.028400
v -0.012182 -0.048100 -0.028400
v -0.012718 -0.048204 -0.028400
v -0.011417 -0.046274 -0.028400
v -0.011312 -0.046810 -0.028400
v -0.011421 -0.047346 -0.028400
v -0.012171 -0.045513 -0.028400
v -0.011718 -0.045819 -0.028400
v -0.012712 -0.046804 -0.007422
v -0.013369 -0.044186 -0.005588
v -0.012989 -0.044119 -0.005588
v -0.012604 -0.044107 -0.005588
v -0.012222 -0.044150 -0.005588
v -0.011849 -0.044246 -0.005588
v -0.011494 -0.044395 -0.005588
v -0.011163 -0.044593 -0.005588
v -0.010864 -0.044836 -0.005588
v -0.010603 -0.045119 -0.005588
v -0.010385 -0.045437 -0.005588
v -0.010214 -0.045782 -0.005588
v -0.010094 -0.046148 -0.005588
v -0.010027 -0.046527 -0.005588
v -0.010015 -0.046912 -0.005588
v -0.010058 -0.047295 -0.005588
v -0.010155 -0.047668 -0.005588
v -0.010303 -0.048023 -0.005588
v -0.010501 -0.048354 -0.005588
v -0.010744 -0.048652 -0.005588
v -0.011028 -0.048914 -0.005588
v -0.011345 -0.049132 -0.005588
v -0.011690 -0.049303 -0.005588
v -0.012056 -0.049423 -0.005588
v -0.012435 -0.049490 -0.005588
v -0.012820 -0.049502 -0.005588
v -0.013203 -0.049459 -0.005588
v -0.013576 -0.049362 -0.005588
v -0.013931 -0.049213 -0.005588
v -0.014262 -0.049015 -0.005588
v -0.014561 -0.048772 -0.005588
v -0.014822 -0.048489 -0.005588
v -0.015040 -0.048172 -0.005588
v -0.015211 -0.047827 -0.005588
v -0.015331 -0.047461 -0.005588
v -0.015398 -0.047081 -0.005588
v -0.015410 -0.046696 -0.005588
v -0.015367 -0.046314 -0.005588
v -0.015270 -0.045941 -0.005588
v -0.015121 -0.045585 -0.005588
v -0.014923 -0.045255 -0.005588
v -0.014680 -0.044956 -0.005588
v -0.014397 -0.044695 -0.005588
v -0.014080 -0.044477 -0.005588
v -0.013735 -0.044306 -0.005588
v -0.013335 -0.044319 -0.005450
v -0.012975 -0.044255 -0.005450
v -0.012610 -0.044244 -0.005450
v -0.012247 -0.044285 -0.005450
v -0.011893 -0.044376 -0.005450
v -0.011556 -0.044518 -0.005450
v -0.011242 -0.044706 -0.005450
v -0.010958 -0.044936 -0.005450
v -0.010710 -0.045205 -0.005450
v -0.010503 -0.045506 -0.005450
v -0.010341 -0.045834 -0.005450
v -0.010227 -0.046181 -0.005450
v -0.010163 -0.046541 -0.005450
v -0.010152 -0.046907 -0.005450
v -0.010193 -0.047270 -0.005450
v -0.010285 -0.047624 -0.005450
v -0.010426 -0.047961 -0.005450
v -0.010614 -0.048275 -0.005450
v -0.010845 -0.048559 -0.005450
v -0.011113 -0.048806 -0.005450
v -0.011414 -0.049014 -0.005450
v -0.011742 -0.049176 -0.005450
v -0.012089 -0.049290 -0.005450
v -0.012450 -0.049353 -0.005450
v -0.012815 -0.049365 -0.005450
v -0.013178 -0.049324 -0.005450
v -0.013532 -0.049232 -0.005450
v -0.013869 -0.049091 -0.005450
v -0.014183 -0.048903 -0.005450
v -0.014467 -0.048672 -0.005450
v -0.014715 -0.048404 -0.005450
v -0.014922 -0.048102 -0.005450
v -0.015084 -0.047775 -0.005450
v -0.015198 -0.047427 -0.005450
v -0.015261 -0.047067 -0.005450
v -0.015273 -0.046702 -0.005450
v -0.015232 -0.046338 -0.005450
v -0.015140 -0.045985 -0.005450
v -0.014999 -0.045647 -0.005450
v -0.014811 -0.045334 -0.005450
v -0.014580 -0.045050 -0.005450
v -0.014312 -0.044802 -0.005450
v -0.014010 -0.044595 -0.005450
v -0.013683 -0.044433 -0.005450
v -0.035553 -0.033294 -0.006700
v -0.035650 -0.034009 -0.006700
v -0.035626 -0.033880 -0.006700
v -0.035400 -0.033412 -0.006700
v -0.035003 -0.033076 -0.006700
v -0.034885 -0.033021 -0.006700
v -0.035177 -0.035166 -0.006700
v -0.035445 -0.034881 -0.006700
v -0.035747 -0.034724 -0.006700
v -0.035641 -0.034400 -0.006700
v -0.034606 -0.035608 -0.006700
v -0.033938 -0.035334 -0.006700
v -0.034062 -0.035378 -0.006700
v -0.034580 -0.035416 -0.006700
v -0.035069 -0.035240 -0.006700
v -0.033173 -0.034346 -0.006700
v -0.033286 -0.034721 -0.006700
v -0.033270 -0.035061 -0.006700
v -0.033604 -0.035132 -0.006700
v -0.033076 -0.033631 -0.006700
v -0.033646 -0.033189 -0.006700
v -0.033547 -0.033275 -0.006700
v -0.033255 -0.033704 -0.006700
v -0.033162 -0.034216 -0.006700
v -0.034504 -0.032931 -0.006700
v -0.034217 -0.032747 -0.006700
v -0.033989 -0.033001 -0.006700
v -0.033760 -0.031894 -0.005400
v -0.034091 -0.031824 -0.005400
v -0.034217 -0.032747 -0.005400
v -0.035063 -0.036461 -0.005400
v -0.034732 -0.036531 -0.005400
v -0.034606 -0.035608 -0.005400
v -0.033441 -0.032010 -0.005400
v -0.033076 -0.033631 -0.005400
v -0.032259 -0.033175 -0.005400
v -0.032423 -0.032878 -0.005400
v -0.032628 -0.032609 -0.005400
v -0.032870 -0.032371 -0.005400
v -0.033143 -0.032170 -0.005400
v -0.035747 -0.034724 -0.005400
v -0.036564 -0.035180 -0.005400
v -0.036400 -0.035477 -0.005400
v -0.033112 -0.036166 -0.005400
v -0.032843 -0.035961 -0.005400
v -0.033270 -0.035061 -0.005400
v -0.032605 -0.035719 -0.005400
v -0.032404 -0.035446 -0.005400
v -0.035382 -0.036345 -0.005400
v -0.036786 -0.034196 -0.005400
v -0.036760 -0.034533 -0.005400
v -0.036685 -0.034864 -0.005400
v -0.035098 -0.031904 -0.005400
v -0.035553 -0.033294 -0.005400
v -0.035414 -0.032025 -0.005400
v -0.035711 -0.032189 -0.005400
v -0.036195 -0.035746 -0.005400
v -0.035953 -0.035984 -0.005400
v -0.035680 -0.036185 -0.005400
v -0.035980 -0.032394 -0.005400
v -0.036218 -0.032636 -0.005400
v -0.036419 -0.032909 -0.005400
v -0.034429 -0.031803 -0.005400
v -0.034767 -0.031829 -0.005400
v -0.033725 -0.036451 -0.005400
v -0.033408 -0.036330 -0.005400
v -0.036579 -0.033207 -0.005400
v -0.036695 -0.033526 -0.005400
v -0.036765 -0.033857 -0.005400
v -0.032037 -0.034159 -0.005400
v -0.032063 -0.033822 -0.005400
v -0.032138 -0.033491 -0.005400
v -0.034393 -0.036552 -0.005400
v -0.034056 -0.036526 -0.005400
v -0.032244 -0.035148 -0.005400
v -0.032128 -0.034829 -0.005400
v -0.032058 -0.034498 -0.005400
v -0.033503 -0.035371 -0.008400
v -0.033250 -0.036670 -0.008400
v -0.034029 -0.035628 -0.008400
v -0.033999 -0.036896 -0.008400
v -0.034614 -0.035664 -0.008400
v -0.034782 -0.036902 -0.008400
v -0.035167 -0.035473 -0.008400
v -0.035898 -0.033975 -0.008400
v -0.037056 -0.033423 -0.008400
v -0.035707 -0.033422 -0.008400
v -0.036736 -0.032708 -0.008400
v -0.035319 -0.032984 -0.008400
v -0.032925 -0.034380 -0.008400
v -0.031767 -0.034932 -0.008400
v -0.033116 -0.034933 -0.008400
v -0.032087 -0.035647 -0.008400
v -0.032595 -0.036242 -0.008400
v -0.036228 -0.032113 -0.008400
v -0.035573 -0.031685 -0.008400
v -0.034793 -0.032727 -0.008400
v -0.034823 -0.031459 -0.008400
v -0.034209 -0.032691 -0.008400
v -0.034041 -0.031453 -0.008400
v -0.033656 -0.032882 -0.008400
v -0.035535 -0.036688 -0.008400
v -0.036196 -0.036269 -0.008400
v -0.035605 -0.035086 -0.008400
v -0.036714 -0.035682 -0.008400
v -0.035862 -0.034559 -0.008400
v -0.037044 -0.034972 -0.008400
v -0.037161 -0.034198 -0.008400
v -0.033288 -0.031667 -0.008400
v -0.032626 -0.032086 -0.008400
v -0.033217 -0.033270 -0.008400
v -0.032109 -0.032673 -0.008400
v -0.032961 -0.033796 -0.008400
v -0.031779 -0.033383 -0.008400
v -0.031662 -0.034157 -0.008400
v -0.035166 -0.036822 -0.005775
v -0.035535 -0.036688 -0.005775
v -0.035881 -0.036502 -0.005775
v -0.036196 -0.036269 -0.005775
v -0.036476 -0.035994 -0.005775
v -0.036714 -0.035682 -0.005775
v -0.036904 -0.035339 -0.005775
v -0.037044 -0.034972 -0.005775
v -0.037130 -0.034590 -0.005775
v -0.037161 -0.034198 -0.005775
v -0.037136 -0.033807 -0.005775
v -0.037056 -0.033423 -0.005775
v -0.036922 -0.033054 -0.005775
v -0.036736 -0.032708 -0.005775
v -0.036503 -0.032392 -0.005775
v -0.036228 -0.032113 -0.005775
v -0.035916 -0.031875 -0.005775
v -0.035573 -0.031685 -0.005775
v -0.035206 -0.031545 -0.005775
v -0.034823 -0.031459 -0.005775
v -0.034432 -0.031428 -0.005775
v -0.034041 -0.031453 -0.005775
v -0.033657 -0.031533 -0.005775
v -0.033288 -0.031667 -0.005775
v -0.032942 -0.031853 -0.005775
v -0.032626 -0.032086 -0.005775
v -0.032347 -0.032361 -0.005775
v -0.032109 -0.032673 -0.005775
v -0.031919 -0.033016 -0.005775
v -0.031779 -0.033383 -0.005775
v -0.031692 -0.033766 -0.005775
v -0.031662 -0.034157 -0.005775
v -0.031687 -0.034548 -0.005775
v -0.031767 -0.034932 -0.005775
v -0.031901 -0.035301 -0.005775
v -0.032087 -0.035647 -0.005775
v -0.032320 -0.035963 -0.005775
v -0.032595 -0.036242 -0.005775
v -0.032907 -0.036480 -0.005775
v -0.033250 -0.036670 -0.005775
v -0.033617 -0.036810 -0.005775
v -0.033999 -0.036896 -0.005775
v -0.034391 -0.036927 -0.005775
v -0.034782 -0.036902 -0.005775
v -0.034029 -0.035628 -0.028300
v -0.033503 -0.035371 -0.028300
v -0.033116 -0.034933 -0.028300
v -0.032925 -0.034380 -0.028300
v -0.032961 -0.033796 -0.028300
v -0.033217 -0.033270 -0.028300
v -0.033656 -0.032882 -0.028300
v -0.034209 -0.032691 -0.028300
v -0.034793 -0.032727 -0.028300
v -0.035319 -0.032984 -0.028300
v -0.035707 -0.033422 -0.028300
v -0.035898 -0.033975 -0.028300
v -0.035862 -0.034559 -0.028300
v -0.035605 -0.035086 -0.028300
v -0.035167 -0.035473 -0.028300
v -0.034614 -0.035664 -0.028300
v -0.034223 -0.032790 -0.028400
v -0.033706 -0.032968 -0.028400
v -0.034411 -0.034178 -0.028400
v -0.035621 -0.033472 -0.028400
v -0.035259 -0.033063 -0.028400
v -0.034768 -0.032824 -0.028400
v -0.035526 -0.035025 -0.028400
v -0.035765 -0.034534 -0.028400
v -0.035799 -0.033989 -0.028400
v -0.034055 -0.035531 -0.028400
v -0.034600 -0.035565 -0.028400
v -0.035117 -0.035387 -0.028400
v -0.033024 -0.034366 -0.028400
v -0.033202 -0.034883 -0.028400
v -0.033564 -0.035292 -0.028400
v -0.033297 -0.033330 -0.028400
v -0.033058 -0.033821 -0.028400
v -0.034411 -0.034178 -0.007422
v -0.033671 -0.031581 -0.005588
v -0.033309 -0.031713 -0.005588
v -0.032969 -0.031895 -0.005588
v -0.032659 -0.032124 -0.005588
v -0.032385 -0.032394 -0.005588
v -0.032151 -0.032701 -0.005588
v -0.031964 -0.033037 -0.005588
v -0.031827 -0.033397 -0.005588
v -0.031742 -0.033773 -0.005588
v -0.031712 -0.034157 -0.005588
v -0.031736 -0.034541 -0.005588
v -0.031815 -0.034918 -0.005588
v -0.031947 -0.035280 -0.005588
v -0.032129 -0.035620 -0.005588
v -0.032358 -0.035930 -0.005588
v -0.032628 -0.036204 -0.005588
v -0.032935 -0.036438 -0.005588
v -0.033271 -0.036625 -0.005588
v -0.033631 -0.036762 -0.005588
v -0.034007 -0.036847 -0.005588
v -0.034391 -0.036877 -0.005588
v -0.034775 -0.036853 -0.005588
v -0.035152 -0.036774 -0.005588
v -0.035514 -0.036642 -0.005588
v -0.035854 -0.036460 -0.005588
v -0.036164 -0.036231 -0.005588
v -0.036438 -0.035961 -0.005588
v -0.036671 -0.035654 -0.005588
v -0.036859 -0.035318 -0.005588
v -0.036996 -0.034958 -0.005588
v -0.037081 -0.034582 -0.005588
v -0.037111 -0.034198 -0.005588
v -0.037087 -0.033814 -0.005588
v -0.037008 -0.033437 -0.005588
v -0.036876 -0.033075 -0.005588
v -0.036694 -0.032735 -0.005588
v -0.036465 -0.032425 -0.005588
v -0.036195 -0.032151 -0.005588
v -0.035888 -0.031917 -0.005588
v -0.035552 -0.031730 -0.005588
v -0.035192 -0.031593 -0.005588
v -0.034816 -0.031508 -0.005588
v -0.034432 -0.031478 -0.005588
v -0.034048 -0.031502 -0.005588
v -0.033708 -0.031713 -0.005450
v -0.033365 -0.031839 -0.005450
v -0.033042 -0.032011 -0.005450
v -0.032748 -0.032228 -0.005450
v -0.032488 -0.032485 -0.005450
v -0.032266 -0.032776 -0.005450
v -0.032089 -0.033095 -0.005450
v -0.031958 -0.033437 -0.005450
v -0.031878 -0.033794 -0.005450
v -0.031849 -0.034158 -0.005450
v -0.031872 -0.034523 -0.005450
v -0.031947 -0.034881 -0.005450
v -0.032073 -0.035224 -0.005450
v -0.032245 -0.035547 -0.005450
v -0.032462 -0.035841 -0.005450
v -0.032719 -0.036101 -0.005450
v -0.033010 -0.036323 -0.005450
v -0.033329 -0.036500 -0.005450
v -0.033671 -0.036631 -0.005450
v -0.034028 -0.036711 -0.005450
v -0.034392 -0.036740 -0.005450
v -0.034757 -0.036717 -0.005450
v -0.035115 -0.036642 -0.005450
v -0.035458 -0.036516 -0.005450
v -0.035780 -0.036344 -0.005450
v -0.036075 -0.036127 -0.005450
v -0.036335 -0.035870 -0.005450
v -0.036557 -0.035579 -0.005450
v -0.036734 -0.035260 -0.005450
v -0.036865 -0.034918 -0.005450
v -0.036945 -0.034561 -0.005450
v -0.036974 -0.034197 -0.005450
v -0.036951 -0.033832 -0.005450
v -0.036876 -0.033474 -0.005450
v -0.036750 -0.033131 -0.005450
v -0.036578 -0.032809 -0.005450
v -0.036361 -0.032514 -0.005450
v -0.036104 -0.032254 -0.005450
v -0.035813 -0.032032 -0.005450
v -0.035494 -0.031855 -0.005450
v -0.035152 -0.031724 -0.005450
v -0.034795 -0.031644 -0.005450
v -0.034431 -0.031615 -0.005450
v -0.034066 -0.031638 -0.005450
v -0.047437 -0.011057 -0.006700
v -0.047878 -0.011628 -0.006700
v -0.047793 -0.011529 -0.006700
v -0.047363 -0.011236 -0.006700
v -0.046852 -0.011143 -0.006700
v -0.046721 -0.011154 -0.006700
v -0.048047 -0.012866 -0.006700
v -0.048136 -0.012486 -0.006700
v -0.048320 -0.012198 -0.006700
v -0.048066 -0.011971 -0.006700
v -0.047774 -0.013534 -0.006700
v -0.047058 -0.013631 -0.006700
v -0.047187 -0.013607 -0.006700
v -0.047655 -0.013381 -0.006700
v -0.047991 -0.012985 -0.006700
v -0.045902 -0.013158 -0.006700
v -0.046186 -0.013426 -0.006700
v -0.046343 -0.013729 -0.006700
v -0.046667 -0.013623 -0.006700
v -0.045460 -0.012587 -0.006700
v -0.045733 -0.011919 -0.006700
v -0.045690 -0.012043 -0.006700
v -0.045651 -0.012561 -0.006700
v -0.045827 -0.013051 -0.006700
v -0.046347 -0.011267 -0.006700
v -0.046006 -0.011252 -0.006700
v -0.045936 -0.011585 -0.006700
v -0.046006 -0.011252 -0.005400
v -0.045436 -0.010515 -0.005400
v -0.045718 -0.010327 -0.005400
v -0.045184 -0.010741 -0.005400
v -0.045786 -0.014496 -0.005400
v -0.045498 -0.014317 -0.005400
v -0.046343 -0.013729 -0.005400
v -0.046759 -0.014764 -0.005400
v -0.046423 -0.014721 -0.005400
v -0.046096 -0.014631 -0.005400
v -0.046024 -0.010181 -0.005400
v -0.046348 -0.010081 -0.005400
v -0.047437 -0.011057 -0.005400
v -0.046682 -0.010027 -0.005400
v -0.047021 -0.010021 -0.005400
v -0.045460 -0.012587 -0.005400
v -0.044519 -0.012262 -0.005400
v -0.044561 -0.011926 -0.005400
v -0.044678 -0.013259 -0.005400
v -0.044578 -0.012935 -0.005400
v -0.044524 -0.012601 -0.005400
v -0.048320 -0.012198 -0.005400
v -0.049256 -0.012185 -0.005400
v -0.049261 -0.012524 -0.005400
v -0.044652 -0.011599 -0.005400
v -0.044787 -0.011289 -0.005400
v -0.044966 -0.011001 -0.005400
v -0.048814 -0.013785 -0.005400
v -0.048596 -0.014045 -0.005400
v -0.047774 -0.013534 -0.005400
v -0.048344 -0.014271 -0.005400
v -0.048062 -0.014459 -0.005400
v -0.047357 -0.010064 -0.005400
v -0.047684 -0.010154 -0.005400
v -0.047994 -0.010290 -0.005400
v -0.048956 -0.011221 -0.005400
v -0.049101 -0.011527 -0.005400
v -0.049202 -0.011850 -0.005400
v -0.045238 -0.014099 -0.005400
v -0.045012 -0.013847 -0.005400
v -0.044824 -0.013565 -0.005400
v -0.047756 -0.014604 -0.005400
v -0.047432 -0.014705 -0.005400
v -0.047098 -0.014759 -0.005400
v -0.048282 -0.010469 -0.005400
v -0.048542 -0.010686 -0.005400
v -0.048768 -0.010939 -0.005400
v -0.049219 -0.012860 -0.005400
v -0.049128 -0.013187 -0.005400
v -0.048993 -0.013497 -0.005400
v -0.045443 -0.012787 -0.008400
v -0.044498 -0.013750 -0.008400
v -0.045704 -0.013311 -0.008400
v -0.044977 -0.014369 -0.008400
v -0.046146 -0.013695 -0.008400
v -0.045611 -0.014828 -0.008400
v -0.046701 -0.013881 -0.008400
v -0.046349 -0.015089 -0.008400
v -0.047131 -0.015132 -0.008400
v -0.047284 -0.013840 -0.008400
v -0.047893 -0.014954 -0.008400
v -0.047808 -0.013579 -0.008400
v -0.048573 -0.014567 -0.008400
v -0.048192 -0.013137 -0.008400
v -0.045588 -0.011648 -0.008400
v -0.044298 -0.011474 -0.008400
v -0.045402 -0.012203 -0.008400
v -0.044144 -0.012241 -0.008400
v -0.044213 -0.013021 -0.008400
v -0.047079 -0.010905 -0.008400
v -0.046649 -0.009653 -0.008400
v -0.046495 -0.010946 -0.008400
v -0.045887 -0.009832 -0.008400
v -0.045972 -0.011207 -0.008400
v -0.045206 -0.010218 -0.008400
v -0.044662 -0.010781 -0.008400
v -0.048076 -0.011475 -0.008400
v -0.048803 -0.010417 -0.008400
v -0.047634 -0.011091 -0.008400
v -0.048169 -0.009958 -0.008400
v -0.047431 -0.009697 -0.008400
v -0.049118 -0.014005 -0.008400
v -0.049482 -0.013312 -0.008400
v -0.048378 -0.012582 -0.008400
v -0.049636 -0.012545 -0.008400
v -0.048337 -0.011998 -0.008400
v -0.049567 -0.011765 -0.008400
v -0.049282 -0.011036 -0.008400
v -0.048866 -0.014306 -0.005775
v -0.049118 -0.014005 -0.005775
v -0.049325 -0.013671 -0.005775
v -0.049482 -0.013312 -0.005775
v -0.049586 -0.012934 -0.005775
v -0.049636 -0.012545 -0.005775
v -0.049629 -0.012152 -0.005775
v -0.049567 -0.011765 -0.005775
v -0.049451 -0.011390 -0.005775
v -0.049282 -0.011036 -0.005775
v -0.049064 -0.010709 -0.005775
v -0.048803 -0.010417 -0.005775
v -0.048502 -0.010165 -0.005775
v -0.048169 -0.009958 -0.005775
v -0.047809 -0.009801 -0.005775
v -0.047431 -0.009697 -0.005775
v -0.047042 -0.009647 -0.005775
v -0.046649 -0.009653 -0.005775
v -0.046262 -0.009716 -0.005775
v -0.045887 -0.009832 -0.005775
v -0.045533 -0.010001 -0.005775
v -0.045206 -0.010218 -0.005775
v -0.044914 -0.010480 -0.005775
v -0.044662 -0.010781 -0.005775
v -0.044455 -0.011114 -0.005775
v -0.044298 -0.011474 -0.005775
v -0.044194 -0.011852 -0.005775
v -0.044144 -0.012241 -0.005775
v -0.044150 -0.012633 -0.005775
v -0.044213 -0.013021 -0.005775
v -0.044329 -0.013396 -0.005775
v -0.044498 -0.013750 -0.005775
v -0.044715 -0.014076 -0.005775
v -0.044977 -0.014369 -0.005775
v -0.045278 -0.014621 -0.005775
v -0.045611 -0.014828 -0.005775
v -0.045971 -0.014985 -0.005775
v -0.046349 -0.015089 -0.005775
v -0.046738 -0.015139 -0.005775
v -0.047131 -0.015132 -0.005775
v -0.047518 -0.015070 -0.005775
v -0.047893 -0.014954 -0.005775
v -0.048247 -0.014785 -0.005775
v -0.048573 -0.014567 -0.005775
v -0.047284 -0.013840 -0.028300
v -0.046701 -0.013881 -0.028300
v -0.046146 -0.013695 -0.028300
v -0.045704 -0.013311 -0.028300
v -0.045443 -0.012787 -0.028300
v -0.045402 -0.012203 -0.028300
v -0.045588 -0.011648 -0.028300
v -0.045972 -0.011207 -0.028300
v -0.046495 -0.010946 -0.028300
v -0.047079 -0.010905 -0.028300
v -0.047634 -0.011091 -0.028300
v -0.048076 -0.011475 -0.028300
v -0.048337 -0.011998 -0.028300
v -0.048378 -0.012582 -0.028300
v -0.048192 -0.013137 -0.028300
v -0.047808 -0.013579 -0.028300
v -0.046033 -0.011286 -0.028400
v -0.045675 -0.011698 -0.028400
v -0.046890 -0.012393 -0.028400
v -0.047585 -0.011177 -0.028400
v -0.047067 -0.011004 -0.028400
v -0.046522 -0.011042 -0.028400
v -0.048279 -0.012570 -0.028400
v -0.048241 -0.012025 -0.028400
v -0.047997 -0.011536 -0.028400
v -0.047258 -0.013744 -0.028400
v -0.047747 -0.013500 -0.028400
v -0.048105 -0.013088 -0.028400
v -0.045783 -0.013250 -0.028400
v -0.046195 -0.013608 -0.028400
v -0.046713 -0.013782 -0.028400
v -0.045501 -0.012216 -0.028400
v -0.045539 -0.012761 -0.028400
v -0.046890 -0.012393 -0.007422
v -0.044950 -0.010515 -0.005588
v -0.044703 -0.010810 -0.005588
v -0.044500 -0.011138 -0.005588
v -0.044345 -0.011491 -0.005588
v -0.044243 -0.011862 -0.005588
v -0.044194 -0.012244 -0.005588
v -0.044201 -0.012629 -0.005588
v -0.044262 -0.013009 -0.005588
v -0.044376 -0.013377 -0.005588
v -0.044542 -0.013725 -0.005588
v -0.044755 -0.014046 -0.005588
v -0.045012 -0.014333 -0.005588
v -0.045307 -0.014580 -0.005588
v -0.045635 -0.014783 -0.005588
v -0.045988 -0.014937 -0.005588
v -0.046359 -0.015040 -0.005588
v -0.046741 -0.015089 -0.005588
v -0.047126 -0.015082 -0.005588
v -0.047507 -0.015021 -0.005588
v -0.047874 -0.014907 -0.005588
v -0.048222 -0.014741 -0.005588
v -0.048543 -0.014528 -0.005588
v -0.048830 -0.014271 -0.005588
v -0.049077 -0.013976 -0.005588
v -0.049280 -0.013648 -0.005588
v -0.049434 -0.013295 -0.005588
v -0.049537 -0.012924 -0.005588
v -0.049586 -0.012542 -0.005588
v -0.049579 -0.012157 -0.005588
v -0.049518 -0.011776 -0.005588
v -0.049404 -0.011409 -0.005588
v -0.049238 -0.011061 -0.005588
v -0.049025 -0.010740 -0.005588
v -0.048768 -0.010453 -0.005588
v -0.048473 -0.010206 -0.005588
v -0.048145 -0.010003 -0.005588
v -0.047792 -0.009848 -0.005588
v -0.047421 -0.009746 -0.005588
v -0.047039 -0.009697 -0.005588
v -0.046654 -0.009703 -0.005588
v -0.046273 -0.009764 -0.005588
v -0.045906 -0.009879 -0.005588
v -0.045558 -0.010045 -0.005588
v -0.045237 -0.010258 -0.005588
v -0.045049 -0.010611 -0.005450
v -0.044814 -0.010891 -0.005450
v -0.044621 -0.011201 -0.005450
v -0.044475 -0.011536 -0.005450
v -0.044378 -0.011889 -0.005450
v -0.044331 -0.012252 -0.005450
v -0.044337 -0.012617 -0.005450
v -0.044395 -0.012978 -0.005450
v -0.044504 -0.013327 -0.005450
v -0.044661 -0.013657 -0.005450
v -0.044864 -0.013962 -0.005450
v -0.045108 -0.014234 -0.005450
v -0.045388 -0.014469 -0.005450
v -0.045698 -0.014662 -0.005450
v -0.046033 -0.014808 -0.005450
v -0.046386 -0.014905 -0.005450
v -0.046749 -0.014951 -0.005450
v -0.047114 -0.014946 -0.005450
v -0.047475 -0.014888 -0.005450
v -0.047824 -0.014779 -0.005450
v -0.048154 -0.014622 -0.005450
v -0.048459 -0.014419 -0.005450
v -0.048731 -0.014175 -0.005450
v -0.048966 -0.013895 -0.005450
v -0.049159 -0.013584 -0.005450
v -0.049305 -0.013249 -0.005450
v -0.049402 -0.012897 -0.005450
v -0.049449 -0.012534 -0.005450
v -0.049443 -0.012169 -0.005450
v -0.049385 -0.011808 -0.005450
v -0.049276 -0.011459 -0.005450
v -0.049119 -0.011128 -0.005450
v -0.048916 -0.010824 -0.005450
v -0.048672 -0.010552 -0.005450
v -0.048392 -0.010317 -0.005450
v -0.048081 -0.010124 -0.005450
v -0.047746 -0.009978 -0.005450
v -0.047394 -0.009880 -0.005450
v -0.047031 -0.009834 -0.005450
v -0.046666 -0.009840 -0.005450
v -0.046305 -0.009898 -0.005450
v -0.045956 -0.010007 -0.005450
v -0.045626 -0.010164 -0.005450
v -0.045321 -0.010367 -0.005450
v -0.046610 0.014143 -0.006700
v -0.047278 0.013869 -0.006700
v -0.047154 0.013912 -0.006700
v -0.046636 0.013951 -0.006700
v -0.046147 0.013775 -0.006700
v -0.046039 0.013701 -0.006700
v -0.048043 0.012881 -0.006700
v -0.047930 0.013255 -0.006700
v -0.047946 0.013596 -0.006700
v -0.047612 0.013666 -0.006700
v -0.048140 0.012166 -0.006700
v -0.047570 0.011724 -0.006700
v -0.047669 0.011809 -0.006700
v -0.047961 0.012239 -0.006700
v -0.048054 0.012751 -0.006700
v -0.046331 0.011556 -0.006700
v -0.046712 0.011466 -0.006700
v -0.046999 0.011282 -0.006700
v -0.047227 0.011536 -0.006700
v -0.045663 0.011829 -0.006700
v -0.045566 0.012544 -0.006700
v -0.045590 0.012415 -0.006700
v -0.045816 0.011947 -0.006700
v -0.046213 0.011611 -0.006700
v -0.045771 0.013416 -0.006700
v -0.045468 0.013259 -0.006700
v -0.045574 0.012935 -0.006700
v -0.045732 0.014832 -0.005400
v -0.046045 0.014963 -0.005400
v -0.046610 0.014143 -0.005400
v -0.044757 0.013916 -0.005400
v -0.044949 0.014195 -0.005400
v -0.045468 0.013259 -0.005400
v -0.045178 0.014444 -0.005400
v -0.045441 0.014657 -0.005400
v -0.045322 0.010857 -0.005400
v -0.045073 0.011087 -0.005400
v -0.045663 0.011829 -0.005400
v -0.044859 0.011350 -0.005400
v -0.044685 0.011640 -0.005400
v -0.047877 0.010593 -0.005400
v -0.047564 0.010462 -0.005400
v -0.046999 0.011282 -0.005400
v -0.048287 0.014568 -0.005400
v -0.048536 0.014338 -0.005400
v -0.047946 0.013596 -0.005400
v -0.048749 0.014075 -0.005400
v -0.048923 0.013785 -0.005400
v -0.044554 0.011953 -0.005400
v -0.044469 0.012281 -0.005400
v -0.044431 0.012617 -0.005400
v -0.044442 0.012956 -0.005400
v -0.044501 0.013290 -0.005400
v -0.044606 0.013612 -0.005400
v -0.047236 0.010377 -0.005400
v -0.046899 0.010339 -0.005400
v -0.046561 0.010350 -0.005400
v -0.048852 0.011509 -0.005400
v -0.048660 0.011230 -0.005400
v -0.048140 0.012166 -0.005400
v -0.048430 0.010981 -0.005400
v -0.048167 0.010767 -0.005400
v -0.046227 0.010409 -0.005400
v -0.045905 0.010514 -0.005400
v -0.045601 0.010665 -0.005400
v -0.049055 0.013472 -0.005400
v -0.049140 0.013144 -0.005400
v -0.049177 0.012807 -0.005400
v -0.049167 0.012469 -0.005400
v -0.049108 0.012135 -0.005400
v -0.049002 0.011813 -0.005400
v -0.046373 0.015048 -0.005400
v -0.046709 0.015086 -0.005400
v -0.047048 0.015075 -0.005400
v -0.047382 0.015016 -0.005400
v -0.047704 0.014911 -0.005400
v -0.048007 0.014760 -0.005400
v -0.047384 0.011329 -0.008400
v -0.048382 0.010460 -0.008400
v -0.047870 0.011656 -0.008400
v -0.048953 0.010996 -0.008400
v -0.048193 0.012144 -0.008400
v -0.049349 0.011671 -0.008400
v -0.048304 0.012719 -0.008400
v -0.045748 0.011647 -0.008400
v -0.045411 0.010341 -0.008400
v -0.046236 0.011324 -0.008400
v -0.046136 0.010045 -0.008400
v -0.046811 0.011212 -0.008400
v -0.046914 0.009965 -0.008400
v -0.047684 0.010107 -0.008400
v -0.047860 0.013778 -0.008400
v -0.048197 0.015084 -0.008400
v -0.047372 0.014101 -0.008400
v -0.047473 0.015380 -0.008400
v -0.046798 0.014212 -0.008400
v -0.046694 0.015460 -0.008400
v -0.046224 0.014096 -0.008400
v -0.045304 0.012706 -0.008400
v -0.044100 0.012212 -0.008400
v -0.045421 0.012132 -0.008400
v -0.044351 0.011471 -0.008400
v -0.044800 0.010830 -0.008400
v -0.045925 0.015318 -0.008400
v -0.045226 0.014965 -0.008400
v -0.045739 0.013769 -0.008400
v -0.044656 0.014429 -0.008400
v -0.045416 0.013280 -0.008400
v -0.044259 0.013754 -0.008400
v -0.044069 0.012995 -0.008400
v -0.049540 0.012430 -0.008400
v -0.049508 0.013212 -0.008400
v -0.048188 0.013292 -0.008400
v -0.049258 0.013954 -0.008400
v -0.048809 0.014595 -0.008400
v -0.049472 0.012044 -0.005775
v -0.049540 0.012430 -0.005775
v -0.049552 0.012822 -0.005775
v -0.049508 0.013212 -0.005775
v -0.049410 0.013592 -0.005775
v -0.049258 0.013954 -0.005775
v -0.049056 0.014291 -0.005775
v -0.048809 0.014595 -0.005775
v -0.048521 0.014861 -0.005775
v -0.048197 0.015084 -0.005775
v -0.047846 0.015258 -0.005775
v -0.047473 0.015380 -0.005775
v -0.047086 0.015448 -0.005775
v -0.046694 0.015460 -0.005775
v -0.046304 0.015417 -0.005775
v -0.045925 0.015318 -0.005775
v -0.045563 0.015166 -0.005775
v -0.045226 0.014965 -0.005775
v -0.044922 0.014717 -0.005775
v -0.044656 0.014429 -0.005775
v -0.044433 0.014105 -0.005775
v -0.044259 0.013754 -0.005775
v -0.044137 0.013381 -0.005775
v -0.044069 0.012995 -0.005775
v -0.044057 0.012602 -0.005775
v -0.044100 0.012212 -0.005775
v -0.044199 0.011833 -0.005775
v -0.044351 0.011471 -0.005775
v -0.044552 0.011134 -0.005775
v -0.044800 0.010830 -0.005775
v -0.045088 0.010564 -0.005775
v -0.045411 0.010341 -0.005775
v -0.045763 0.010167 -0.005775
v -0.046136 0.010045 -0.005775
v -0.046522 0.009977 -0.005775
v -0.046914 0.009965 -0.005775
v -0.047304 0.010008 -0.005775
v -0.047684 0.010107 -0.005775
v -0.048046 0.010259 -0.005775
v -0.048382 0.010460 -0.005775
v -0.048687 0.010708 -0.005775
v -0.048953 0.010996 -0.005775
v -0.049175 0.011319 -0.005775
v -0.049349 0.011671 -0.005775
v -0.047870 0.011656 -0.028300
v -0.047384 0.011329 -0.028300
v -0.046811 0.011212 -0.028300
v -0.046236 0.011324 -0.028300
v -0.045748 0.011647 -0.028300
v -0.045421 0.012132 -0.028300
v -0.045304 0.012706 -0.028300
v -0.045416 0.013280 -0.028300
v -0.045739 0.013769 -0.028300
v -0.046224 0.014096 -0.028300
v -0.046798 0.014212 -0.028300
v -0.047372 0.014101 -0.028300
v -0.047860 0.013778 -0.028300
v -0.048188 0.013292 -0.028300
v -0.048304 0.012719 -0.028300
v -0.048193 0.012144 -0.028300
v -0.045509 0.013243 -0.028400
v -0.045404 0.012706 -0.028400
v -0.046804 0.012712 -0.028400
v -0.046798 0.014112 -0.028400
v -0.046263 0.014004 -0.028400
v -0.045810 0.013698 -0.028400
v -0.048095 0.013254 -0.028400
v -0.047790 0.013707 -0.028400
v -0.047334 0.014008 -0.028400
v -0.047799 0.011727 -0.028400
v -0.048100 0.012182 -0.028400
v -0.048204 0.012718 -0.028400
v -0.046274 0.011417 -0.028400
v -0.046810 0.011312 -0.028400
v -0.047346 0.011421 -0.028400
v -0.045513 0.012171 -0.028400
v -0.045819 0.011718 -0.028400
v -0.046804 0.012712 -0.007422
v -0.044186 0.013369 -0.005588
v -0.044119 0.012989 -0.005588
v -0.044107 0.012604 -0.005588
v -0.044150 0.012222 -0.005588
v -0.044246 0.011849 -0.005588
v -0.044395 0.011494 -0.005588
v -0.044593 0.011163 -0.005588
v -0.044836 0.010864 -0.005588
v -0.045119 0.010603 -0.005588
v -0.045437 0.010385 -0.005588
v -0.045782 0.010214 -0.005588
v -0.046148 0.010094 -0.005588
v -0.046527 0.010027 -0.005588
v -0.046912 0.010015 -0.005588
v -0.047295 0.010058 -0.005588
v -0.047668 0.010155 -0.005588
v -0.048023 0.010303 -0.005588
v -0.048354 0.010501 -0.005588
v -0.048652 0.010744 -0.005588
v -0.048914 0.011028 -0.005588
v -0.049132 0.011345 -0.005588
v -0.049303 0.011690 -0.005588
v -0.049423 0.012056 -0.005588
v -0.049490 0.012435 -0.005588
v -0.049502 0.012820 -0.005588
v -0.049459 0.013203 -0.005588
v -0.049362 0.013576 -0.005588
v -0.049213 0.013931 -0.005588
v -0.049015 0.014262 -0.005588
v -0.048772 0.014561 -0.005588
v -0.048489 0.014822 -0.005588
v -0.048172 0.015040 -0.005588
v -0.047827 0.015211 -0.005588
v -0.047461 0.015331 -0.005588
v -0.047081 0.015398 -0.005588
v -0.046696 0.015410 -0.005588
v -0.046314 0.015367 -0.005588
v -0.045941 0.015270 -0.005588
v -0.045585 0.015121 -0.005588
v -0.045255 0.014923 -0.005588
v -0.044956 0.014680 -0.005588
v -0.044695 0.014397 -0.005588
v -0.044477 0.014080 -0.005588
v -0.044306 0.013735 -0.005588
v -0.044319 0.013335 -0.005450
v -0.044255 0.012975 -0.005450
v -0.044244 0.012610 -0.005450
v -0.044285 0.012247 -0.005450
v -0.044376 0.011893 -0.005450
v -0.044518 0.011556 -0.005450
v -0.044706 0.011242 -0.005450
v -0.044936 0.010958 -0.005450
v -0.045205 0.010710 -0.005450
v -0.045506 0.010503 -0.005450
v -0.045834 0.010341 -0.005450
v -0.046181 0.010227 -0.005450
v -0.046541 0.010163 -0.005450
v -0.046907 0.010152 -0.005450
v -0.047270 0.010193 -0.005450
v -0.047624 0.010285 -0.005450
v -0.047961 0.010426 -0.005450
v -0.048275 0.010614 -0.005450
v -0.048559 0.010845 -0.005450
v -0.048806 0.011113 -0.005450
v -0.049014 0.011414 -0.005450
v -0.049176 0.011742 -0.005450
v -0.049290 0.012089 -0.005450
v -0.049353 0.012450 -0.005450
v -0.049365 0.012815 -0.005450
v -0.049324 0.013178 -0.005450
v -0.049232 0.013532 -0.005450
v -0.049091 0.013869 -0.005450
v -0.048903 0.014183 -0.005450
v -0.048672 0.014467 -0.005450
v -0.048404 0.014715 -0.005450
v -0.048102 0.014922 -0.005450
v -0.047775 0.015084 -0.005450
v -0.047427 0.015198 -0.005450
v -0.047067 0.015261 -0.005450
v -0.046702 0.015273 -0.005450
v -0.046338 0.015232 -0.005450
v -0.045985 0.015140 -0.005450
v -0.045647 0.014999 -0.005450
v -0.045334 0.014811 -0.005450
v -0.045050 0.014580 -0.005450
v -0.044802 0.014312 -0.005450
v -0.044595 0.014010 -0.005450
v -0.044433 0.013683 -0.005450
v -0.033294 0.035553 -0.006700
v -0.034009 0.035650 -0.006700
v -0.033880 0.035626 -0.006700
v -0.033412 0.035400 -0.006700
v -0.033076 0.035003 -0.006700
v -0.033021 0.034885 -0.006700
v -0.035166 0.035177 -0.006700
v -0.034881 0.035445 -0.006700
v -0.034724 0.035747 -0.006700
v -0.034400 0.035641 -0.006700
v -0.035608 0.034606 -0.006700
v -0.035334 0.033938 -0.006700
v -0.035378 0.034062 -0.006700
v -0.035416 0.034580 -0.006700
v -0.035240 0.035069 -0.006700
v -0.034346 0.033173 -0.006700
v -0.034721 0.033286 -0.006700
v -0.035061 0.033270 -0.006700
v -0.035132 0.033604 -0.006700
v -0.033631 0.033076 -0.006700
v -0.033189 0.033646 -0.006700
v -0.033275 0.033547 -0.006700
v -0.033704 0.033255 -0.006700
v -0.034216 0.033162 -0.006700
v -0.032931 0.034504 -0.006700
v -0.032747 0.034217 -0.006700
v -0.033001 0.033989 -0.006700
v -0.036461 0.035063 -0.005400
v -0.036531 0.034732 -0.005400
v -0.035608 0.034606 -0.005400
v -0.036552 0.034393 -0.005400
v -0.036526 0.034056 -0.005400
v -0.036166 0.033112 -0.005400
v -0.035061 0.033270 -0.005400
v -0.036330 0.033408 -0.005400
v -0.036451 0.033725 -0.005400
v -0.032394 0.035980 -0.005400
v -0.032636 0.036218 -0.005400
v -0.033294 0.035553 -0.005400
v -0.032909 0.036419 -0.005400
v -0.035961 0.032843 -0.005400
v -0.035719 0.032605 -0.005400
v -0.035446 0.032404 -0.005400
v -0.033631 0.033076 -0.005400
v -0.033175 0.032259 -0.005400
v -0.032878 0.032423 -0.005400
v -0.032010 0.033441 -0.005400
v -0.031894 0.033760 -0.005400
v -0.032747 0.034217 -0.005400
v -0.035180 0.036564 -0.005400
v -0.035477 0.036400 -0.005400
v -0.034724 0.035747 -0.005400
v -0.035746 0.036195 -0.005400
v -0.031824 0.034091 -0.005400
v -0.031803 0.034429 -0.005400
v -0.031829 0.034767 -0.005400
v -0.035984 0.035953 -0.005400
v -0.036185 0.035680 -0.005400
v -0.036345 0.035382 -0.005400
v -0.033207 0.036579 -0.005400
v -0.033526 0.036695 -0.005400
v -0.033857 0.036765 -0.005400
v -0.034196 0.036786 -0.005400
v -0.031904 0.035098 -0.005400
v -0.032025 0.035414 -0.005400
v -0.032189 0.035711 -0.005400
v -0.035148 0.032244 -0.005400
v -0.034829 0.032128 -0.005400
v -0.034498 0.032058 -0.005400
v -0.034159 0.032037 -0.005400
v -0.034533 0.036760 -0.005400
v -0.034864 0.036685 -0.005400
v -0.032609 0.032628 -0.005400
v -0.032371 0.032870 -0.005400
v -0.032170 0.033143 -0.005400
v -0.033822 0.032063 -0.005400
v -0.033491 0.032138 -0.005400
v -0.032984 0.035319 -0.008400
v -0.031685 0.035573 -0.008400
v -0.032727 0.034793 -0.008400
v -0.031459 0.034823 -0.008400
v -0.032691 0.034209 -0.008400
v -0.031453 0.034041 -0.008400
v -0.032882 0.033656 -0.008400
v -0.033975 0.035898 -0.008400
v -0.033423 0.037056 -0.008400
v -0.033422 0.035707 -0.008400
v -0.032708 0.036736 -0.008400
v -0.032113 0.036228 -0.008400
v -0.035473 0.035167 -0.008400
v -0.036269 0.036196 -0.008400
v -0.035086 0.035605 -0.008400
v -0.035682 0.036714 -0.008400
v -0.034559 0.035862 -0.008400
v -0.034972 0.037044 -0.008400
v -0.034198 0.037161 -0.008400
v -0.035371 0.033503 -0.008400
v -0.036670 0.033250 -0.008400
v -0.035628 0.034029 -0.008400
v -0.036896 0.033999 -0.008400
v -0.035664 0.034614 -0.008400
v -0.036902 0.034782 -0.008400
v -0.036688 0.035535 -0.008400
v -0.034380 0.032925 -0.008400
v -0.034932 0.031767 -0.008400
v -0.034933 0.033116 -0.008400
v -0.035647 0.032087 -0.008400
v -0.036242 0.032595 -0.008400
v -0.031667 0.033288 -0.008400
v -0.032086 0.032626 -0.008400
v -0.033270 0.033217 -0.008400
v -0.032673 0.032109 -0.008400
v -0.033796 0.032961 -0.008400
v -0.033383 0.031779 -0.008400
v -0.034157 0.031662 -0.008400
v -0.036822 0.035166 -0.005775
v -0.036688 0.035535 -0.005775
v -0.036502 0.035881 -0.005775
v -0.036269 0.036196 -0.005775
v -0.035994 0.036476 -0.005775
v -0.035682 0.036714 -0.005775
v -0.035339 0.036904 -0.005775
v -0.034972 0.037044 -0.005775
v -0.034590 0.037130 -0.005775
v -0.034198 0.037161 -0.005775
v -0.033807 0.037136 -0.005775
v -0.033423 0.037056 -0.005775
v -0.033054 0.036922 -0.005775
v -0.032708 0.036736 -0.005775
v -0.032392 0.036503 -0.005775
v -0.032113 0.036228 -0.005775
v -0.031875 0.035916 -0.005775
v -0.031685 0.035573 -0.005775
v -0.031545 0.035206 -0.005775
v -0.031459 0.034823 -0.005775
v -0.031428 0.034432 -0.005775
v -0.031453 0.034041 -0.005775
v -0.031533 0.033657 -0.005775
v -0.031667 0.033288 -0.005775
v -0.031853 0.032942 -0.005775
v -0.032086 0.032626 -0.005775
v -0.032361 0.032347 -0.005775
v -0.032673 0.032109 -0.005775
v -0.033016 0.031919 -0.005775
v -0.033383 0.031779 -0.005775
v -0.033766 0.031692 -0.005775
v -0.034157 0.031662 -0.005775
v -0.034548 0.031687 -0.005775
v -0.034932 0.031767 -0.005775
v -0.035301 0.031901 -0.005775
v -0.035647 0.032087 -0.005775
v -0.035963 0.032320 -0.005775
v -0.036242 0.032595 -0.005775
v -0.036480 0.032907 -0.005775
v -0.036670 0.033250 -0.005775
v -0.036810 0.033617 -0.005775
v -0.036896 0.033999 -0.005775
v -0.036927 0.034391 -0.005775
v -0.036902 0.034782 -0.005775
v -0.035628 0.034029 -0.028300
v -0.035371 0.033503 -0.028300
v -0.034933 0.033116 -0.028300
v -0.034380 0.032925 -0.028300
v -0.033796 0.032961 -0.028300
v -0.033270 0.033217 -0.028300
v -0.032882 0.033656 -0.028300
v -0.032691 0.034209 -0.028300
v -0.032727 0.034793 -0.028300
v -0.032984 0.035319 -0.028300
v -0.033422 0.035707 -0.028300
v -0.033975 0.035898 -0.028300
v -0.034559 0.035862 -0.028300
v -0.035086 0.035605 -0.028300
v -0.035473 0.035167 -0.028300
v -0.035664 0.034614 -0.028300
v -0.032790 0.034223 -0.028400
v -0.032968 0.033706 -0.028400
v -0.034178 0.034411 -0.028400
v -0.033472 0.035621 -0.028400
v -0.033063 0.035259 -0.028400
v -0.032824 0.034768 -0.028400
v -0.035025 0.035526 -0.028400
v -0.034534 0.035765 -0.028400
v -0.033989 0.035799 -0.028400
v -0.035531 0.034055 -0.028400
v -0.035565 0.034600 -0.028400
v -0.035387 0.035117 -0.028400
v -0.034366 0.033024 -0.028400
v -0.034883 0.033202 -0.028400
v -0.035292 0.033564 -0.028400
v -0.033330 0.033297 -0.028400
v -0.033821 0.033058 -0.028400
v -0.034178 0.034411 -0.007422
v -0.031581 0.033671 -0.005588
v -0.031713 0.033309 -0.005588
v -0.031895 0.032969 -0.005588
v -0.032124 0.032659 -0.005588
v -0.032394 0.032385 -0.005588
v -0.032701 0.032151 -0.005588
v -0.033037 0.031964 -0.005588
v -0.033397 0.031827 -0.005588
v -0.033773 0.031742 -0.005588
v -0.034157 0.031712 -0.005588
v -0.034541 0.031736 -0.005588
v -0.034918 0.031815 -0.005588
v -0.035280 0.031947 -0.005588
v -0.035620 0.032129 -0.005588
v -0.035930 0.032358 -0.005588
v -0.036204 0.032628 -0.005588
v -0.036438 0.032935 -0.005588
v -0.036625 0.033271 -0.005588
v -0.036762 0.033631 -0.005588
v -0.036847 0.034007 -0.005588
v -0.036877 0.034391 -0.005588
v -0.036853 0.034775 -0.005588
v -0.036774 0.035152 -0.005588
v -0.036642 0.035514 -0.005588
v -0.036460 0.035854 -0.005588
v -0.036231 0.036164 -0.005588
v -0.035961 0.036438 -0.005588
v -0.035654 0.036671 -0.005588
v -0.035318 0.036859 -0.005588
v -0.034958 0.036996 -0.005588
v -0.034582 0.037081 -0.005588
v -0.034198 0.037111 -0.005588
v -0.033814 0.037087 -0.005588
v -0.033437 0.037008 -0.005588
v -0.033075 0.036876 -0.005588
v -0.032735 0.036694 -0.005588
v -0.032425 0.036465 -0.005588
v -0.032151 0.036195 -0.005588
v -0.031917 0.035888 -0.005588
v -0.031730 0.035552 -0.005588
v -0.031593 0.035192 -0.005588
v -0.031508 0.034816 -0.005588
v -0.031478 0.034432 -0.005588
v -0.031502 0.034048 -0.005588
v -0.031713 0.033708 -0.005450
v -0.031839 0.033365 -0.005450
v -0.032011 0.033042 -0.005450
v -0.032228 0.032748 -0.005450
v -0.032485 0.032488 -0.005450
v -0.032776 0.032266 -0.005450
v -0.033095 0.032089 -0.005450
v -0.033437 0.031958 -0.005450
v -0.033794 0.031878 -0.005450
v -0.034158 0.031849 -0.005450
v -0.034523 0.031872 -0.005450
v -0.034881 0.031947 -0.005450
v -0.035224 0.032073 -0.005450
v -0.035547 0.032245 -0.005450
v -0.035841 0.032462 -0.005450
v -0.036101 0.032719 -0.005450
v -0.036323 0.033010 -0.005450
v -0.036500 0.033329 -0.005450
v -0.036631 0.033671 -0.005450
v -0.036711 0.034028 -0.005450
v -0.036740 0.034392 -0.005450
v -0.036717 0.034757 -0.005450
v -0.036642 0.035115 -0.005450
v -0.036516 0.035458 -0.005450
v -0.036344 0.035780 -0.005450
v -0.036127 0.036075 -0.005450
v -0.035870 0.036335 -0.005450
v -0.035579 0.036557 -0.005450
v -0.035260 0.036734 -0.005450
v -0.034918 0.036865 -0.005450
v -0.034561 0.036945 -0.005450
v -0.034197 0.036974 -0.005450
v -0.033832 0.036951 -0.005450
v -0.033474 0.036876 -0.005450
v -0.033131 0.036750 -0.005450
v -0.032809 0.036578 -0.005450
v -0.032514 0.036361 -0.005450
v -0.032254 0.036104 -0.005450
v -0.032032 0.035813 -0.005450
v -0.031855 0.035494 -0.005450
v -0.031724 0.035152 -0.005450
v -0.031644 0.034795 -0.005450
v -0.031615 0.034431 -0.005450
v -0.031638 0.034066 -0.005450
v -0.011057 0.047437 -0.006700
v -0.011628 0.047878 -0.006700
v -0.011529 0.047793 -0.006700
v -0.011236 0.047363 -0.006700
v -0.011143 0.046852 -0.006700
v -0.011154 0.046721 -0.006700
v -0.012866 0.048047 -0.006700
v -0.012486 0.048136 -0.006700
v -0.012198 0.048320 -0.006700
v -0.011971 0.048066 -0.006700
v -0.013534 0.047774 -0.006700
v -0.013631 0.047058 -0.006700
v -0.013607 0.047187 -0.006700
v -0.013381 0.047655 -0.006700
v -0.012985 0.047991 -0.006700
v -0.013158 0.045902 -0.006700
v -0.013426 0.046186 -0.006700
v -0.013729 0.046343 -0.006700
v -0.013623 0.046667 -0.006700
v -0.012587 0.045460 -0.006700
v -0.011919 0.045733 -0.006700
v -0.012043 0.045690 -0.006700
v -0.012561 0.045651 -0.006700
v -0.013051 0.045827 -0.006700
v -0.011267 0.046347 -0.006700
v -0.011252 0.046006 -0.006700
v -0.011585 0.045936 -0.006700
v -0.014692 0.046295 -0.005400
v -0.014525 0.045844 -0.005400
v -0.013729 0.046343 -0.005400
v -0.013534 0.047774 -0.005400
v -0.014114 0.048526 -0.005400
v -0.014408 0.048146 -0.005400
v -0.013749 0.048839 -0.005400
v -0.011057 0.047437 -0.005400
v -0.010166 0.047715 -0.005400
v -0.010377 0.048146 -0.005400
v -0.013104 0.044624 -0.005400
v -0.012633 0.044527 -0.005400
v -0.012587 0.045460 -0.005400
v -0.012153 0.044527 -0.005400
v -0.014620 0.047715 -0.005400
v -0.014740 0.047250 -0.005400
v -0.014765 0.046770 -0.005400
v -0.010671 0.048526 -0.005400
v -0.011036 0.048839 -0.005400
v -0.012198 0.048320 -0.005400
v -0.011456 0.049072 -0.005400
v -0.011915 0.049216 -0.005400
v -0.011252 0.046006 -0.005400
v -0.010515 0.045436 -0.005400
v -0.010261 0.045844 -0.005400
v -0.010094 0.046294 -0.005400
v -0.010021 0.046769 -0.005400
v -0.010045 0.047249 -0.005400
v -0.012393 0.049265 -0.005400
v -0.012871 0.049216 -0.005400
v -0.013329 0.049073 -0.005400
v -0.014271 0.045436 -0.005400
v -0.013940 0.045088 -0.005400
v -0.013546 0.044813 -0.005400
v -0.011682 0.044624 -0.005400
v -0.011240 0.044813 -0.005400
v -0.010846 0.045088 -0.005400
v -0.011998 0.048337 -0.008400
v -0.011036 0.049282 -0.008400
v -0.011475 0.048076 -0.008400
v -0.010417 0.048803 -0.008400
v -0.011091 0.047634 -0.008400
v -0.009958 0.048169 -0.008400
v -0.010905 0.047079 -0.008400
v -0.009697 0.047431 -0.008400
v -0.009653 0.046649 -0.008400
v -0.010946 0.046495 -0.008400
v -0.009832 0.045887 -0.008400
v -0.011207 0.045972 -0.008400
v -0.010218 0.045206 -0.008400
v -0.011648 0.045588 -0.008400
v -0.013881 0.046701 -0.008400
v -0.015132 0.047131 -0.008400
v -0.013840 0.047284 -0.008400
v -0.014954 0.047893 -0.008400
v -0.013579 0.047808 -0.008400
v -0.014567 0.048573 -0.008400
v -0.013137 0.048192 -0.008400
v -0.014005 0.049118 -0.008400
v -0.013312 0.049482 -0.008400
v -0.012582 0.048378 -0.008400
v -0.012545 0.049636 -0.008400
v -0.011765 0.049567 -0.008400
v -0.012787 0.045443 -0.008400
v -0.013750 0.044498 -0.008400
v -0.013311 0.045704 -0.008400
v -0.014369 0.044977 -0.008400
v -0.013695 0.046146 -0.008400
v -0.014828 0.045611 -0.008400
v -0.015089 0.046349 -0.008400
v -0.010781 0.044662 -0.008400
v -0.011474 0.044298 -0.008400
v -0.012203 0.045402 -0.008400
v -0.012241 0.044144 -0.008400
v -0.013021 0.044213 -0.008400
v -0.014005 0.049118 -0.005775
v -0.014386 0.048785 -0.005775
v -0.013964 0.049147 -0.005775
v -0.013477 0.049417 -0.005775
v -0.012545 0.049636 -0.005775
v -0.012946 0.049584 -0.005775
v -0.013312 0.049482 -0.005775
v -0.012393 0.049640 -0.005775
v -0.011839 0.049584 -0.005775
v -0.011765 0.049567 -0.005775
v -0.011308 0.049417 -0.005775
v -0.010417 0.048803 -0.005775
v -0.010822 0.049147 -0.005775
v -0.011036 0.049282 -0.005775
v -0.010400 0.048784 -0.005775
v -0.010059 0.048344 -0.005775
v -0.009697 0.047431 -0.005775
v -0.009814 0.047845 -0.005775
v -0.009958 0.048169 -0.005775
v -0.009675 0.047306 -0.005775
v -0.009646 0.046750 -0.005775
v -0.009653 0.046649 -0.005775
v -0.009731 0.046200 -0.005775
v -0.009832 0.045887 -0.005775
v -0.009924 0.045679 -0.005775
v -0.010218 0.045206 -0.005775
v -0.010602 0.044803 -0.005775
v -0.011474 0.044298 -0.005775
v -0.011059 0.044485 -0.005775
v -0.010781 0.044662 -0.005775
v -0.011570 0.044266 -0.005775
v -0.012115 0.044154 -0.005775
v -0.013021 0.044213 -0.005775
v -0.012671 0.044154 -0.005775
v -0.012241 0.044144 -0.005775
v -0.013216 0.044266 -0.005775
v -0.013728 0.044486 -0.005775
v -0.013750 0.044498 -0.005775
v -0.014184 0.044804 -0.005775
v -0.014828 0.045611 -0.005775
v -0.014568 0.045207 -0.005775
v -0.014369 0.044977 -0.005775
v -0.014862 0.045679 -0.005775
v -0.015055 0.046201 -0.005775
v -0.015132 0.047131 -0.005775
v -0.015139 0.046751 -0.005775
v -0.015089 0.046349 -0.005775
v -0.015111 0.047307 -0.005775
v -0.014972 0.047845 -0.005775
v -0.014954 0.047893 -0.005775
v -0.014727 0.048345 -0.005775
v -0.014567 0.048573 -0.005775
v -0.013840 0.047284 -0.028300
v -0.013881 0.046701 -0.028300
v -0.013695 0.046146 -0.028300
v -0.013311 0.045704 -0.028300
v -0.012787 0.045443 -0.028300
v -0.012203 0.045402 -0.028300
v -0.011648 0.045588 -0.028300
v -0.011207 0.045972 -0.028300
v -0.010946 0.046495 -0.028300
v -0.010905 0.047079 -0.028300
v -0.011091 0.047634 -0.028300
v -0.011475 0.048076 -0.028300
v -0.011998 0.048337 -0.028300
v -0.012582 0.048378 -0.028300
v -0.013137 0.048192 -0.028300
v -0.013579 0.047808 -0.028300
v -0.011286 0.046033 -0.028400
v -0.011698 0.045675 -0.028400
v -0.012393 0.046890 -0.028400
v -0.011177 0.047585 -0.028400
v -0.011004 0.047067 -0.028400
v -0.011042 0.046522 -0.028400
v -0.012570 0.048279 -0.028400
v -0.012025 0.048241 -0.028400
v -0.011536 0.047997 -0.028400
v -0.013744 0.047258 -0.028400
v -0.013500 0.047747 -0.028400
v -0.013088 0.048105 -0.028400
v -0.013250 0.045783 -0.028400
v -0.013608 0.046195 -0.028400
v -0.013782 0.046713 -0.028400
v -0.012216 0.045501 -0.028400
v -0.012761 0.045539 -0.028400
v -0.012393 0.046890 -0.007422
v -0.010083 0.048329 -0.005631
v -0.009841 0.047835 -0.005631
v -0.009703 0.047302 -0.005631
v -0.009675 0.046752 -0.005631
v -0.010420 0.048765 -0.005631
v -0.010838 0.049123 -0.005631
v -0.011319 0.049391 -0.005631
v -0.011845 0.049556 -0.005631
v -0.012393 0.049611 -0.005631
v -0.012940 0.049556 -0.005631
v -0.013466 0.049391 -0.005631
v -0.013947 0.049124 -0.005631
v -0.014365 0.048765 -0.005631
v -0.014702 0.048330 -0.005631
v -0.014945 0.047835 -0.005631
v -0.015083 0.047302 -0.005631
v -0.015111 0.046752 -0.005631
v -0.015028 0.046208 -0.005631
v -0.014836 0.045692 -0.005631
v -0.014545 0.045224 -0.005631
v -0.014166 0.044825 -0.005631
v -0.013714 0.044511 -0.005631
v -0.013208 0.044293 -0.005631
v -0.012668 0.044182 -0.005631
v -0.012118 0.044182 -0.005631
v -0.011578 0.044293 -0.005631
v -0.011072 0.044510 -0.005631
v -0.010620 0.044825 -0.005631
v -0.010241 0.045224 -0.005631
v -0.009950 0.045691 -0.005631
v -0.009758 0.046208 -0.005631
v -0.010673 0.044887 -0.005510
v -0.011112 0.044581 -0.005510
v -0.011603 0.044371 -0.005510
v -0.012126 0.044263 -0.005510
v -0.012660 0.044263 -0.005510
v -0.013183 0.044371 -0.005510
v -0.013674 0.044582 -0.005510
v -0.014113 0.044887 -0.005510
v -0.014481 0.045274 -0.005510
v -0.014763 0.045727 -0.005510
v -0.014949 0.046228 -0.005510
v -0.015030 0.046756 -0.005510
v -0.015003 0.047290 -0.005510
v -0.014869 0.047807 -0.005510
v -0.014633 0.048287 -0.005510
v -0.014306 0.048709 -0.005510
v -0.013901 0.049057 -0.005510
v -0.013434 0.049316 -0.005510
v -0.012924 0.049476 -0.005510
v -0.012393 0.049530 -0.005510
v -0.011861 0.049476 -0.005510
v -0.011351 0.049316 -0.005510
v -0.010884 0.049057 -0.005510
v -0.010479 0.048709 -0.005510
v -0.010152 0.048286 -0.005510
v -0.009917 0.047807 -0.005510
v -0.009783 0.047290 -0.005510
v -0.009756 0.046756 -0.005510
v -0.009837 0.046228 -0.005510
v -0.010023 0.045727 -0.005510
v -0.010305 0.045274 -0.005510
v -0.010753 0.044979 -0.005429
v -0.011171 0.044688 -0.005429
v -0.011639 0.044487 -0.005429
v -0.012138 0.044384 -0.005429
v -0.012648 0.044384 -0.005429
v -0.013147 0.044487 -0.005429
v -0.013615 0.044688 -0.005429
v -0.014034 0.044979 -0.005429
v -0.014385 0.045349 -0.005429
v -0.014654 0.045781 -0.005429
v -0.014831 0.046259 -0.005429
v -0.014908 0.046763 -0.005429
v -0.014882 0.047272 -0.005429
v -0.014755 0.047765 -0.005429
v -0.014530 0.048222 -0.005429
v -0.014218 0.048625 -0.005429
v -0.013831 0.048957 -0.005429
v -0.013386 0.049204 -0.005429
v -0.012900 0.049357 -0.005429
v -0.012393 0.049408 -0.005429
v -0.011886 0.049357 -0.005429
v -0.011399 0.049204 -0.005429
v -0.010954 0.048957 -0.005429
v -0.010567 0.048625 -0.005429
v -0.010255 0.048222 -0.005429
v -0.010031 0.047764 -0.005429
v -0.009903 0.047271 -0.005429
v -0.009878 0.046762 -0.005429
v -0.009955 0.046258 -0.005429
v -0.010132 0.045781 -0.005429
v -0.010401 0.045348 -0.005429
v 0.014143 0.046610 -0.006700
v 0.013869 0.047278 -0.006700
v 0.013912 0.047154 -0.006700
v 0.013951 0.046636 -0.006700
v 0.013775 0.046147 -0.006700
v 0.013701 0.046039 -0.006700
v 0.012881 0.048043 -0.006700
v 0.013255 0.047930 -0.006700
v 0.013596 0.047946 -0.006700
v 0.013666 0.047612 -0.006700
v 0.012166 0.048140 -0.006700
v 0.011724 0.047570 -0.006700
v 0.011809 0.047669 -0.006700
v 0.012239 0.047961 -0.006700
v 0.012751 0.048054 -0.006700
v 0.011556 0.046331 -0.006700
v 0.011466 0.046712 -0.006700
v 0.011282 0.046999 -0.006700
v 0.011536 0.047227 -0.006700
v 0.011829 0.045663 -0.006700
v 0.012544 0.045566 -0.006700
v 0.012415 0.045590 -0.006700
v 0.011947 0.045816 -0.006700
v 0.011611 0.046213 -0.006700
v 0.013416 0.045771 -0.006700
v 0.013259 0.045468 -0.006700
v 0.012935 0.045574 -0.006700
v 0.010665 0.045601 -0.005400
v 0.010857 0.045322 -0.005400
v 0.011829 0.045663 -0.005400
v 0.014963 0.046045 -0.005400
v 0.015048 0.046373 -0.005400
v 0.014143 0.046610 -0.005400
v 0.014338 0.048536 -0.005400
v 0.014075 0.048749 -0.005400
v 0.013596 0.047946 -0.005400
v 0.013785 0.048923 -0.005400
v 0.012469 0.049167 -0.005400
v 0.012135 0.049108 -0.005400
v 0.012166 0.048140 -0.005400
v 0.011813 0.049002 -0.005400
v 0.011509 0.048852 -0.005400
v 0.010593 0.047877 -0.005400
v 0.010462 0.047564 -0.005400
v 0.011282 0.046999 -0.005400
v 0.010377 0.047236 -0.005400
v 0.010339 0.046899 -0.005400
v 0.012956 0.044442 -0.005400
v 0.013290 0.044501 -0.005400
v 0.013259 0.045468 -0.005400
v 0.013612 0.044606 -0.005400
v 0.013916 0.044757 -0.005400
v 0.014832 0.045732 -0.005400
v 0.010350 0.046561 -0.005400
v 0.010409 0.046227 -0.005400
v 0.010514 0.045905 -0.005400
v 0.011230 0.048660 -0.005400
v 0.010981 0.048430 -0.005400
v 0.010767 0.048167 -0.005400
v 0.013472 0.049055 -0.005400
v 0.013144 0.049140 -0.005400
v 0.012807 0.049177 -0.005400
v 0.015086 0.046709 -0.005400
v 0.015075 0.047048 -0.005400
v 0.015016 0.047382 -0.005400
v 0.014911 0.047704 -0.005400
v 0.014760 0.048007 -0.005400
v 0.014568 0.048287 -0.005400
v 0.011087 0.045073 -0.005400
v 0.011350 0.044859 -0.005400
v 0.011640 0.044685 -0.005400
v 0.014195 0.044949 -0.005400
v 0.014444 0.045178 -0.005400
v 0.014657 0.045441 -0.005400
v 0.011953 0.044554 -0.005400
v 0.012281 0.044469 -0.005400
v 0.012617 0.044431 -0.005400
v 0.014101 0.047372 -0.008400
v 0.015380 0.047473 -0.008400
v 0.014212 0.046798 -0.008400
v 0.015460 0.046694 -0.008400
v 0.014096 0.046224 -0.008400
v 0.015318 0.045925 -0.008400
v 0.014965 0.045226 -0.008400
v 0.013769 0.045739 -0.008400
v 0.014429 0.044656 -0.008400
v 0.013280 0.045416 -0.008400
v 0.013754 0.044259 -0.008400
v 0.012706 0.045304 -0.008400
v 0.011329 0.047384 -0.008400
v 0.010460 0.048382 -0.008400
v 0.011656 0.047870 -0.008400
v 0.010996 0.048953 -0.008400
v 0.012144 0.048193 -0.008400
v 0.011671 0.049349 -0.008400
v 0.012719 0.048304 -0.008400
v 0.012430 0.049540 -0.008400
v 0.013212 0.049508 -0.008400
v 0.013292 0.048188 -0.008400
v 0.013954 0.049258 -0.008400
v 0.013778 0.047860 -0.008400
v 0.014595 0.048809 -0.008400
v 0.015084 0.048197 -0.008400
v 0.011324 0.046236 -0.008400
v 0.010045 0.046136 -0.008400
v 0.011212 0.046811 -0.008400
v 0.009965 0.046914 -0.008400
v 0.010107 0.047684 -0.008400
v 0.012995 0.044069 -0.008400
v 0.012212 0.044100 -0.008400
v 0.012132 0.045421 -0.008400
v 0.011471 0.044351 -0.008400
v 0.011647 0.045748 -0.008400
v 0.010830 0.044800 -0.008400
v 0.010341 0.045411 -0.008400
v 0.012044 0.049472 -0.005775
v 0.012430 0.049540 -0.005775
v 0.012822 0.049552 -0.005775
v 0.013212 0.049508 -0.005775
v 0.013592 0.049410 -0.005775
v 0.013954 0.049258 -0.005775
v 0.014291 0.049056 -0.005775
v 0.014595 0.048809 -0.005775
v 0.014861 0.048521 -0.005775
v 0.015084 0.048197 -0.005775
v 0.015258 0.047846 -0.005775
v 0.015380 0.047473 -0.005775
v 0.015448 0.047086 -0.005775
v 0.015460 0.046694 -0.005775
v 0.015417 0.046304 -0.005775
v 0.015318 0.045925 -0.005775
v 0.015166 0.045563 -0.005775
v 0.014965 0.045226 -0.005775
v 0.014717 0.044922 -0.005775
v 0.014429 0.044656 -0.005775
v 0.014105 0.044433 -0.005775
v 0.013754 0.044259 -0.005775
v 0.013381 0.044137 -0.005775
v 0.012995 0.044069 -0.005775
v 0.012602 0.044057 -0.005775
v 0.012212 0.044100 -0.005775
v 0.011833 0.044199 -0.005775
v 0.011471 0.044351 -0.005775
v 0.011134 0.044552 -0.005775
v 0.010830 0.044800 -0.005775
v 0.010564 0.045088 -0.005775
v 0.010341 0.045411 -0.005775
v 0.010167 0.045763 -0.005775
v 0.010045 0.046136 -0.005775
v 0.009977 0.046522 -0.005775
v 0.009965 0.046914 -0.005775
v 0.010008 0.047304 -0.005775
v 0.010107 0.047684 -0.005775
v 0.010259 0.048046 -0.005775
v 0.010460 0.048382 -0.005775
v 0.010708 0.048687 -0.005775
v 0.010996 0.048953 -0.005775
v 0.011319 0.049175 -0.005775
v 0.011671 0.049349 -0.005775
v 0.011656 0.047870 -0.028300
v 0.011329 0.047384 -0.028300
v 0.011212 0.046811 -0.028300
v 0.011324 0.046236 -0.028300
v 0.011647 0.045748 -0.028300
v 0.012132 0.045421 -0.028300
v 0.012706 0.045304 -0.028300
v 0.013280 0.045416 -0.028300
v 0.013769 0.045739 -0.028300
v 0.014096 0.046224 -0.028300
v 0.014212 0.046798 -0.028300
v 0.014101 0.047372 -0.028300
v 0.013778 0.047860 -0.028300
v 0.013292 0.048188 -0.028300
v 0.012719 0.048304 -0.028300
v 0.012144 0.048193 -0.028300
v 0.013243 0.045509 -0.028400
v 0.012706 0.045404 -0.028400
v 0.012712 0.046804 -0.028400
v 0.014112 0.046798 -0.028400
v 0.014004 0.046263 -0.028400
v 0.013698 0.045810 -0.028400
v 0.013254 0.048095 -0.028400
v 0.013707 0.047790 -0.028400
v 0.014008 0.047334 -0.028400
v 0.011727 0.047799 -0.028400
v 0.012182 0.048100 -0.028400
v 0.012718 0.048204 -0.028400
v 0.011417 0.046274 -0.028400
v 0.011312 0.046810 -0.028400
v 0.011421 0.047346 -0.028400
v 0.012171 0.045513 -0.028400
v 0.011718 0.045819 -0.028400
v 0.012712 0.046804 -0.007422
v 0.013369 0.044186 -0.005588
v 0.012989 0.044119 -0.005588
v 0.012604 0.044107 -0.005588
v 0.012222 0.044150 -0.005588
v 0.011849 0.044246 -0.005588
v 0.011494 0.044395 -0.005588
v 0.011163 0.044593 -0.005588
v 0.010864 0.044836 -0.005588
v 0.010603 0.045119 -0.005588
v 0.010385 0.045437 -0.005588
v 0.010214 0.045782 -0.005588
v 0.010094 0.046148 -0.005588
v 0.010027 0.046527 -0.005588
v 0.010015 0.046912 -0.005588
v 0.010058 0.047295 -0.005588
v 0.010155 0.047668 -0.005588
v 0.010303 0.048023 -0.005588
v 0.010501 0.048354 -0.005588
v 0.010744 0.048652 -0.005588
v 0.011028 0.048914 -0.005588
v 0.011345 0.049132 -0.005588
v 0.011690 0.049303 -0.005588
v 0.012056 0.049423 -0.005588
v 0.012435 0.049490 -0.005588
v 0.012820 0.049502 -0.005588
v 0.013203 0.049459 -0.005588
v 0.013576 0.049362 -0.005588
v 0.013931 0.049213 -0.005588
v 0.014262 0.049015 -0.005588
v 0.014561 0.048772 -0.005588
v 0.014822 0.048489 -0.005588
v 0.015040 0.048172 -0.005588
v 0.015211 0.047827 -0.005588
v 0.015331 0.047461 -0.005588
v 0.015398 0.047081 -0.005588
v 0.015410 0.046696 -0.005588
v 0.015367 0.046314 -0.005588
v 0.015270 0.045941 -0.005588
v 0.015121 0.045585 -0.005588
v 0.014923 0.045255 -0.005588
v 0.014680 0.044956 -0.005588
v 0.014397 0.044695 -0.005588
v 0.014080 0.044477 -0.005588
v 0.013735 0.044306 -0.005588
v 0.013335 0.044319 -0.005450
v 0.012975 0.044255 -0.005450
v 0.012610 0.044244 -0.005450
v 0.012247 0.044285 -0.005450
v 0.011893 0.044376 -0.005450
v 0.011556 0.044518 -0.005450
v 0.011242 0.044706 -0.005450
v 0.010958 0.044936 -0.005450
v 0.010710 0.045205 -0.005450
v 0.010503 0.045506 -0.005450
v 0.010341 0.045834 -0.005450
v 0.010227 0.046181 -0.005450
v 0.010163 0.046541 -0.005450
v 0.010152 0.046907 -0.005450
v 0.010193 0.047270 -0.005450
v 0.010285 0.047624 -0.005450
v 0.010426 0.047961 -0.005450
v 0.010614 0.048275 -0.005450
v 0.010845 0.048559 -0.005450
v 0.011113 0.048806 -0.005450
v 0.011414 0.049014 -0.005450
v 0.011742 0.049176 -0.005450
v 0.012089 0.049290 -0.005450
v 0.012450 0.049353 -0.005450
v 0.012815 0.049365 -0.005450
v 0.013178 0.049324 -0.005450
v 0.013532 0.049232 -0.005450
v 0.013869 0.049091 -0.005450
v 0.014183 0.048903 -0.005450
v 0.014467 0.048672 -0.005450
v 0.014715 0.048404 -0.005450
v 0.014922 0.048102 -0.005450
v 0.015084 0.047775 -0.005450
v 0.015198 0.047427 -0.005450
v 0.015261 0.047067 -0.005450
v 0.015273 0.046702 -0.005450
v 0.015232 0.046338 -0.005450
v 0.015140 0.045985 -0.005450
v 0.014999 0.045647 -0.005450
v 0.014811 0.045334 -0.005450
v 0.014580 0.045050 -0.005450
v 0.014312 0.044802 -0.005450
v 0.014010 0.044595 -0.005450
v 0.013683 0.044433 -0.005450
v 0.035553 0.033294 -0.006700
v 0.035650 0.034009 -0.006700
v 0.035626 0.033880 -0.006700
v 0.035400 0.033412 -0.006700
v 0.035003 0.033076 -0.006700
v 0.034885 0.033021 -0.006700
v 0.035177 0.035166 -0.006700
v 0.035445 0.034881 -0.006700
v 0.035747 0.034724 -0.006700
v 0.035641 0.034400 -0.006700
v 0.034606 0.035608 -0.006700
v 0.033938 0.035334 -0.006700
v 0.034062 0.035378 -0.006700
v 0.034580 0.035416 -0.006700
v 0.035069 0.035240 -0.006700
v 0.033173 0.034346 -0.006700
v 0.033286 0.034721 -0.006700
v 0.033270 0.035061 -0.006700
v 0.033604 0.035132 -0.006700
v 0.033076 0.033631 -0.006700
v 0.033646 0.033189 -0.006700
v 0.033547 0.033275 -0.006700
v 0.033255 0.033704 -0.006700
v 0.033162 0.034216 -0.006700
v 0.034504 0.032931 -0.006700
v 0.034217 0.032747 -0.006700
v 0.033989 0.033001 -0.006700
v 0.033112 0.036166 -0.005400
v 0.032843 0.035961 -0.005400
v 0.033270 0.035061 -0.005400
v 0.036760 0.034533 -0.005400
v 0.036685 0.034864 -0.005400
v 0.035747 0.034724 -0.005400
v 0.036564 0.035180 -0.005400
v 0.036400 0.035477 -0.005400
v 0.035711 0.032189 -0.005400
v 0.035980 0.032394 -0.005400
v 0.035553 0.033294 -0.005400
v 0.034393 0.036552 -0.005400
v 0.034056 0.036526 -0.005400
v 0.034606 0.035608 -0.005400
v 0.033725 0.036451 -0.005400
v 0.033408 0.036330 -0.005400
v 0.036218 0.032636 -0.005400
v 0.036419 0.032909 -0.005400
v 0.036579 0.033207 -0.005400
v 0.032605 0.035719 -0.005400
v 0.032404 0.035446 -0.005400
v 0.032244 0.035148 -0.005400
v 0.032063 0.033822 -0.005400
v 0.032138 0.033491 -0.005400
v 0.033076 0.033631 -0.005400
v 0.032259 0.033175 -0.005400
v 0.032423 0.032878 -0.005400
v 0.035382 0.036345 -0.005400
v 0.035063 0.036461 -0.005400
v 0.034732 0.036531 -0.005400
v 0.034429 0.031803 -0.005400
v 0.034767 0.031829 -0.005400
v 0.034217 0.032747 -0.005400
v 0.035098 0.031904 -0.005400
v 0.035414 0.032025 -0.005400
v 0.033441 0.032010 -0.005400
v 0.033760 0.031894 -0.005400
v 0.034091 0.031824 -0.005400
v 0.036195 0.035746 -0.005400
v 0.035953 0.035984 -0.005400
v 0.035680 0.036185 -0.005400
v 0.036695 0.033526 -0.005400
v 0.036765 0.033857 -0.005400
v 0.036786 0.034196 -0.005400
v 0.032128 0.034829 -0.005400
v 0.032058 0.034498 -0.005400
v 0.032037 0.034159 -0.005400
v 0.032628 0.032609 -0.005400
v 0.032870 0.032371 -0.005400
v 0.033143 0.032170 -0.005400
v 0.035319 0.032984 -0.008400
v 0.035573 0.031685 -0.008400
v 0.034793 0.032727 -0.008400
v 0.034823 0.031459 -0.008400
v 0.034209 0.032691 -0.008400
v 0.034041 0.031453 -0.008400
v 0.033656 0.032882 -0.008400
v 0.035862 0.034559 -0.008400
v 0.037161 0.034198 -0.008400
v 0.035898 0.033975 -0.008400
v 0.037056 0.033423 -0.008400
v 0.035707 0.033422 -0.008400
v 0.036736 0.032708 -0.008400
v 0.036228 0.032113 -0.008400
v 0.033503 0.035371 -0.008400
v 0.033250 0.036670 -0.008400
v 0.034029 0.035628 -0.008400
v 0.033999 0.036896 -0.008400
v 0.034614 0.035664 -0.008400
v 0.034782 0.036902 -0.008400
v 0.035167 0.035473 -0.008400
v 0.035535 0.036688 -0.008400
v 0.036196 0.036269 -0.008400
v 0.035605 0.035086 -0.008400
v 0.036714 0.035682 -0.008400
v 0.037044 0.034972 -0.008400
v 0.032961 0.033796 -0.008400
v 0.031662 0.034157 -0.008400
v 0.032925 0.034380 -0.008400
v 0.031767 0.034932 -0.008400
v 0.033116 0.034933 -0.008400
v 0.032087 0.035647 -0.008400
v 0.032595 0.036242 -0.008400
v 0.033288 0.031667 -0.008400
v 0.032626 0.032086 -0.008400
v 0.033217 0.033270 -0.008400
v 0.032109 0.032673 -0.008400
v 0.031779 0.033383 -0.008400
v 0.035166 0.036822 -0.005775
v 0.035535 0.036688 -0.005775
v 0.035881 0.036502 -0.005775
v 0.036196 0.036269 -0.005775
v 0.036476 0.035994 -0.005775
v 0.036714 0.035682 -0.005775
v 0.036904 0.035339 -0.005775
v 0.037044 0.034972 -0.005775
v 0.037130 0.034590 -0.005775
v 0.037161 0.034198 -0.005775
v 0.037136 0.033807 -0.005775
v 0.037056 0.033423 -0.005775
v 0.036922 0.033054 -0.005775
v 0.036736 0.032708 -0.005775
v 0.036503 0.032392 -0.005775
v 0.036228 0.032113 -0.005775
v 0.035916 0.031875 -0.005775
v 0.035573 0.031685 -0.005775
v 0.035206 0.031545 -0.005775
v 0.034823 0.031459 -0.005775
v 0.034432 0.031428 -0.005775
v 0.034041 0.031453 -0.005775
v 0.033657 0.031533 -0.005775
v 0.033288 0.031667 -0.005775
v 0.032942 0.031853 -0.005775
v 0.032626 0.032086 -0.005775
v 0.032347 0.032361 -0.005775
v 0.032109 0.032673 -0.005775
v 0.031919 0.033016 -0.005775
v 0.031779 0.033383 -0.005775
v 0.031692 0.033766 -0.005775
v 0.031662 0.034157 -0.005775
v 0.031687 0.034548 -0.005775
v 0.031767 0.034932 -0.005775
v 0.031901 0.035301 -0.005775
v 0.032087 0.035647 -0.005775
v 0.032320 0.035963 -0.005775
v 0.032595 0.036242 -0.005775
v 0.032907 0.036480 -0.005775
v 0.033250 0.036670 -0.005775
v 0.033617 0.036810 -0.005775
v 0.033999 0.036896 -0.005775
v 0.034391 0.036927 -0.005775
v 0.034782 0.036902 -0.005775
v 0.034029 0.035628 -0.028300
v 0.033503 0.035371 -0.028300
v 0.033116 0.034933 -0.028300
v 0.032925 0.034380 -0.028300
v 0.032961 0.033796 -0.028300
v 0.033217 0.033270 -0.028300
v 0.033656 0.032882 -0.028300
v 0.034209 0.032691 -0.028300
v 0.034793 0.032727 -0.028300
v 0.035319 0.032984 -0.028300
v 0.035707 0.033422 -0.028300
v 0.035898 0.033975 -0.028300
v 0.035862 0.034559 -0.028300
v 0.035605 0.035086 -0.028300
v 0.035167 0.035473 -0.028300
v 0.034614 0.035664 -0.028300
v 0.034223 0.032790 -0.028400
v 0.033706 0.032968 -0.028400
v 0.034411 0.034178 -0.028400
v 0.035621 0.033472 -0.028400
v 0.035259 0.033063 -0.028400
v 0.034768 0.032824 -0.028400
v 0.035526 0.035025 -0.028400
v 0.035765 0.034534 -0.028400
v 0.035799 0.033989 -0.028400
v 0.034055 0.035531 -0.028400
v 0.034600 0.035565 -0.028400
v 0.035117 0.035387 -0.028400
v 0.033024 0.034366 -0.028400
v 0.033202 0.034883 -0.028400
v 0.033564 0.035292 -0.028400
v 0.033297 0.033330 -0.028400
v 0.033058 0.033821 -0.028400
v 0.034411 0.034178 -0.007422
v 0.033671 0.031581 -0.005588
v 0.033309 0.031713 -0.005588
v 0.032969 0.031895 -0.005588
v 0.032659 0.032124 -0.005588
v 0.032385 0.032394 -0.005588
v 0.032151 0.032701 -0.005588
v 0.031964 0.033037 -0.005588
v 0.031827 0.033397 -0.005588
v 0.031742 0.033773 -0.005588
v 0.031712 0.034157 -0.005588
v 0.031736 0.034541 -0.005588
v 0.031815 0.034918 -0.005588
v 0.031947 0.035280 -0.005588
v 0.032129 0.035620 -0.005588
v 0.032358 0.035930 -0.005588
v 0.032628 0.036204 -0.005588
v 0.032935 0.036438 -0.005588
v 0.033271 0.036625 -0.005588
v 0.033631 0.036762 -0.005588
v 0.034007 0.036847 -0.005588
v 0.034391 0.036877 -0.005588
v 0.034775 0.036853 -0.005588
v 0.035152 0.036774 -0.005588
v 0.035514 0.036642 -0.005588
v 0.035854 0.036460 -0.005588
v 0.036164 0.036231 -0.005588
v 0.036438 0.035961 -0.005588
v 0.036671 0.035654 -0.005588
v 0.036859 0.035318 -0.005588
v 0.036996 0.034958 -0.005588
v 0.037081 0.034582 -0.005588
v 0.037111 0.034198 -0.005588
v 0.037087 0.033814 -0.005588
v 0.037008 0.033437 -0.005588
v 0.036876 0.033075 -0.005588
v 0.036694 0.032735 -0.005588
v 0.036465 0.032425 -0.005588
v 0.036195 0.032151 -0.005588
v 0.035888 0.031917 -0.005588
v 0.035552 0.031730 -0.005588
v 0.035192 0.031593 -0.005588
v 0.034816 0.031508 -0.005588
v 0.034432 0.031478 -0.005588
v 0.034048 0.031502 -0.005588
v 0.033708 0.031713 -0.005450
v 0.033365 0.031839 -0.005450
v 0.033042 0.032011 -0.005450
v 0.032748 0.032228 -0.005450
v 0.032488 0.032485 -0.005450
v 0.032266 0.032776 -0.005450
v 0.032089 0.033095 -0.005450
v 0.031958 0.033437 -0.005450
v 0.031878 0.033794 -0.005450
v 0.031849 0.034158 -0.005450
v 0.031872 0.034523 -0.005450
v 0.031947 0.034881 -0.005450
v 0.032073 0.035224 -0.005450
v 0.032245 0.035547 -0.005450
v 0.032462 0.035841 -0.005450
v 0.032719 0.036101 -0.005450
v 0.033010 0.036323 -0.005450
v 0.033329 0.036500 -0.005450
v 0.033671 0.036631 -0.005450
v 0.034028 0.036711 -0.005450
v 0.034392 0.036740 -0.005450
v 0.034757 0.036717 -0.005450
v 0.035115 0.036642 -0.005450
v 0.035458 0.036516 -0.005450
v 0.035780 0.036344 -0.005450
v 0.036075 0.036127 -0.005450
v 0.036335 0.035870 -0.005450
v 0.036557 0.035579 -0.005450
v 0.036734 0.035260 -0.005450
v 0.036865 0.034918 -0.005450
v 0.036945 0.034561 -0.005450
v 0.036974 0.034197 -0.005450
v 0.036951 0.033832 -0.005450
v 0.036876 0.033474 -0.005450
v 0.036750 0.033131 -0.005450
v 0.036578 0.032809 -0.005450
v 0.036361 0.032514 -0.005450
v 0.036104 0.032254 -0.005450
v 0.035813 0.032032 -0.005450
v 0.035494 0.031855 -0.005450
v 0.035152 0.031724 -0.005450
v 0.034795 0.031644 -0.005450
v 0.034431 0.031615 -0.005450
v 0.034066 0.031638 -0.005450
v 0.047437 0.011057 -0.006700
v 0.047878 0.011628 -0.006700
v 0.047793 0.011529 -0.006700
v 0.047363 0.011236 -0.006700
v 0.046852 0.011143 -0.006700
v 0.046721 0.011154 -0.006700
v 0.048047 0.012866 -0.006700
v 0.048136 0.012486 -0.006700
v 0.048320 0.012198 -0.006700
v 0.048066 0.011971 -0.006700
v 0.047774 0.013534 -0.006700
v 0.047058 0.013631 -0.006700
v 0.047187 0.013607 -0.006700
v 0.047655 0.013381 -0.006700
v 0.047991 0.012985 -0.006700
v 0.045902 0.013158 -0.006700
v 0.046186 0.013426 -0.006700
v 0.046343 0.013729 -0.006700
v 0.046667 0.013623 -0.006700
v 0.045460 0.012587 -0.006700
v 0.045733 0.011919 -0.006700
v 0.045690 0.012043 -0.006700
v 0.045651 0.012561 -0.006700
v 0.045827 0.013051 -0.006700
v 0.046347 0.011267 -0.006700
v 0.046006 0.011252 -0.006700
v 0.045936 0.011585 -0.006700
v 0.047774 0.013534 -0.005400
v 0.048344 0.014271 -0.005400
v 0.048062 0.014459 -0.005400
v 0.048596 0.014045 -0.005400
v 0.045012 0.013847 -0.005400
v 0.045460 0.012587 -0.005400
v 0.046343 0.013729 -0.005400
v 0.044824 0.013565 -0.005400
v 0.044678 0.013259 -0.005400
v 0.044578 0.012935 -0.005400
v 0.046759 0.014764 -0.005400
v 0.046423 0.014721 -0.005400
v 0.046096 0.014631 -0.005400
v 0.045786 0.014496 -0.005400
v 0.049101 0.011527 -0.005400
v 0.049202 0.011850 -0.005400
v 0.048320 0.012198 -0.005400
v 0.045498 0.014317 -0.005400
v 0.045238 0.014099 -0.005400
v 0.045184 0.010741 -0.005400
v 0.045436 0.010515 -0.005400
v 0.046006 0.011252 -0.005400
v 0.045718 0.010327 -0.005400
v 0.044524 0.012601 -0.005400
v 0.044519 0.012262 -0.005400
v 0.044561 0.011926 -0.005400
v 0.044652 0.011599 -0.005400
v 0.044787 0.011289 -0.005400
v 0.044966 0.011001 -0.005400
v 0.049256 0.012185 -0.005400
v 0.049261 0.012524 -0.005400
v 0.049219 0.012860 -0.005400
v 0.047021 0.010021 -0.005400
v 0.047357 0.010064 -0.005400
v 0.047437 0.011057 -0.005400
v 0.047684 0.010154 -0.005400
v 0.047994 0.010290 -0.005400
v 0.048768 0.010939 -0.005400
v 0.048956 0.011221 -0.005400
v 0.046024 0.010181 -0.005400
v 0.046348 0.010081 -0.005400
v 0.046682 0.010027 -0.005400
v 0.047756 0.014604 -0.005400
v 0.047432 0.014705 -0.005400
v 0.047098 0.014759 -0.005400
v 0.049128 0.013187 -0.005400
v 0.048993 0.013497 -0.005400
v 0.048814 0.013785 -0.005400
v 0.048282 0.010469 -0.005400
v 0.048542 0.010686 -0.005400
v 0.047079 0.010905 -0.008400
v 0.046649 0.009653 -0.008400
v 0.046495 0.010946 -0.008400
v 0.045887 0.009832 -0.008400
v 0.045972 0.011207 -0.008400
v 0.045206 0.010218 -0.008400
v 0.045588 0.011648 -0.008400
v 0.048337 0.011998 -0.008400
v 0.049282 0.011036 -0.008400
v 0.048076 0.011475 -0.008400
v 0.048803 0.010417 -0.008400
v 0.047634 0.011091 -0.008400
v 0.048169 0.009958 -0.008400
v 0.047431 0.009697 -0.008400
v 0.048192 0.013137 -0.008400
v 0.049482 0.013312 -0.008400
v 0.048378 0.012582 -0.008400
v 0.049636 0.012545 -0.008400
v 0.049567 0.011765 -0.008400
v 0.044662 0.010781 -0.008400
v 0.044298 0.011474 -0.008400
v 0.045402 0.012203 -0.008400
v 0.044144 0.012241 -0.008400
v 0.045443 0.012787 -0.008400
v 0.044213 0.013021 -0.008400
v 0.045704 0.013311 -0.008400
v 0.044498 0.013750 -0.008400
v 0.044977 0.014369 -0.008400
v 0.046146 0.013695 -0.008400
v 0.045611 0.014828 -0.008400
v 0.046701 0.013881 -0.008400
v 0.046349 0.015089 -0.008400
v 0.047131 0.015132 -0.008400
v 0.047284 0.013840 -0.008400
v 0.047893 0.014954 -0.008400
v 0.047808 0.013579 -0.008400
v 0.048573 0.014567 -0.008400
v 0.049118 0.014005 -0.008400
v 0.048866 0.014306 -0.005775
v 0.049118 0.014005 -0.005775
v 0.049325 0.013671 -0.005775
v 0.049482 0.013312 -0.005775
v 0.049586 0.012934 -0.005775
v 0.049636 0.012545 -0.005775
v 0.049629 0.012152 -0.005775
v 0.049567 0.011765 -0.005775
v 0.049451 0.011390 -0.005775
v 0.049282 0.011036 -0.005775
v 0.049064 0.010709 -0.005775
v 0.048803 0.010417 -0.005775
v 0.048502 0.010165 -0.005775
v 0.048169 0.009958 -0.005775
v 0.047809 0.009801 -0.005775
v 0.047431 0.009697 -0.005775
v 0.047042 0.009647 -0.005775
v 0.046649 0.009653 -0.005775
v 0.046262 0.009716 -0.005775
v 0.045887 0.009832 -0.005775
v 0.045533 0.010001 -0.005775
v 0.045206 0.010218 -0.005775
v 0.044914 0.010480 -0.005775
v 0.044662 0.010781 -0.005775
v 0.044455 0.011114 -0.005775
v 0.044298 0.011474 -0.005775
v 0.044194 0.011852 -0.005775
v 0.044144 0.012241 -0.005775
v 0.044150 0.012633 -0.005775
v 0.044213 0.013021 -0.005775
v 0.044329 0.013396 -0.005775
v 0.044498 0.013750 -0.005775
v 0.044715 0.014076 -0.005775
v 0.044977 0.014369 -0.005775
v 0.045278 0.014621 -0.005775
v 0.045611 0.014828 -0.005775
v 0.045971 0.014985 -0.005775
v 0.046349 0.015089 -0.005775
v 0.046738 0.015139 -0.005775
v 0.047131 0.015132 -0.005775
v 0.047518 0.015070 -0.005775
v 0.047893 0.014954 -0.005775
v 0.048247 0.014785 -0.005775
v 0.048573 0.014567 -0.005775
v 0.047284 0.013840 -0.028300
v 0.046701 0.013881 -0.028300
v 0.046146 0.013695 -0.028300
v 0.045704 0.013311 -0.028300
v 0.045443 0.012787 -0.028300
v 0.045402 0.012203 -0.028300
v 0.045588 0.011648 -0.028300
v 0.045972 0.011207 -0.028300
v 0.046495 0.010946 -0.028300
v 0.047079 0.010905 -0.028300
v 0.047634 0.011091 -0.028300
v 0.048076 0.011475 -0.028300
v 0.048337 0.011998 -0.028300
v 0.048378 0.012582 -0.028300
v 0.048192 0.013137 -0.028300
v 0.047808 0.013579 -0.028300
v 0.046033 0.011286 -0.028400
v 0.045675 0.011698 -0.028400
v 0.046890 0.012393 -0.028400
v 0.047585 0.011177 -0.028400
v 0.047067 0.011004 -0.028400
v 0.046522 0.011042 -0.028400
v 0.048279 0.012570 -0.028400
v 0.048241 0.012025 -0.028400
v 0.047997 0.011536 -0.028400
v 0.047258 0.013744 -0.028400
v 0.047747 0.013500 -0.028400
v 0.048105 0.013088 -0.028400
v 0.045783 0.013250 -0.028400
v 0.046195 0.013608 -0.028400
v 0.046713 0.013782 -0.028400
v 0.045501 0.012216 -0.028400
v 0.045539 0.012761 -0.028400
v 0.046890 0.012393 -0.007422
v 0.044950 0.010515 -0.005588
v 0.044703 0.010810 -0.005588
v 0.044500 0.011138 -0.005588
v 0.044345 0.011491 -0.005588
v 0.044243 0.011862 -0.005588
v 0.044194 0.012244 -0.005588
v 0.044201 0.012629 -0.005588
v 0.044262 0.013009 -0.005588
v 0.044376 0.013377 -0.005588
v 0.044542 0.013725 -0.005588
v 0.044755 0.014046 -0.005588
v 0.045012 0.014333 -0.005588
v 0.045307 0.014580 -0.005588
v 0.045635 0.014783 -0.005588
v 0.045988 0.014937 -0.005588
v 0.046359 0.015040 -0.005588
v 0.046741 0.015089 -0.005588
v 0.047126 0.015082 -0.005588
v 0.047507 0.015021 -0.005588
v 0.047874 0.014907 -0.005588
v 0.048222 0.014741 -0.005588
v 0.048543 0.014528 -0.005588
v 0.048830 0.014271 -0.005588
v 0.049077 0.013976 -0.005588
v 0.049280 0.013648 -0.005588
v 0.049434 0.013295 -0.005588
v 0.049537 0.012924 -0.005588
v 0.049586 0.012542 -0.005588
v 0.049579 0.012157 -0.005588
v 0.049518 0.011776 -0.005588
v 0.049404 0.011409 -0.005588
v 0.049238 0.011061 -0.005588
v 0.049025 0.010740 -0.005588
v 0.048768 0.010453 -0.005588
v 0.048473 0.010206 -0.005588
v 0.048145 0.010003 -0.005588
v 0.047792 0.009848 -0.005588
v 0.047421 0.009746 -0.005588
v 0.047039 0.009697 -0.005588
v 0.046654 0.009703 -0.005588
v 0.046273 0.009764 -0.005588
v 0.045906 0.009879 -0.005588
v 0.045558 0.010045 -0.005588
v 0.045237 0.010258 -0.005588
v 0.045049 0.010611 -0.005450
v 0.044814 0.010891 -0.005450
v 0.044621 0.011201 -0.005450
v 0.044475 0.011536 -0.005450
v 0.044378 0.011889 -0.005450
v 0.044331 0.012252 -0.005450
v 0.044337 0.012617 -0.005450
v 0.044395 0.012978 -0.005450
v 0.044504 0.013327 -0.005450
v 0.044661 0.013657 -0.005450
v 0.044864 0.013962 -0.005450
v 0.045108 0.014234 -0.005450
v 0.045388 0.014469 -0.005450
v 0.045698 0.014662 -0.005450
v 0.046033 0.014808 -0.005450
v 0.046386 0.014905 -0.005450
v 0.046749 0.014951 -0.005450
v 0.047114 0.014946 -0.005450
v 0.047475 0.014888 -0.005450
v 0.047824 0.014779 -0.005450
v 0.048154 0.014622 -0.005450
v 0.048459 0.014419 -0.005450
v 0.048731 0.014175 -0.005450
v 0.048966 0.013895 -0.005450
v 0.049159 0.013584 -0.005450
v 0.049305 0.013249 -0.005450
v 0.049402 0.012897 -0.005450
v 0.049449 0.012534 -0.005450
v 0.049443 0.012169 -0.005450
v 0.049385 0.011808 -0.005450
v 0.049276 0.011459 -0.005450
v 0.049119 0.011128 -0.005450
v 0.048916 0.010824 -0.005450
v 0.048672 0.010552 -0.005450
v 0.048392 0.010317 -0.005450
v 0.048081 0.010124 -0.005450
v 0.047746 0.009978 -0.005450
v 0.047394 0.009880 -0.005450
v 0.047031 0.009834 -0.005450
v 0.046666 0.009840 -0.005450
v 0.046305 0.009898 -0.005450
v 0.045956 0.010007 -0.005450
v 0.045626 0.010164 -0.005450
v 0.045321 0.010367 -0.005450
v 0.046610 -0.014143 -0.006700
v 0.047278 -0.013869 -0.006700
v 0.047154 -0.013912 -0.006700
v 0.046636 -0.013951 -0.006700
v 0.046147 -0.013775 -0.006700
v 0.046039 -0.013701 -0.006700
v 0.048043 -0.012881 -0.006700
v 0.047930 -0.013255 -0.006700
v 0.047946 -0.013596 -0.006700
v 0.047612 -0.013666 -0.006700
v 0.048140 -0.012166 -0.006700
v 0.047570 -0.011724 -0.006700
v 0.047669 -0.011809 -0.006700
v 0.047961 -0.012239 -0.006700
v 0.048054 -0.012751 -0.006700
v 0.046331 -0.011556 -0.006700
v 0.046712 -0.011466 -0.006700
v 0.046999 -0.011282 -0.006700
v 0.047227 -0.011536 -0.006700
v 0.045663 -0.011829 -0.006700
v 0.045566 -0.012544 -0.006700
v 0.045590 -0.012415 -0.006700
v 0.045816 -0.011947 -0.006700
v 0.046213 -0.011611 -0.006700
v 0.045771 -0.013416 -0.006700
v 0.045468 -0.013259 -0.006700
v 0.045574 -0.012935 -0.006700
v 0.046999 -0.011282 -0.005400
v 0.047877 -0.010593 -0.005400
v 0.047564 -0.010462 -0.005400
v 0.046709 -0.015086 -0.005400
v 0.047048 -0.015075 -0.005400
v 0.046610 -0.014143 -0.005400
v 0.048287 -0.014568 -0.005400
v 0.048536 -0.014338 -0.005400
v 0.047946 -0.013596 -0.005400
v 0.048749 -0.014075 -0.005400
v 0.048923 -0.013785 -0.005400
v 0.047236 -0.010377 -0.005400
v 0.046899 -0.010339 -0.005400
v 0.046561 -0.010350 -0.005400
v 0.049167 -0.012469 -0.005400
v 0.049108 -0.012135 -0.005400
v 0.048140 -0.012166 -0.005400
v 0.049002 -0.011813 -0.005400
v 0.048852 -0.011509 -0.005400
v 0.045732 -0.014832 -0.005400
v 0.046045 -0.014963 -0.005400
v 0.046373 -0.015048 -0.005400
v 0.046227 -0.010409 -0.005400
v 0.045905 -0.010514 -0.005400
v 0.045663 -0.011829 -0.005400
v 0.045601 -0.010665 -0.005400
v 0.045322 -0.010857 -0.005400
v 0.048660 -0.011230 -0.005400
v 0.048430 -0.010981 -0.005400
v 0.048167 -0.010767 -0.005400
v 0.047382 -0.015016 -0.005400
v 0.047704 -0.014911 -0.005400
v 0.048007 -0.014760 -0.005400
v 0.044442 -0.012956 -0.005400
v 0.044501 -0.013290 -0.005400
v 0.045468 -0.013259 -0.005400
v 0.044606 -0.013612 -0.005400
v 0.044757 -0.013916 -0.005400
v 0.045073 -0.011087 -0.005400
v 0.044859 -0.011350 -0.005400
v 0.044685 -0.011640 -0.005400
v 0.049055 -0.013472 -0.005400
v 0.049140 -0.013144 -0.005400
v 0.049177 -0.012807 -0.005400
v 0.044949 -0.014195 -0.005400
v 0.045178 -0.014444 -0.005400
v 0.045441 -0.014657 -0.005400
v 0.044554 -0.011953 -0.005400
v 0.044469 -0.012281 -0.005400
v 0.044431 -0.012617 -0.005400
v 0.047372 -0.014101 -0.008400
v 0.047473 -0.015380 -0.008400
v 0.046798 -0.014212 -0.008400
v 0.046694 -0.015460 -0.008400
v 0.046224 -0.014096 -0.008400
v 0.046236 -0.011324 -0.008400
v 0.046136 -0.010045 -0.008400
v 0.046811 -0.011212 -0.008400
v 0.046914 -0.009965 -0.008400
v 0.047384 -0.011329 -0.008400
v 0.045304 -0.012706 -0.008400
v 0.044100 -0.012212 -0.008400
v 0.045421 -0.012132 -0.008400
v 0.044351 -0.011471 -0.008400
v 0.045748 -0.011647 -0.008400
v 0.044800 -0.010830 -0.008400
v 0.045411 -0.010341 -0.008400
v 0.045925 -0.015318 -0.008400
v 0.045226 -0.014965 -0.008400
v 0.045739 -0.013769 -0.008400
v 0.044656 -0.014429 -0.008400
v 0.045416 -0.013280 -0.008400
v 0.044259 -0.013754 -0.008400
v 0.044069 -0.012995 -0.008400
v 0.048304 -0.012719 -0.008400
v 0.049508 -0.013212 -0.008400
v 0.048188 -0.013292 -0.008400
v 0.049258 -0.013954 -0.008400
v 0.047860 -0.013778 -0.008400
v 0.048809 -0.014595 -0.008400
v 0.048197 -0.015084 -0.008400
v 0.047684 -0.010107 -0.008400
v 0.048382 -0.010460 -0.008400
v 0.047870 -0.011656 -0.008400
v 0.048953 -0.010996 -0.008400
v 0.048193 -0.012144 -0.008400
v 0.049349 -0.011671 -0.008400
v 0.049540 -0.012430 -0.008400
v 0.049472 -0.012044 -0.005775
v 0.049540 -0.012430 -0.005775
v 0.049552 -0.012822 -0.005775
v 0.049508 -0.013212 -0.005775
v 0.049410 -0.013592 -0.005775
v 0.049258 -0.013954 -0.005775
v 0.049056 -0.014291 -0.005775
v 0.048809 -0.014595 -0.005775
v 0.048521 -0.014861 -0.005775
v 0.048197 -0.015084 -0.005775
v 0.047846 -0.015258 -0.005775
v 0.047473 -0.015380 -0.005775
v 0.047086 -0.015448 -0.005775
v 0.046694 -0.015460 -0.005775
v 0.046304 -0.015417 -0.005775
v 0.045925 -0.015318 -0.005775
v 0.045563 -0.015166 -0.005775
v 0.045226 -0.014965 -0.005775
v 0.044922 -0.014717 -0.005775
v 0.044656 -0.014429 -0.005775
v 0.044433 -0.014105 -0.005775
v 0.044259 -0.013754 -0.005775
v 0.044137 -0.013381 -0.005775
v 0.044069 -0.012995 -0.005775
v 0.044057 -0.012602 -0.005775
v 0.044100 -0.012212 -0.005775
v 0.044199 -0.011833 -0.005775
v 0.044351 -0.011471 -0.005775
v 0.044552 -0.011134 -0.005775
v 0.044800 -0.010830 -0.005775
v 0.045088 -0.010564 -0.005775
v 0.045411 -0.010341 -0.005775
v 0.045763 -0.010167 -0.005775
v 0.046136 -0.010045 -0.005775
v 0.046522 -0.009977 -0.005775
v 0.046914 -0.009965 -0.005775
v 0.047304 -0.010008 -0.005775
v 0.047684 -0.010107 -0.005775
v 0.048046 -0.010259 -0.005775
v 0.048382 -0.010460 -0.005775
v 0.048687 -0.010708 -0.005775
v 0.048953 -0.010996 -0.005775
v 0.049175 -0.011319 -0.005775
v 0.049349 -0.011671 -0.005775
v 0.047870 -0.011656 -0.028300
v 0.047384 -0.011329 -0.028300
v 0.046811 -0.011212 -0.028300
v 0.046236 -0.011324 -0.028300
v 0.045748 -0.011647 -0.028300
v 0.045421 -0.012132 -0.028300
v 0.045304 -0.012706 -0.028300
v 0.045416 -0.013280 -0.028300
v 0.045739 -0.013769 -0.028300
v 0.046224 -0.014096 -0.028300
v 0.046798 -0.014212 -0.028300
v 0.047372 -0.014101 -0.028300
v 0.047860 -0.013778 -0.028300
v 0.048188 -0.013292 -0.028300
v 0.048304 -0.012719 -0.028300
v 0.048193 -0.012144 -0.028300
v 0.045509 -0.013243 -0.028400
v 0.045404 -0.012706 -0.028400
v 0.046804 -0.012712 -0.028400
v 0.046798 -0.014112 -0.028400
v 0.046263 -0.014004 -0.028400
v 0.045810 -0.013698 -0.028400
v 0.048095 -0.013254 -0.028400
v 0.047790 -0.013707 -0.028400
v 0.047334 -0.014008 -0.028400
v 0.047799 -0.011727 -0.028400
v 0.048100 -0.012182 -0.028400
v 0.048204 -0.012718 -0.028400
v 0.046274 -0.011417 -0.028400
v 0.046810 -0.011312 -0.028400
v 0.047346 -0.011421 -0.028400
v 0.045513 -0.012171 -0.028400
v 0.045819 -0.011718 -0.028400
v 0.046804 -0.012712 -0.007422
v 0.044186 -0.013369 -0.005588
v 0.044119 -0.012989 -0.005588
v 0.044107 -0.012604 -0.005588
v 0.044150 -0.012222 -0.005588
v 0.044246 -0.011849 -0.005588
v 0.044395 -0.011494 -0.005588
v 0.044593 -0.011163 -0.005588
v 0.044836 -0.010864 -0.005588
v 0.045119 -0.010603 -0.005588
v 0.045437 -0.010385 -0.005588
v 0.045782 -0.010214 -0.005588
v 0.046148 -0.010094 -0.005588
v 0.046527 -0.010027 -0.005588
v 0.046912 -0.010015 -0.005588
v 0.047295 -0.010058 -0.005588
v 0.047668 -0.010155 -0.005588
v 0.048023 -0.010303 -0.005588
v 0.048354 -0.010501 -0.005588
v 0.048652 -0.010744 -0.005588
v 0.048914 -0.011028 -0.005588
v 0.049132 -0.011345 -0.005588
v 0.049303 -0.011690 -0.005588
v 0.049423 -0.012056 -0.005588
v 0.049490 -0.012435 -0.005588
v 0.049502 -0.012820 -0.005588
v 0.049459 -0.013203 -0.005588
v 0.049362 -0.013576 -0.005588
v 0.049213 -0.013931 -0.005588
v 0.049015 -0.014262 -0.005588
v 0.048772 -0.014561 -0.005588
v 0.048489 -0.014822 -0.005588
v 0.048172 -0.015040 -0.005588
v 0.047827 -0.015211 -0.005588
v 0.047461 -0.015331 -0.005588
v 0.047081 -0.015398 -0.005588
v 0.046696 -0.015410 -0.005588
v 0.046314 -0.015367 -0.005588
v 0.045941 -0.015270 -0.005588
v 0.045585 -0.015121 -0.005588
v 0.045255 -0.014923 -0.005588
v 0.044956 -0.014680 -0.005588
v 0.044695 -0.014397 -0.005588
v 0.044477 -0.014080 -0.005588
v 0.044306 -0.013735 -0.005588
v 0.044319 -0.013335 -0.005450
v 0.044255 -0.012975 -0.005450
v 0.044244 -0.012610 -0.005450
v 0.044285 -0.012247 -0.005450
v 0.044376 -0.011893 -0.005450
v 0.044518 -0.011556 -0.005450
v 0.044706 -0.011242 -0.005450
v 0.044936 -0.010958 -0.005450
v 0.045205 -0.010710 -0.005450
v 0.045506 -0.010503 -0.005450
v 0.045834 -0.010341 -0.005450
v 0.046181 -0.010227 -0.005450
v 0.046541 -0.010163 -0.005450
v 0.046907 -0.010152 -0.005450
v 0.047270 -0.010193 -0.005450
v 0.047624 -0.010285 -0.005450
v 0.047961 -0.010426 -0.005450
v 0.048275 -0.010614 -0.005450
v 0.048559 -0.010845 -0.005450
v 0.048806 -0.011113 -0.005450
v 0.049014 -0.011414 -0.005450
v 0.049176 -0.011742 -0.005450
v 0.049290 -0.012089 -0.005450
v 0.049353 -0.012450 -0.005450
v 0.049365 -0.012815 -0.005450
v 0.049324 -0.013178 -0.005450
v 0.049232 -0.013532 -0.005450
v 0.049091 -0.013869 -0.005450
v 0.048903 -0.014183 -0.005450
v 0.048672 -0.014467 -0.005450
v 0.048404 -0.014715 -0.005450
v 0.048102 -0.014922 -0.005450
v 0.047775 -0.015084 -0.005450
v 0.047427 -0.015198 -0.005450
v 0.047067 -0.015261 -0.005450
v 0.046702 -0.015273 -0.005450
v 0.046338 -0.015232 -0.005450
v 0.045985 -0.015140 -0.005450
v 0.045647 -0.014999 -0.005450
v 0.045334 -0.014811 -0.005450
v 0.045050 -0.014580 -0.005450
v 0.044802 -0.014312 -0.005450
v 0.044595 -0.014010 -0.005450
v 0.044433 -0.013683 -0.005450
v 0.033294 -0.035553 -0.006700
v 0.034009 -0.035650 -0.006700
v 0.033880 -0.035626 -0.006700
v 0.033412 -0.035400 -0.006700
v 0.033076 -0.035003 -0.006700
v 0.033021 -0.034885 -0.006700
v 0.035166 -0.035177 -0.006700
v 0.034881 -0.035445 -0.006700
v 0.034724 -0.035747 -0.006700
v 0.034400 -0.035641 -0.006700
v 0.035608 -0.034606 -0.006700
v 0.035334 -0.033938 -0.006700
v 0.035378 -0.034062 -0.006700
v 0.035416 -0.034580 -0.006700
v 0.035240 -0.035069 -0.006700
v 0.034346 -0.033173 -0.006700
v 0.034721 -0.033286 -0.006700
v 0.035061 -0.033270 -0.006700
v 0.035132 -0.033604 -0.006700
v 0.033631 -0.033076 -0.006700
v 0.033189 -0.033646 -0.006700
v 0.033275 -0.033547 -0.006700
v 0.033704 -0.033255 -0.006700
v 0.034216 -0.033162 -0.006700
v 0.032931 -0.034504 -0.006700
v 0.032747 -0.034217 -0.006700
v 0.033001 -0.033989 -0.006700
v 0.032010 -0.033441 -0.005400
v 0.031894 -0.033760 -0.005400
v 0.032747 -0.034217 -0.005400
v 0.033822 -0.032063 -0.005400
v 0.033491 -0.032138 -0.005400
v 0.033631 -0.033076 -0.005400
v 0.033175 -0.032259 -0.005400
v 0.032878 -0.032423 -0.005400
v 0.032609 -0.032628 -0.005400
v 0.032371 -0.032870 -0.005400
v 0.032170 -0.033143 -0.005400
v 0.035961 -0.032843 -0.005400
v 0.035719 -0.032605 -0.005400
v 0.035061 -0.033270 -0.005400
v 0.035446 -0.032404 -0.005400
v 0.035148 -0.032244 -0.005400
v 0.034829 -0.032128 -0.005400
v 0.034498 -0.032058 -0.005400
v 0.034159 -0.032037 -0.005400
v 0.031824 -0.034091 -0.005400
v 0.031803 -0.034429 -0.005400
v 0.031829 -0.034767 -0.005400
v 0.035608 -0.034606 -0.005400
v 0.036552 -0.034393 -0.005400
v 0.036526 -0.034056 -0.005400
v 0.036451 -0.033725 -0.005400
v 0.036330 -0.033408 -0.005400
v 0.036166 -0.033112 -0.005400
v 0.036345 -0.035382 -0.005400
v 0.036461 -0.035063 -0.005400
v 0.036531 -0.034732 -0.005400
v 0.034533 -0.036760 -0.005400
v 0.034864 -0.036685 -0.005400
v 0.034724 -0.035747 -0.005400
v 0.035180 -0.036564 -0.005400
v 0.035477 -0.036400 -0.005400
v 0.031904 -0.035098 -0.005400
v 0.032025 -0.035414 -0.005400
v 0.033294 -0.035553 -0.005400
v 0.032189 -0.035711 -0.005400
v 0.032394 -0.035980 -0.005400
v 0.035746 -0.036195 -0.005400
v 0.035984 -0.035953 -0.005400
v 0.036185 -0.035680 -0.005400
v 0.032636 -0.036218 -0.005400
v 0.032909 -0.036419 -0.005400
v 0.033207 -0.036579 -0.005400
v 0.033526 -0.036695 -0.005400
v 0.033857 -0.036765 -0.005400
v 0.034196 -0.036786 -0.005400
v 0.035371 -0.033503 -0.008400
v 0.036670 -0.033250 -0.008400
v 0.035628 -0.034029 -0.008400
v 0.036896 -0.033999 -0.008400
v 0.035664 -0.034614 -0.008400
v 0.036902 -0.034782 -0.008400
v 0.035473 -0.035167 -0.008400
v 0.033796 -0.032961 -0.008400
v 0.034157 -0.031662 -0.008400
v 0.034380 -0.032925 -0.008400
v 0.034932 -0.031767 -0.008400
v 0.034933 -0.033116 -0.008400
v 0.035647 -0.032087 -0.008400
v 0.036242 -0.032595 -0.008400
v 0.032882 -0.033656 -0.008400
v 0.032086 -0.032626 -0.008400
v 0.033270 -0.033217 -0.008400
v 0.032673 -0.032109 -0.008400
v 0.033383 -0.031779 -0.008400
v 0.032984 -0.035319 -0.008400
v 0.031685 -0.035573 -0.008400
v 0.032727 -0.034793 -0.008400
v 0.031459 -0.034823 -0.008400
v 0.032691 -0.034209 -0.008400
v 0.031453 -0.034041 -0.008400
v 0.031667 -0.033288 -0.008400
v 0.033975 -0.035898 -0.008400
v 0.033423 -0.037056 -0.008400
v 0.033422 -0.035707 -0.008400
v 0.032708 -0.036736 -0.008400
v 0.032113 -0.036228 -0.008400
v 0.036688 -0.035535 -0.008400
v 0.036269 -0.036196 -0.008400
v 0.035086 -0.035605 -0.008400
v 0.035682 -0.036714 -0.008400
v 0.034559 -0.035862 -0.008400
v 0.034972 -0.037044 -0.008400
v 0.034198 -0.037161 -0.008400
v 0.036822 -0.035166 -0.005775
v 0.036688 -0.035535 -0.005775
v 0.036502 -0.035881 -0.005775
v 0.036269 -0.036196 -0.005775
v 0.035994 -0.036476 -0.005775
v 0.035682 -0.036714 -0.005775
v 0.035339 -0.036904 -0.005775
v 0.034972 -0.037044 -0.005775
v 0.034590 -0.037130 -0.005775
v 0.034198 -0.037161 -0.005775
v 0.033807 -0.037136 -0.005775
v 0.033423 -0.037056 -0.005775
v 0.033054 -0.036922 -0.005775
v 0.032708 -0.036736 -0.005775
v 0.032392 -0.036503 -0.005775
v 0.032113 -0.036228 -0.005775
v 0.031875 -0.035916 -0.005775
v 0.031685 -0.035573 -0.005775
v 0.031545 -0.035206 -0.005775
v 0.031459 -0.034823 -0.005775
v 0.031428 -0.034432 -0.005775
v 0.031453 -0.034041 -0.005775
v 0.031533 -0.033657 -0.005775
v 0.031667 -0.033288 -0.005775
v 0.031853 -0.032942 -0.005775
v 0.032086 -0.032626 -0.005775
v 0.032361 -0.032347 -0.005775
v 0.032673 -0.032109 -0.005775
v 0.033016 -0.031919 -0.005775
v 0.033383 -0.031779 -0.005775
v 0.033766 -0.031692 -0.005775
v 0.034157 -0.031662 -0.005775
v 0.034548 -0.031687 -0.005775
v 0.034932 -0.031767 -0.005775
v 0.035301 -0.031901 -0.005775
v 0.035647 -0.032087 -0.005775
v 0.035963 -0.032320 -0.005775
v 0.036242 -0.032595 -0.005775
v 0.036480 -0.032907 -0.005775
v 0.036670 -0.033250 -0.005775
v 0.036810 -0.033617 -0.005775
v 0.036896 -0.033999 -0.005775
v 0.036927 -0.034391 -0.005775
v 0.036902 -0.034782 -0.005775
v 0.035628 -0.034029 -0.028300
v 0.035371 -0.033503 -0.028300
v 0.034933 -0.033116 -0.028300
v 0.034380 -0.032925 -0.028300
v 0.033796 -0.032961 -0.028300
v 0.033270 -0.033217 -0.028300
v 0.032882 -0.033656 -0.028300
v 0.032691 -0.034209 -0.028300
v 0.032727 -0.034793 -0.028300
v 0.032984 -0.035319 -0.028300
v 0.033422 -0.035707 -0.028300
v 0.033975 -0.035898 -0.028300
v 0.034559 -0.035862 -0.028300
v 0.035086 -0.035605 -0.028300
v 0.035473 -0.035167 -0.028300
v 0.035664 -0.034614 -0.028300
v 0.032790 -0.034223 -0.028400
v 0.032968 -0.033706 -0.028400
v 0.034178 -0.034411 -0.028400
v 0.033472 -0.035621 -0.028400
v 0.033063 -0.035259 -0.028400
v 0.032824 -0.034768 -0.028400
v 0.035025 -0.035526 -0.028400
v 0.034534 -0.035765 -0.028400
v 0.033989 -0.035799 -0.028400
v 0.035531 -0.034055 -0.028400
v 0.035565 -0.034600 -0.028400
v 0.035387 -0.035117 -0.028400
v 0.034366 -0.033024 -0.028400
v 0.034883 -0.033202 -0.028400
v 0.035292 -0.033564 -0.028400
v 0.033330 -0.033297 -0.028400
v 0.033821 -0.033058 -0.028400
v 0.034178 -0.034411 -0.007422
v 0.031581 -0.033671 -0.005588
v 0.031713 -0.033309 -0.005588
v 0.031895 -0.032969 -0.005588
v 0.032124 -0.032659 -0.005588
v 0.032394 -0.032385 -0.005588
v 0.032701 -0.032151 -0.005588
v 0.033037 -0.031964 -0.005588
v 0.033397 -0.031827 -0.005588
v 0.033773 -0.031742 -0.005588
v 0.034157 -0.031712 -0.005588
v 0.034541 -0.031736 -0.005588
v 0.034918 -0.031815 -0.005588
v 0.035280 -0.031947 -0.005588
v 0.035620 -0.032129 -0.005588
v 0.035930 -0.032358 -0.005588
v 0.036204 -0.032628 -0.005588
v 0.036438 -0.032935 -0.005588
v 0.036625 -0.033271 -0.005588
v 0.036762 -0.033631 -0.005588
v 0.036847 -0.034007 -0.005588
v 0.036877 -0.034391 -0.005588
v 0.036853 -0.034775 -0.005588
v 0.036774 -0.035152 -0.005588
v 0.036642 -0.035514 -0.005588
v 0.036460 -0.035854 -0.005588
v 0.036231 -0.036164 -0.005588
v 0.035961 -0.036438 -0.005588
v 0.035654 -0.036671 -0.005588
v 0.035318 -0.036859 -0.005588
v 0.034958 -0.036996 -0.005588
v 0.034582 -0.037081 -0.005588
v 0.034198 -0.037111 -0.005588
v 0.033814 -0.037087 -0.005588
v 0.033437 -0.037008 -0.005588
v 0.033075 -0.036876 -0.005588
v 0.032735 -0.036694 -0.005588
v 0.032425 -0.036465 -0.005588
v 0.032151 -0.036195 -0.005588
v 0.031917 -0.035888 -0.005588
v 0.031730 -0.035552 -0.005588
v 0.031593 -0.035192 -0.005588
v 0.031508 -0.034816 -0.005588
v 0.031478 -0.034432 -0.005588
v 0.031502 -0.034048 -0.005588
v 0.031713 -0.033708 -0.005450
v 0.031839 -0.033365 -0.005450
v 0.032011 -0.033042 -0.005450
v 0.032228 -0.032748 -0.005450
v 0.032485 -0.032488 -0.005450
v 0.032776 -0.032266 -0.005450
v 0.033095 -0.032089 -0.005450
v 0.033437 -0.031958 -0.005450
v 0.033794 -0.031878 -0.005450
v 0.034158 -0.031849 -0.005450
v 0.034523 -0.031872 -0.005450
v 0.034881 -0.031947 -0.005450
v 0.035224 -0.032073 -0.005450
v 0.035547 -0.032245 -0.005450
v 0.035841 -0.032462 -0.005450
v 0.036101 -0.032719 -0.005450
v 0.036323 -0.033010 -0.005450
v 0.036500 -0.033329 -0.005450
v 0.036631 -0.033671 -0.005450
v 0.036711 -0.034028 -0.005450
v 0.036740 -0.034392 -0.005450
v 0.036717 -0.034757 -0.005450
v 0.036642 -0.035115 -0.005450
v 0.036516 -0.035458 -0.005450
v 0.036344 -0.035780 -0.005450
v 0.036127 -0.036075 -0.005450
v 0.035870 -0.036335 -0.005450
v 0.035579 -0.036557 -0.005450
v 0.035260 -0.036734 -0.005450
v 0.034918 -0.036865 -0.005450
v 0.034561 -0.036945 -0.005450
v 0.034197 -0.036974 -0.005450
v 0.033832 -0.036951 -0.005450
v 0.033474 -0.036876 -0.005450
v 0.033131 -0.036750 -0.005450
v 0.032809 -0.036578 -0.005450
v 0.032514 -0.036361 -0.005450
v 0.032254 -0.036104 -0.005450
v 0.032032 -0.035813 -0.005450
v 0.031855 -0.035494 -0.005450
v 0.031724 -0.035152 -0.005450
v 0.031644 -0.034795 -0.005450
v 0.031615 -0.034431 -0.005450
v 0.031638 -0.034066 -0.005450
v 0.011057 -0.047437 -0.006700
v 0.011628 -0.047878 -0.006700
v 0.011529 -0.047793 -0.006700
v 0.011236 -0.047363 -0.006700
v 0.011143 -0.046852 -0.006700
v 0.011154 -0.046721 -0.006700
v 0.012866 -0.048047 -0.006700
v 0.012486 -0.048136 -0.006700
v 0.012198 -0.048320 -0.006700
v 0.011971 -0.048066 -0.006700
v 0.013534 -0.047774 -0.006700
v 0.013631 -0.047058 -0.006700
v 0.013607 -0.047187 -0.006700
v 0.013381 -0.047655 -0.006700
v 0.012985 -0.047991 -0.006700
v 0.013158 -0.045902 -0.006700
v 0.013426 -0.046186 -0.006700
v 0.013729 -0.046343 -0.006700
v 0.013623 -0.046667 -0.006700
v 0.012587 -0.045460 -0.006700
v 0.011919 -0.045733 -0.006700
v 0.012043 -0.045690 -0.006700
v 0.012561 -0.045651 -0.006700
v 0.013051 -0.045827 -0.006700
v 0.011267 -0.046347 -0.006700
v 0.011252 -0.046006 -0.006700
v 0.011585 -0.045936 -0.006700
v 0.013565 -0.044824 -0.005400
v 0.013259 -0.044678 -0.005400
v 0.012587 -0.045460 -0.005400
v 0.014045 -0.048596 -0.005400
v 0.014271 -0.048344 -0.005400
v 0.013534 -0.047774 -0.005400
v 0.014459 -0.048062 -0.005400
v 0.011221 -0.048956 -0.005400
v 0.011527 -0.049101 -0.005400
v 0.012198 -0.048320 -0.005400
v 0.011850 -0.049202 -0.005400
v 0.012935 -0.044578 -0.005400
v 0.012601 -0.044524 -0.005400
v 0.012262 -0.044519 -0.005400
v 0.010021 -0.047021 -0.005400
v 0.010064 -0.047357 -0.005400
v 0.011057 -0.047437 -0.005400
v 0.010154 -0.047684 -0.005400
v 0.010290 -0.047994 -0.005400
v 0.010327 -0.045718 -0.005400
v 0.010181 -0.046024 -0.005400
v 0.011252 -0.046006 -0.005400
v 0.010081 -0.046348 -0.005400
v 0.010027 -0.046682 -0.005400
v 0.011001 -0.044966 -0.005400
v 0.010741 -0.045184 -0.005400
v 0.010515 -0.045436 -0.005400
v 0.014764 -0.046759 -0.005400
v 0.014721 -0.046423 -0.005400
v 0.013729 -0.046343 -0.005400
v 0.014631 -0.046096 -0.005400
v 0.014496 -0.045786 -0.005400
v 0.012185 -0.049256 -0.005400
v 0.012524 -0.049261 -0.005400
v 0.012860 -0.049219 -0.005400
v 0.011926 -0.044561 -0.005400
v 0.011599 -0.044652 -0.005400
v 0.011289 -0.044787 -0.005400
v 0.014604 -0.047756 -0.005400
v 0.014705 -0.047432 -0.005400
v 0.014759 -0.047098 -0.005400
v 0.010469 -0.048282 -0.005400
v 0.010686 -0.048542 -0.005400
v 0.010939 -0.048768 -0.005400
v 0.014317 -0.045498 -0.005400
v 0.014099 -0.045238 -0.005400
v 0.013847 -0.045012 -0.005400
v 0.013187 -0.049128 -0.005400
v 0.013497 -0.048993 -0.005400
v 0.013785 -0.048814 -0.005400
v 0.013881 -0.046701 -0.008400
v 0.015132 -0.047131 -0.008400
v 0.013840 -0.047284 -0.008400
v 0.014954 -0.047893 -0.008400
v 0.013579 -0.047808 -0.008400
v 0.014567 -0.048573 -0.008400
v 0.013137 -0.048192 -0.008400
v 0.013311 -0.045704 -0.008400
v 0.014369 -0.044977 -0.008400
v 0.013695 -0.046146 -0.008400
v 0.014828 -0.045611 -0.008400
v 0.015089 -0.046349 -0.008400
v 0.010905 -0.047079 -0.008400
v 0.009653 -0.046649 -0.008400
v 0.010946 -0.046495 -0.008400
v 0.009832 -0.045887 -0.008400
v 0.011207 -0.045972 -0.008400
v 0.010218 -0.045206 -0.008400
v 0.011648 -0.045588 -0.008400
v 0.014005 -0.049118 -0.008400
v 0.013312 -0.049482 -0.008400
v 0.012582 -0.048378 -0.008400
v 0.012545 -0.049636 -0.008400
v 0.011998 -0.048337 -0.008400
v 0.011765 -0.049567 -0.008400
v 0.011475 -0.048076 -0.008400
v 0.010781 -0.044662 -0.008400
v 0.011474 -0.044298 -0.008400
v 0.012203 -0.045402 -0.008400
v 0.012241 -0.044144 -0.008400
v 0.012787 -0.045443 -0.008400
v 0.013021 -0.044213 -0.008400
v 0.013750 -0.044498 -0.008400
v 0.011036 -0.049282 -0.008400
v 0.010417 -0.048803 -0.008400
v 0.011091 -0.047634 -0.008400
v 0.009958 -0.048169 -0.008400
v 0.009697 -0.047431 -0.008400
v 0.014306 -0.048866 -0.005775
v 0.014005 -0.049118 -0.005775
v 0.013671 -0.049325 -0.005775
v 0.013312 -0.049482 -0.005775
v 0.012934 -0.049586 -0.005775
v 0.012545 -0.049636 -0.005775
v 0.012152 -0.049629 -0.005775
v 0.011765 -0.049567 -0.005775
v 0.011390 -0.049451 -0.005775
v 0.011036 -0.049282 -0.005775
v 0.010709 -0.049064 -0.005775
v 0.010417 -0.048803 -0.005775
v 0.010165 -0.048502 -0.005775
v 0.009958 -0.048169 -0.005775
v 0.009801 -0.047809 -0.005775
v 0.009697 -0.047431 -0.005775
v 0.009647 -0.047042 -0.005775
v 0.009653 -0.046649 -0.005775
v 0.009716 -0.046262 -0.005775
v 0.009832 -0.045887 -0.005775
v 0.010001 -0.045533 -0.005775
v 0.010218 -0.045206 -0.005775
v 0.010480 -0.044914 -0.005775
v 0.010781 -0.044662 -0.005775
v 0.011114 -0.044455 -0.005775
v 0.011474 -0.044298 -0.005775
v 0.011852 -0.044194 -0.005775
v 0.012241 -0.044144 -0.005775
v 0.012633 -0.044150 -0.005775
v 0.013021 -0.044213 -0.005775
v 0.013396 -0.044329 -0.005775
v 0.013750 -0.044498 -0.005775
v 0.014076 -0.044715 -0.005775
v 0.014369 -0.044977 -0.005775
v 0.014621 -0.045278 -0.005775
v 0.014828 -0.045611 -0.005775
v 0.014985 -0.045971 -0.005775
v 0.015089 -0.046349 -0.005775
v 0.015139 -0.046738 -0.005775
v 0.015132 -0.047131 -0.005775
v 0.015070 -0.047518 -0.005775
v 0.014954 -0.047893 -0.005775
v 0.014785 -0.048247 -0.005775
v 0.014567 -0.048573 -0.005775
v 0.013840 -0.047284 -0.028300
v 0.013881 -0.046701 -0.028300
v 0.013695 -0.046146 -0.028300
v 0.013311 -0.045704 -0.028300
v 0.012787 -0.045443 -0.028300
v 0.012203 -0.045402 -0.028300
v 0.011648 -0.045588 -0.028300
v 0.011207 -0.045972 -0.028300
v 0.010946 -0.046495 -0.028300
v 0.010905 -0.047079 -0.028300
v 0.011091 -0.047634 -0.028300
v 0.011475 -0.048076 -0.028300
v 0.011998 -0.048337 -0.028300
v 0.012582 -0.048378 -0.028300
v 0.013137 -0.048192 -0.028300
v 0.013579 -0.047808 -0.028300
v 0.011286 -0.046033 -0.028400
v 0.011698 -0.045675 -0.028400
v 0.012393 -0.046890 -0.028400
v 0.011177 -0.047585 -0.028400
v 0.011004 -0.047067 -0.028400
v 0.011042 -0.046522 -0.028400
v 0.012570 -0.048279 -0.028400
v 0.012025 -0.048241 -0.028400
v 0.011536 -0.047997 -0.028400
v 0.013744 -0.047258 -0.028400
v 0.013500 -0.047747 -0.028400
v 0.013088 -0.048105 -0.028400
v 0.013250 -0.045783 -0.028400
v 0.013608 -0.046195 -0.028400
v 0.013782 -0.046713 -0.028400
v 0.012216 -0.045501 -0.028400
v 0.012761 -0.045539 -0.028400
v 0.012393 -0.046890 -0.007422
v 0.010515 -0.044950 -0.005588
v 0.010810 -0.044703 -0.005588
v 0.011138 -0.044500 -0.005588
v 0.011491 -0.044345 -0.005588
v 0.011862 -0.044243 -0.005588
v 0.012244 -0.044194 -0.005588
v 0.012629 -0.044201 -0.005588
v 0.013009 -0.044262 -0.005588
v 0.013377 -0.044376 -0.005588
v 0.013725 -0.044542 -0.005588
v 0.014046 -0.044755 -0.005588
v 0.014333 -0.045012 -0.005588
v 0.014580 -0.045307 -0.005588
v 0.014783 -0.045635 -0.005588
v 0.014937 -0.045988 -0.005588
v 0.015040 -0.046359 -0.005588
v 0.015089 -0.046741 -0.005588
v 0.015082 -0.047126 -0.005588
v 0.015021 -0.047507 -0.005588
v 0.014907 -0.047874 -0.005588
v 0.014741 -0.048222 -0.005588
v 0.014528 -0.048543 -0.005588
v 0.014271 -0.048830 -0.005588
v 0.013976 -0.049077 -0.005588
v 0.013648 -0.049280 -0.005588
v 0.013295 -0.049434 -0.005588
v 0.012924 -0.049537 -0.005588
v 0.012542 -0.049586 -0.005588
v 0.012157 -0.049579 -0.005588
v 0.011776 -0.049518 -0.005588
v 0.011409 -0.049404 -0.005588
v 0.011061 -0.049238 -0.005588
v 0.010740 -0.049025 -0.005588
v 0.010453 -0.048768 -0.005588
v 0.010206 -0.048473 -0.005588
v 0.010003 -0.048145 -0.005588
v 0.009848 -0.047792 -0.005588
v 0.009746 -0.047421 -0.005588
v 0.009697 -0.047039 -0.005588
v 0.009703 -0.046654 -0.005588
v 0.009764 -0.046273 -0.005588
v 0.009879 -0.045906 -0.005588
v 0.010045 -0.045558 -0.005588
v 0.010258 -0.045237 -0.005588
v 0.010611 -0.045049 -0.005450
v 0.010891 -0.044814 -0.005450
v 0.011201 -0.044621 -0.005450
v 0.011536 -0.044475 -0.005450
v 0.011889 -0.044378 -0.005450
v 0.012252 -0.044331 -0.005450
v 0.012617 -0.044337 -0.005450
v 0.012978 -0.044395 -0.005450
v 0.013327 -0.044504 -0.005450
v 0.013657 -0.044661 -0.005450
v 0.013962 -0.044864 -0.005450
v 0.014234 -0.045108 -0.005450
v 0.014469 -0.045388 -0.005450
v 0.014662 -0.045698 -0.005450
v 0.014808 -0.046033 -0.005450
v 0.014905 -0.046386 -0.005450
v 0.014951 -0.046749 -0.005450
v 0.014946 -0.047114 -0.005450
v 0.014888 -0.047475 -0.005450
v 0.014779 -0.047824 -0.005450
v 0.014622 -0.048154 -0.005450
v 0.014419 -0.048459 -0.005450
v 0.014175 -0.048731 -0.005450
v 0.013895 -0.048966 -0.005450
v 0.013584 -0.049159 -0.005450
v 0.013249 -0.049305 -0.005450
v 0.012897 -0.049402 -0.005450
v 0.012534 -0.049449 -0.005450
v 0.012169 -0.049443 -0.005450
v 0.011808 -0.049385 -0.005450
v 0.011459 -0.049276 -0.005450
v 0.011128 -0.049119 -0.005450
v 0.010824 -0.048916 -0.005450
v 0.010552 -0.048672 -0.005450
v 0.010317 -0.048392 -0.005450
v 0.010124 -0.048081 -0.005450
v 0.009978 -0.047746 -0.005450
v 0.009880 -0.047394 -0.005450
v 0.009834 -0.047031 -0.005450
v 0.009840 -0.046666 -0.005450
v 0.009898 -0.046305 -0.005450
v 0.010007 -0.045956 -0.005450
v 0.010164 -0.045626 -0.005450
v 0.010367 -0.045321 -0.005450
v -0.036737 0.035976 -0.004800
v -0.035724 0.036982 -0.004800
v -0.038609 0.041772 -0.004800
v -0.029381 0.048706 -0.004800
v -0.002492 0.056827 -0.004800
v -0.013913 0.055154 -0.004800
v -0.012447 0.049889 -0.004800
v 0.009031 0.056160 -0.004800
v 0.011392 0.049498 -0.004800
v 0.012787 0.049803 -0.004800
v 0.039568 0.040864 -0.004800
v 0.030504 0.048011 -0.004800
v 0.034615 0.037171 -0.004800
v -0.051981 0.023099 -0.004800
v -0.048460 0.015214 -0.004800
v -0.047115 0.015696 -0.004800
v 0.020183 0.053181 -0.004800
v -0.029004 0.035961 -0.004800
v -0.025256 0.038686 -0.004800
v -0.015375 0.047221 -0.004800
v -0.014883 0.048562 -0.004800
v -0.024762 0.051210 -0.004800
v 0.016641 0.043099 -0.004800
v 0.025519 0.038513 -0.004800
v 0.045805 0.015190 -0.004800
v 0.047221 0.015375 -0.004800
v 0.052503 0.021886 -0.004800
v 0.055840 0.010836 -0.004800
v 0.049575 0.011054 -0.004800
v 0.056878 -0.000660 -0.004800
v 0.048651 0.009964 -0.004800
v 0.047329 0.009425 -0.004800
v -0.034360 0.037406 -0.004800
v -0.032955 0.037151 -0.004800
v -0.031827 0.036275 -0.004800
v -0.013828 0.049525 -0.004800
v 0.014165 0.049429 -0.004800
v 0.015214 0.048460 -0.004800
v 0.015696 0.047115 -0.004800
v 0.015502 0.045700 -0.004800
v 0.048562 0.014883 -0.004800
v 0.049525 0.013828 -0.004800
v 0.049889 0.012447 -0.004800
v 0.045645 0.007138 -0.004800
v 0.046131 0.002529 -0.004800
v 0.045596 -0.007449 -0.004800
v 0.047263 -0.009748 -0.004800
v 0.048582 -0.010296 -0.004800
v 0.049498 -0.011392 -0.004800
v 0.055574 -0.012129 -0.004800
v 0.049803 -0.012787 -0.004800
v 0.051981 -0.023099 -0.004800
v 0.049429 -0.014165 -0.004800
v 0.036737 -0.035976 -0.004800
v 0.035724 -0.036982 -0.004800
v 0.038609 -0.041772 -0.004800
v -0.039931 0.023236 -0.004800
v -0.045700 0.015502 -0.004800
v -0.043099 0.016641 -0.004800
v -0.011054 0.049575 -0.004800
v -0.009964 0.048651 -0.004800
v -0.009425 0.047329 -0.004800
v 0.032073 0.036057 -0.004800
v 0.033208 0.036925 -0.004800
v 0.035976 0.036737 -0.004800
v 0.036982 0.035724 -0.004800
v 0.047004 0.032035 -0.004800
v 0.037406 0.034360 -0.004800
v 0.037151 0.032955 -0.004800
v 0.036275 0.031827 -0.004800
v -0.048562 -0.014883 -0.004800
v -0.049525 -0.013828 -0.004800
v -0.052503 -0.021886 -0.004800
v -0.047263 0.009748 -0.004800
v -0.048582 0.010296 -0.004800
v -0.056878 0.000660 -0.004800
v -0.049498 0.011392 -0.004800
v -0.055574 0.012129 -0.004800
v -0.049803 0.012787 -0.004800
v -0.049429 0.014165 -0.004800
v -0.007921 0.045678 -0.004800
v -0.007138 0.045645 -0.004800
v -0.005207 0.045906 -0.004800
v 0.005520 0.045869 -0.004800
v 0.045678 0.007921 -0.004800
v 0.046010 0.008632 -0.004800
v 0.046590 0.009160 -0.004800
v 0.013913 -0.055154 -0.004800
v 0.013828 -0.049525 -0.004800
v 0.012447 -0.049889 -0.004800
v -0.055840 -0.010836 -0.004800
v -0.044929 0.015362 -0.004800
v -0.044162 0.015530 -0.004800
v -0.043519 0.015979 -0.004800
v -0.035762 0.029249 -0.004800
v -0.035395 0.029941 -0.004800
v -0.035321 0.030723 -0.004800
v -0.037171 0.034615 -0.004800
v -0.046247 0.033117 -0.004800
v -0.036925 0.033208 -0.004800
v -0.036057 0.032073 -0.004800
v -0.035554 0.031472 -0.004800
v -0.029699 0.035598 -0.004800
v -0.030481 0.035530 -0.004800
v -0.031228 0.035768 -0.004800
v -0.016347 0.043211 -0.004800
v -0.015682 0.043627 -0.004800
v -0.015228 0.044267 -0.004800
v -0.027100 0.050011 -0.004800
v -0.015190 0.045805 -0.004800
v -0.015055 0.045032 -0.004800
v 0.007449 0.045596 -0.004800
v 0.008233 0.045623 -0.004800
v 0.008946 0.045951 -0.004800
v 0.010296 0.048582 -0.004800
v 0.009748 0.047263 -0.004800
v 0.009478 0.046527 -0.004800
v 0.015979 0.043519 -0.004800
v 0.015530 0.044162 -0.004800
v 0.015362 0.044929 -0.004800
v 0.030723 0.035321 -0.004800
v 0.031472 0.035554 -0.004800
v 0.029941 0.035395 -0.004800
v 0.029249 0.035762 -0.004800
v 0.035768 0.031228 -0.004800
v 0.035530 0.030481 -0.004800
v 0.046527 -0.009478 -0.004800
v 0.045951 -0.008946 -0.004800
v 0.045623 -0.008233 -0.004800
v 0.029004 -0.035961 -0.004800
v 0.020594 -0.041356 -0.004800
v 0.027100 -0.050011 -0.004800
v -0.009031 -0.056160 -0.004800
v -0.011392 -0.049498 -0.004800
v -0.012787 -0.049803 -0.004800
v -0.047004 -0.032035 -0.004800
v -0.039568 -0.040864 -0.004800
v -0.036982 -0.035724 -0.004800
v -0.037152 -0.027462 -0.004800
v -0.042484 -0.018154 -0.004800
v -0.049889 -0.012447 -0.004800
v -0.049575 -0.011054 -0.004800
v -0.048651 -0.009964 -0.004800
v -0.047329 -0.009425 -0.004800
v 0.035598 0.029699 -0.004800
v 0.035961 0.029004 -0.004800
v 0.040089 0.022963 -0.004800
v 0.044267 0.015228 -0.004800
v 0.045032 0.015055 -0.004800
v 0.043627 0.015682 -0.004800
v 0.043211 0.016347 -0.004800
v 0.029381 -0.048706 -0.004800
v 0.034360 -0.037406 -0.004800
v 0.032955 -0.037151 -0.004800
v 0.031827 -0.036275 -0.004800
v 0.002492 -0.056827 -0.004800
v -0.020183 -0.053181 -0.004800
v -0.045645 -0.007138 -0.004800
v -0.046112 0.002844 -0.004800
v -0.045596 0.007449 -0.004800
v -0.009160 0.046590 -0.004800
v -0.008632 0.046010 -0.004800
v 0.042359 -0.018443 -0.004800
v 0.036964 -0.027715 -0.004800
v 0.029699 -0.035598 -0.004800
v -0.016641 -0.043099 -0.004800
v -0.020875 -0.041215 -0.004800
v -0.030504 -0.048011 -0.004800
v -0.034615 -0.037171 -0.004800
v -0.035976 -0.036737 -0.004800
v 0.048460 -0.015214 -0.004800
v 0.047115 -0.015696 -0.004800
v 0.045700 -0.015502 -0.004800
v 0.043099 -0.016641 -0.004800
v -0.014165 -0.049429 -0.004800
v -0.015214 -0.048460 -0.004800
v -0.015696 -0.047115 -0.004800
v -0.015502 -0.045700 -0.004800
v -0.045678 -0.007921 -0.004800
v -0.046010 -0.008632 -0.004800
v -0.046590 -0.009160 -0.004800
v 0.016347 -0.043211 -0.004800
v 0.015682 -0.043627 -0.004800
v 0.015228 -0.044267 -0.004800
v 0.014883 -0.048562 -0.004800
v 0.024762 -0.051210 -0.004800
v 0.015375 -0.047221 -0.004800
v 0.015190 -0.045805 -0.004800
v 0.015055 -0.045032 -0.004800
v -0.032073 -0.036057 -0.004800
v -0.033208 -0.036925 -0.004800
v -0.036275 -0.031827 -0.004800
v -0.035768 -0.031228 -0.004800
v -0.035530 -0.030481 -0.004800
v -0.043211 -0.016347 -0.004800
v -0.043627 -0.015682 -0.004800
v -0.044267 -0.015228 -0.004800
v -0.046527 0.009478 -0.004800
v -0.045951 0.008946 -0.004800
v -0.045623 0.008233 -0.004800
v 0.044929 -0.015362 -0.004800
v 0.044162 -0.015530 -0.004800
v 0.043519 -0.015979 -0.004800
v 0.037171 -0.034615 -0.004800
v 0.046247 -0.033117 -0.004800
v 0.036925 -0.033208 -0.004800
v 0.036057 -0.032073 -0.004800
v 0.035762 -0.029249 -0.004800
v 0.031228 -0.035768 -0.004800
v 0.030481 -0.035530 -0.004800
v 0.009425 -0.047329 -0.004800
v 0.009160 -0.046590 -0.004800
v 0.008632 -0.046010 -0.004800
v -0.037406 -0.034360 -0.004800
v -0.037151 -0.032955 -0.004800
v -0.035961 -0.029004 -0.004800
v -0.035598 -0.029699 -0.004800
v -0.047221 -0.015375 -0.004800
v -0.045805 -0.015190 -0.004800
v -0.045032 -0.015055 -0.004800
v 0.035395 -0.029941 -0.004800
v 0.035321 -0.030723 -0.004800
v 0.035554 -0.031472 -0.004800
v 0.011054 -0.049575 -0.004800
v 0.009964 -0.048651 -0.004800
v -0.000158 -0.046200 -0.004800
v 0.007138 -0.045645 -0.004800
v 0.007921 -0.045678 -0.004800
v -0.007449 -0.045596 -0.004800
v -0.008233 -0.045623 -0.004800
v -0.008946 -0.045951 -0.004800
v -0.010296 -0.048582 -0.004800
v -0.009748 -0.047263 -0.004800
v -0.009478 -0.046527 -0.004800
v -0.015979 -0.043519 -0.004800
v -0.015530 -0.044162 -0.004800
v -0.015362 -0.044929 -0.004800
v -0.030723 -0.035321 -0.004800
v -0.031472 -0.035554 -0.004800
v -0.029941 -0.035395 -0.004800
v -0.029249 -0.035762 -0.004800
v 0.055574 -0.012129 -0.020000
v 0.055574 -0.012129 -0.017598
v 0.051981 -0.023099 -0.017598
v -0.027100 0.050011 -0.020000
v -0.027100 0.050011 -0.018712
v -0.024762 0.051210 -0.020000
v -0.026327 0.050422 -0.018468
v 0.027100 -0.050011 -0.018712
v 0.027100 -0.050011 -0.020000
v 0.028426 -0.049270 -0.018847
v 0.029381 -0.048706 -0.020000
v 0.029664 -0.048534 -0.018649
v 0.038609 -0.041772 -0.017598
v 0.031568 -0.047319 -0.017598
v 0.030095 -0.048269 -0.018500
v 0.056736 -0.004066 -0.017598
v 0.056829 -0.002461 -0.018450
v 0.056856 -0.001732 -0.018669
v 0.056878 -0.000660 -0.020000
v 0.056880 -0.000521 -0.018841
v 0.055840 0.010836 -0.020000
v 0.056784 0.003333 -0.017832
v 0.056863 0.001463 -0.018639
v 0.056882 -0.000190 -0.020000
v 0.025506 0.050843 -0.017832
v 0.027165 0.049976 -0.018639
v 0.020183 0.053181 -0.020000
v 0.030504 0.048011 -0.020000
v 0.028891 0.048998 -0.018841
v 0.029927 0.048373 -0.018669
v -0.002492 0.056827 -0.017598
v -0.013913 0.055154 -0.020000
v -0.013913 0.055154 -0.017598
v -0.024762 0.051210 -0.017598
v -0.024847 0.051168 -0.017598
v 0.009031 0.056160 -0.020000
v 0.000205 0.056882 -0.020000
v -0.002492 0.056827 -0.020000
v 0.009031 0.056160 -0.017598
v 0.020183 0.053181 -0.017598
v 0.025195 0.050998 -0.017598
v 0.030546 0.047985 -0.018450
v 0.031890 0.047102 -0.017598
v 0.039568 0.040864 -0.020000
v 0.039568 0.040864 -0.017598
v 0.040823 0.039612 -0.020000
v 0.047004 0.032035 -0.020000
v 0.047004 0.032035 -0.017598
v 0.052503 0.021886 -0.017598
v 0.052503 0.021886 -0.020000
v 0.055840 0.010836 -0.017598
v 0.056763 0.003679 -0.017598
v 0.038609 -0.041772 -0.020000
v 0.046247 -0.033117 -0.020000
v 0.046247 -0.033117 -0.017598
v 0.051742 -0.023628 -0.020000
v 0.051981 -0.023099 -0.020000
v 0.026327 -0.050422 -0.018468
v 0.024762 -0.051210 -0.020000
v 0.026928 -0.050104 -0.018669
v -0.028426 0.049270 -0.018847
v -0.029381 0.048706 -0.020000
v -0.029664 0.048534 -0.018649
v -0.038609 0.041772 -0.017598
v -0.031568 0.047319 -0.017598
v -0.030095 0.048269 -0.018500
v -0.056829 0.002461 -0.018450
v -0.055574 0.012129 -0.020000
v -0.056856 0.001732 -0.018669
v -0.056878 0.000660 -0.020000
v -0.056880 0.000521 -0.018841
v -0.056863 -0.001463 -0.018639
v -0.055840 -0.010836 -0.020000
v -0.056784 -0.003333 -0.017832
v -0.029927 -0.048373 -0.018669
v -0.030546 -0.047985 -0.018450
v -0.030504 -0.048011 -0.020000
v -0.031890 -0.047102 -0.017598
v -0.039568 -0.040864 -0.020000
v -0.025195 -0.050998 -0.017598
v -0.025506 -0.050843 -0.017832
v -0.020183 -0.053181 -0.020000
v -0.027165 -0.049976 -0.018639
v -0.028891 -0.048998 -0.018841
v -0.020183 -0.053181 -0.017598
v -0.009031 -0.056160 -0.020000
v -0.009031 -0.056160 -0.017598
v 0.002492 -0.056827 -0.020000
v 0.002492 -0.056827 -0.017598
v 0.013913 -0.055154 -0.020000
v 0.013913 -0.055154 -0.017598
v 0.024762 -0.051210 -0.017598
v 0.024847 -0.051168 -0.017598
v -0.039568 -0.040864 -0.017598
v -0.047004 -0.032035 -0.017598
v -0.047004 -0.032035 -0.020000
v -0.052503 -0.021886 -0.017598
v -0.052503 -0.021886 -0.020000
v -0.055840 -0.010836 -0.017598
v -0.056763 -0.003679 -0.017598
v -0.038609 0.041772 -0.020000
v -0.046247 0.033117 -0.020000
v -0.046247 0.033117 -0.017598
v -0.051981 0.023099 -0.020000
v -0.051981 0.023099 -0.017598
v -0.055574 0.012129 -0.017598
v -0.056736 0.004066 -0.017598
v 0.025488 0.051218 -0.017598
v -0.007243 0.057078 -0.017598
v 0.000196 0.057535 -0.017598
v -0.025138 0.051391 -0.017598
v 0.007632 0.057027 -0.017598
v 0.014939 0.055562 -0.017598
v 0.021997 0.053165 -0.017598
v 0.025783 0.051436 -0.017598
v -0.025431 0.051610 -0.017598
v -0.021634 0.053313 -0.017598
v -0.014561 0.055663 -0.017598
v 0.031937 0.047466 -0.017598
v 0.031980 0.047829 -0.017598
v 0.035354 0.045393 -0.017598
v 0.057041 0.007533 -0.017598
v 0.057436 0.003389 -0.017598
v 0.057100 0.003536 -0.017598
v 0.049925 0.028598 -0.017598
v 0.045809 0.034812 -0.017598
v 0.040925 0.040442 -0.017598
v 0.055588 0.014843 -0.017598
v 0.053203 0.021905 -0.017598
v 0.057075 -0.003925 -0.017598
v 0.057411 -0.003781 -0.017598
v 0.056988 -0.007921 -0.017598
v 0.045571 -0.035123 -0.017598
v 0.035044 -0.045632 -0.017598
v 0.031653 -0.048046 -0.017598
v 0.031612 -0.047682 -0.017598
v 0.049729 -0.028937 -0.017598
v 0.053053 -0.022266 -0.017598
v 0.055486 -0.015221 -0.017598
v 0.040649 -0.040719 -0.017598
v -0.025488 -0.051218 -0.017598
v 0.007243 -0.057078 -0.017598
v -0.000196 -0.057535 -0.017598
v 0.025138 -0.051391 -0.017598
v -0.007632 -0.057027 -0.017598
v -0.014939 -0.055562 -0.017598
v -0.021997 -0.053165 -0.017598
v -0.025783 -0.051436 -0.017598
v 0.025431 -0.051610 -0.017598
v 0.021634 -0.053313 -0.017598
v 0.014561 -0.055663 -0.017598
v -0.031937 -0.047466 -0.017598
v -0.031980 -0.047829 -0.017598
v -0.035354 -0.045393 -0.017598
v -0.057041 -0.007533 -0.017598
v -0.057436 -0.003389 -0.017598
v -0.057100 -0.003536 -0.017598
v -0.049925 -0.028598 -0.017598
v -0.045809 -0.034812 -0.017598
v -0.040925 -0.040442 -0.017598
v -0.055588 -0.014843 -0.017598
v -0.053203 -0.021905 -0.017598
v -0.057075 0.003925 -0.017598
v -0.057411 0.003781 -0.017598
v -0.056988 0.007921 -0.017598
v -0.045571 0.035123 -0.017598
v -0.035044 0.045632 -0.017598
v -0.031653 0.048046 -0.017598
v -0.031612 0.047682 -0.017598
v -0.049729 0.028937 -0.017598
v -0.053053 0.022266 -0.017598
v -0.040649 0.040719 -0.017598
v -0.055486 0.015221 -0.017598
v 0.040742 -0.021784 -0.020000
v 0.040491 -0.023562 -0.020000
v 0.039650 -0.023714 -0.020000
v 0.039886 0.023315 -0.020000
v 0.040651 0.023285 -0.020000
v 0.040089 0.022963 -0.020000
v -0.044214 0.013401 -0.020000
v -0.040491 0.023562 -0.020000
v -0.039931 0.023236 -0.020000
v -0.046884 -0.010693 -0.020000
v -0.047735 -0.010918 -0.020000
v -0.047373 0.000162 -0.020000
v -0.020875 -0.041215 -0.020000
v -0.023562 -0.040491 -0.020000
v -0.023703 -0.039656 -0.020000
v 0.023562 0.040491 -0.020000
v 0.023262 -0.047453 -0.020000
v -0.023585 -0.047294 -0.020000
v -0.048279 0.011867 -0.020000
v -0.047659 0.011243 -0.020000
v -0.047294 0.023585 -0.020000
v -0.023285 0.040651 -0.020000
v -0.035022 0.035887 -0.020000
v -0.035647 0.035266 -0.020000
v -0.032708 0.033556 -0.020000
v -0.025256 0.038686 -0.020000
v -0.033496 0.031819 -0.020000
v -0.021458 0.040915 -0.020000
v -0.023379 0.039848 -0.020000
v -0.035877 0.034417 -0.020000
v -0.035653 0.033566 -0.020000
v -0.035033 0.032942 -0.020000
v -0.034183 0.032711 -0.020000
v -0.033333 0.032936 -0.020000
v -0.032478 0.034406 -0.020000
v -0.032702 0.035256 -0.020000
v -0.033322 0.035881 -0.020000
v -0.034172 0.036111 -0.020000
v -0.048504 0.012718 -0.020000
v -0.048274 0.013567 -0.020000
v -0.047649 0.014188 -0.020000
v -0.048359 -0.011538 -0.020000
v -0.048590 -0.012387 -0.020000
v -0.029817 -0.035290 -0.020000
v -0.032942 -0.035033 -0.020000
v -0.032711 -0.034183 -0.020000
v -0.048365 -0.013238 -0.020000
v -0.047453 -0.023262 -0.020000
v -0.040651 -0.023285 -0.020000
v -0.035256 -0.032702 -0.020000
v -0.032936 -0.033333 -0.020000
v -0.033556 -0.032708 -0.020000
v -0.037152 -0.027462 -0.020000
v -0.034406 -0.032478 -0.020000
v -0.042484 -0.018154 -0.020000
v -0.039811 -0.023443 -0.020000
v -0.035887 -0.035022 -0.020000
v -0.036111 -0.034172 -0.020000
v -0.035881 -0.033322 -0.020000
v -0.035266 -0.035647 -0.020000
v -0.034417 -0.035877 -0.020000
v -0.033566 -0.035653 -0.020000
v -0.011867 -0.048279 -0.020000
v -0.011243 -0.047659 -0.020000
v -0.000162 -0.047373 -0.020000
v 0.010918 -0.047735 -0.020000
v 0.011538 -0.048359 -0.020000
v 0.012387 -0.048590 -0.020000
v 0.013238 -0.048365 -0.020000
v 0.013862 -0.047745 -0.020000
v 0.036964 -0.027715 -0.020000
v 0.034172 -0.036111 -0.020000
v 0.035022 -0.035887 -0.020000
v 0.035647 -0.035266 -0.020000
v 0.035877 -0.034417 -0.020000
v 0.035653 -0.033566 -0.020000
v 0.035033 -0.032942 -0.020000
v 0.032708 -0.033556 -0.020000
v 0.029576 -0.035492 -0.020000
v 0.033333 -0.032936 -0.020000
v 0.034183 -0.032711 -0.020000
v 0.023285 -0.040651 -0.020000
v 0.032702 -0.035256 -0.020000
v 0.033322 -0.035881 -0.020000
v 0.045959 -0.011237 -0.020000
v 0.045470 -0.008178 -0.020000
v 0.046810 -0.011012 -0.020000
v 0.046200 -0.000171 -0.020000
v 0.047659 -0.011243 -0.020000
v 0.048274 -0.013567 -0.020000
v 0.048504 -0.012718 -0.020000
v 0.048279 -0.011867 -0.020000
v 0.045335 -0.011857 -0.020000
v 0.045104 -0.012707 -0.020000
v 0.042359 -0.018443 -0.020000
v 0.045329 -0.013557 -0.020000
v 0.045949 -0.014182 -0.020000
v 0.046799 -0.014412 -0.020000
v 0.047649 -0.014188 -0.020000
v 0.047745 0.013862 -0.020000
v 0.046896 0.014093 -0.020000
v 0.046045 0.013868 -0.020000
v 0.045415 0.011548 -0.020000
v 0.046131 0.002529 -0.020000
v 0.044304 0.013099 -0.020000
v 0.045421 0.013248 -0.020000
v 0.045190 0.012399 -0.020000
v 0.046884 0.010693 -0.020000
v 0.046035 0.010924 -0.020000
v 0.047735 0.010918 -0.020000
v 0.048359 0.011538 -0.020000
v 0.048590 0.012387 -0.020000
v 0.048365 0.013238 -0.020000
v 0.036111 0.034172 -0.020000
v 0.035887 0.035022 -0.020000
v 0.033566 0.035653 -0.020000
v 0.034417 0.035877 -0.020000
v 0.035266 0.035647 -0.020000
v 0.035881 0.033322 -0.020000
v 0.032942 0.035033 -0.020000
v 0.032711 0.034183 -0.020000
v 0.032936 0.033333 -0.020000
v 0.023651 0.039687 -0.020000
v 0.025519 0.038513 -0.020000
v 0.033713 0.031590 -0.020000
v 0.033556 0.032708 -0.020000
v 0.034406 0.032478 -0.020000
v 0.035256 0.032702 -0.020000
v 0.015949 0.043360 -0.020000
v 0.013557 0.045329 -0.020000
v 0.014182 0.045949 -0.020000
v 0.021737 0.040767 -0.020000
v 0.013567 0.048274 -0.020000
v 0.011243 0.047659 -0.020000
v 0.011867 0.048279 -0.020000
v 0.012718 0.048504 -0.020000
v 0.011012 0.046810 -0.020000
v 0.011237 0.045959 -0.020000
v 0.011857 0.045335 -0.020000
v 0.014412 0.046799 -0.020000
v 0.014188 0.047649 -0.020000
v -0.011548 0.045415 -0.020000
v -0.005207 0.045906 -0.020000
v -0.015653 0.043467 -0.020000
v -0.011538 0.048359 -0.020000
v -0.010918 0.047735 -0.020000
v -0.010693 0.046884 -0.020000
v -0.010924 0.046035 -0.020000
v 0.000158 0.046200 -0.020000
v 0.005520 0.045869 -0.020000
v 0.012707 0.045104 -0.020000
v -0.012387 0.048590 -0.020000
v -0.013238 0.048365 -0.020000
v -0.013868 0.046045 -0.020000
v -0.013248 0.045421 -0.020000
v -0.012399 0.045190 -0.020000
v -0.013862 0.047745 -0.020000
v -0.014093 0.046896 -0.020000
v -0.014182 -0.045949 -0.020000
v -0.014412 -0.046799 -0.020000
v -0.014188 -0.047649 -0.020000
v -0.013567 -0.048274 -0.020000
v -0.012718 -0.048504 -0.020000
v -0.010808 -0.044918 -0.020000
v -0.012707 -0.045104 -0.020000
v -0.011857 -0.045335 -0.020000
v -0.013557 -0.045329 -0.020000
v -0.011237 -0.045959 -0.020000
v -0.000158 -0.046200 -0.020000
v -0.011012 -0.046810 -0.020000
v -0.047745 -0.013862 -0.020000
v -0.046896 -0.014093 -0.020000
v -0.046045 -0.013868 -0.020000
v -0.045415 -0.011548 -0.020000
v -0.045525 -0.007867 -0.020000
v -0.045190 -0.012399 -0.020000
v -0.045421 -0.013248 -0.020000
v -0.046810 0.011012 -0.020000
v -0.046112 0.002844 -0.020000
v -0.046035 -0.010924 -0.020000
v -0.045959 0.011237 -0.020000
v -0.045335 0.011857 -0.020000
v -0.045104 0.012707 -0.020000
v -0.045329 0.013557 -0.020000
v -0.045949 0.014182 -0.020000
v -0.046799 0.014412 -0.020000
v 0.032478 -0.034406 -0.020000
v 0.023432 -0.039817 -0.020000
v 0.020594 -0.041356 -0.020000
v 0.013868 -0.046045 -0.020000
v 0.014093 -0.046896 -0.020000
v 0.013248 -0.045421 -0.020000
v 0.012399 -0.045190 -0.020000
v 0.010501 -0.044991 -0.020000
v 0.011548 -0.045415 -0.020000
v 0.010924 -0.046035 -0.020000
v 0.010693 -0.046884 -0.020000
v 0.026642 0.052887 -0.017090
v 0.026420 0.052126 -0.017461
v 0.022399 0.054137 -0.017410
v 0.025903 0.054758 -0.014558
v 0.023087 0.055800 -0.015610
v 0.023159 0.055974 -0.014558
v 0.015680 0.058317 -0.015610
v 0.015729 0.058498 -0.014558
v 0.008010 0.059854 -0.015610
v 0.008035 0.060041 -0.014558
v 0.006109 0.060267 -0.014558
v -0.022707 0.055956 -0.015610
v -0.025890 0.054593 -0.015517
v -0.025729 0.054790 -0.015081
v 0.000206 0.060575 -0.014558
v 0.000205 0.060388 -0.015610
v -0.005698 0.060307 -0.014558
v -0.007603 0.059907 -0.015610
v -0.007626 0.060094 -0.014558
v -0.015283 0.058422 -0.015610
v -0.015330 0.058604 -0.014558
v -0.022777 0.056130 -0.014558
v -0.025529 0.054934 -0.014558
v -0.022443 0.055305 -0.016708
v -0.026254 0.053608 -0.016701
v -0.026195 0.053888 -0.016448
v -0.022030 0.054288 -0.017410
v -0.026018 0.052228 -0.017487
v -0.026269 0.052951 -0.017159
v -0.014827 0.056681 -0.017410
v -0.007376 0.058122 -0.017410
v 0.000199 0.058588 -0.017410
v 0.007771 0.058070 -0.017410
v 0.015213 0.056579 -0.017410
v 0.026502 0.053908 -0.016236
v 0.026613 0.053467 -0.016668
v 0.022818 0.055151 -0.016708
v 0.026100 0.054615 -0.015076
v 0.026296 0.054360 -0.015615
v 0.015498 0.057638 -0.016708
v 0.007917 0.059158 -0.016708
v 0.000203 0.059685 -0.016708
v -0.007514 0.059211 -0.016708
v -0.015105 0.057742 -0.016708
v 0.059123 0.003371 -0.017090
v 0.058352 0.003183 -0.017461
v 0.058084 0.007671 -0.017410
v 0.036000 0.046223 -0.017410
v 0.041673 0.041181 -0.017410
v 0.046647 0.035449 -0.017410
v 0.050838 0.029121 -0.017410
v 0.054176 0.022305 -0.017410
v 0.056605 0.015115 -0.017410
v 0.059937 0.004003 -0.016236
v 0.059610 0.003686 -0.016668
v 0.059172 0.007814 -0.016708
v 0.060348 0.004704 -0.015076
v 0.060225 0.004407 -0.015615
v 0.059868 0.007906 -0.015610
v 0.055247 0.024843 -0.014558
v 0.056014 0.023062 -0.014558
v 0.055840 0.022990 -0.015610
v 0.058525 0.015628 -0.014558
v 0.058344 0.015579 -0.015610
v 0.060054 0.007931 -0.014558
v 0.060374 0.004946 -0.014558
v 0.037106 0.047643 -0.015610
v 0.034334 0.049718 -0.015517
v 0.034585 0.049677 -0.015081
v 0.052563 0.030109 -0.014558
v 0.052400 0.030016 -0.015610
v 0.049379 0.035088 -0.014558
v 0.048080 0.036538 -0.015610
v 0.048230 0.036651 -0.014558
v 0.042953 0.042446 -0.015610
v 0.043087 0.042578 -0.014558
v 0.037222 0.047791 -0.014558
v 0.034809 0.049576 -0.014558
v 0.036674 0.047089 -0.016708
v 0.033299 0.049541 -0.016701
v 0.033571 0.049629 -0.016448
v 0.032221 0.048646 -0.017487
v 0.032722 0.049225 -0.017159
v 0.057665 0.015398 -0.016708
v 0.055191 0.022723 -0.016708
v 0.051790 0.029667 -0.016708
v 0.047521 0.036113 -0.016708
v 0.042454 0.041953 -0.016708
v 0.032480 -0.049516 -0.017090
v 0.031933 -0.048943 -0.017461
v 0.035685 -0.046467 -0.017410
v 0.033435 -0.049906 -0.016236
v 0.032962 -0.049768 -0.016700
v 0.036353 -0.047337 -0.016708
v 0.034248 -0.049911 -0.015076
v 0.033929 -0.049953 -0.015615
v 0.036781 -0.047894 -0.015610
v 0.049138 -0.035424 -0.014558
v 0.047979 -0.036979 -0.014558
v 0.047830 -0.036864 -0.015610
v 0.042797 -0.042871 -0.014558
v 0.042664 -0.042738 -0.015610
v 0.036896 -0.048043 -0.014558
v 0.034470 -0.049812 -0.014558
v 0.059813 -0.008313 -0.015610
v 0.060224 -0.004875 -0.015517
v 0.060314 -0.005113 -0.015081
v 0.052357 -0.030466 -0.014558
v 0.052194 -0.030372 -0.015610
v 0.055077 -0.025219 -0.014558
v 0.055683 -0.023370 -0.015610
v 0.055856 -0.023442 -0.014558
v 0.058236 -0.015976 -0.015610
v 0.058418 -0.016025 -0.014558
v 0.059999 -0.008339 -0.014558
v 0.060338 -0.005358 -0.014558
v 0.059117 -0.008217 -0.016708
v 0.059553 -0.004068 -0.016701
v 0.059766 -0.004259 -0.016448
v 0.058240 -0.003581 -0.017487
v 0.041392 -0.041464 -0.017410
v 0.046405 -0.035765 -0.017410
v 0.050639 -0.029466 -0.017410
v 0.054023 -0.022673 -0.017410
v 0.056501 -0.015499 -0.017410
v 0.058030 -0.008066 -0.017410
v 0.058991 -0.003725 -0.017159
v 0.042167 -0.042240 -0.016708
v 0.047274 -0.036435 -0.016708
v 0.051587 -0.030018 -0.016708
v 0.055035 -0.023098 -0.016708
v 0.057559 -0.015790 -0.016708
v -0.026642 -0.052887 -0.017090
v -0.026420 -0.052126 -0.017461
v -0.022399 -0.054137 -0.017410
v -0.025903 -0.054758 -0.014558
v -0.023087 -0.055800 -0.015610
v -0.023159 -0.055974 -0.014558
v -0.015680 -0.058317 -0.015610
v -0.015729 -0.058498 -0.014558
v -0.008010 -0.059854 -0.015610
v -0.008035 -0.060041 -0.014558
v -0.006109 -0.060267 -0.014558
v 0.022707 -0.055956 -0.015610
v 0.025890 -0.054593 -0.015517
v 0.025729 -0.054790 -0.015081
v -0.000206 -0.060575 -0.014558
v -0.000205 -0.060388 -0.015610
v 0.005698 -0.060307 -0.014558
v 0.007603 -0.059907 -0.015610
v 0.007626 -0.060094 -0.014558
v 0.015283 -0.058422 -0.015610
v 0.015330 -0.058604 -0.014558
v 0.022777 -0.056130 -0.014558
v 0.025529 -0.054934 -0.014558
v 0.022443 -0.055305 -0.016708
v 0.026254 -0.053608 -0.016701
v 0.026195 -0.053888 -0.016448
v 0.022030 -0.054288 -0.017410
v 0.026018 -0.052228 -0.017487
v 0.026269 -0.052951 -0.017159
v 0.014827 -0.056681 -0.017410
v 0.007376 -0.058122 -0.017410
v -0.000199 -0.058588 -0.017410
v -0.007771 -0.058070 -0.017410
v -0.015213 -0.056579 -0.017410
v -0.026502 -0.053908 -0.016236
v -0.026619 -0.053430 -0.016700
v -0.022818 -0.055151 -0.016708
v -0.026100 -0.054615 -0.015076
v -0.026296 -0.054360 -0.015615
v -0.015498 -0.057638 -0.016708
v -0.007917 -0.059158 -0.016708
v -0.000203 -0.059685 -0.016708
v 0.007514 -0.059211 -0.016708
v 0.015105 -0.057742 -0.016708
v -0.059123 -0.003371 -0.017090
v -0.058352 -0.003183 -0.017461
v -0.058084 -0.007671 -0.017410
v -0.036000 -0.046223 -0.017410
v -0.041673 -0.041181 -0.017410
v -0.046647 -0.035449 -0.017410
v -0.050838 -0.029121 -0.017410
v -0.054176 -0.022305 -0.017410
v -0.056605 -0.015115 -0.017410
v -0.059937 -0.004003 -0.016236
v -0.059610 -0.003686 -0.016668
v -0.059172 -0.007814 -0.016708
v -0.060348 -0.004704 -0.015076
v -0.060225 -0.004407 -0.015615
v -0.059868 -0.007906 -0.015610
v -0.055247 -0.024843 -0.014558
v -0.056014 -0.023062 -0.014558
v -0.055840 -0.022990 -0.015610
v -0.058525 -0.015628 -0.014558
v -0.058344 -0.015579 -0.015610
v -0.060054 -0.007931 -0.014558
v -0.060374 -0.004946 -0.014558
v -0.037106 -0.047643 -0.015610
v -0.034334 -0.049718 -0.015517
v -0.034585 -0.049677 -0.015081
v -0.052563 -0.030109 -0.014558
v -0.052400 -0.030016 -0.015610
v -0.049379 -0.035088 -0.014558
v -0.048080 -0.036538 -0.015610
v -0.048230 -0.036651 -0.014558
v -0.042953 -0.042446 -0.015610
v -0.043087 -0.042578 -0.014558
v -0.037222 -0.047791 -0.014558
v -0.034809 -0.049576 -0.014558
v -0.036674 -0.047089 -0.016708
v -0.033299 -0.049541 -0.016701
v -0.033571 -0.049629 -0.016448
v -0.032221 -0.048646 -0.017487
v -0.032722 -0.049225 -0.017159
v -0.057665 -0.015398 -0.016708
v -0.055191 -0.022723 -0.016708
v -0.051790 -0.029667 -0.016708
v -0.047521 -0.036113 -0.016708
v -0.042454 -0.041953 -0.016708
v -0.032480 0.049516 -0.017090
v -0.031933 0.048943 -0.017461
v -0.035685 0.046467 -0.017410
v -0.033435 0.049906 -0.016236
v -0.032997 0.049781 -0.016668
v -0.036353 0.047337 -0.016708
v -0.034248 0.049911 -0.015076
v -0.033929 0.049953 -0.015615
v -0.036781 0.047894 -0.015610
v -0.049138 0.035424 -0.014558
v -0.047979 0.036979 -0.014558
v -0.047830 0.036864 -0.015610
v -0.042797 0.042871 -0.014558
v -0.042664 0.042738 -0.015610
v -0.036896 0.048043 -0.014558
v -0.034470 0.049812 -0.014558
v -0.059813 0.008313 -0.015610
v -0.060224 0.004875 -0.015517
v -0.060314 0.005113 -0.015081
v -0.052357 0.030466 -0.014558
v -0.052194 0.030372 -0.015610
v -0.055077 0.025219 -0.014558
v -0.055683 0.023370 -0.015610
v -0.055856 0.023442 -0.014558
v -0.058236 0.015976 -0.015610
v -0.058418 0.016025 -0.014558
v -0.059999 0.008339 -0.014558
v -0.060338 0.005358 -0.014558
v -0.059117 0.008217 -0.016708
v -0.059553 0.004068 -0.016701
v -0.059766 0.004259 -0.016448
v -0.058240 0.003581 -0.017487
v -0.041392 0.041464 -0.017410
v -0.046405 0.035765 -0.017410
v -0.050639 0.029466 -0.017410
v -0.054023 0.022673 -0.017410
v -0.056501 0.015499 -0.017410
v -0.058030 0.008066 -0.017410
v -0.058991 0.003725 -0.017159
v -0.042167 0.042240 -0.016708
v -0.047274 0.036435 -0.016708
v -0.051587 0.030018 -0.016708
v -0.055035 0.023098 -0.016708
v -0.057559 0.015790 -0.016708
v 0.025768 0.054822 -0.014170
v 0.025500 0.054947 -0.012400
v -0.025406 0.054991 -0.014211
v -0.025124 0.055120 -0.012400
v -0.017289 0.058056 -0.012400
v -0.005698 0.060307 -0.012400
v 0.006109 0.060267 -0.012400
v 0.017684 0.057937 -0.012400
v 0.060361 0.005096 -0.014170
v 0.060336 0.005390 -0.012400
v 0.034920 0.049498 -0.014211
v 0.035173 0.049318 -0.012400
v 0.041634 0.044001 -0.012400
v 0.049379 0.035088 -0.012400
v 0.055247 0.024843 -0.012400
v 0.059017 0.013653 -0.012400
v 0.034594 -0.049726 -0.014170
v 0.034836 -0.049557 -0.012400
v 0.060326 -0.005493 -0.014211
v 0.060297 -0.005801 -0.012400
v 0.058923 -0.014056 -0.012400
v 0.055077 -0.025219 -0.012400
v 0.049138 -0.035424 -0.012400
v 0.041333 -0.044284 -0.012400
v -0.025768 -0.054822 -0.014170
v -0.025500 -0.054947 -0.012400
v 0.025406 -0.054991 -0.014211
v 0.025124 -0.055120 -0.012400
v 0.017289 -0.058056 -0.012400
v 0.005698 -0.060307 -0.012400
v -0.006109 -0.060267 -0.012400
v -0.017684 -0.057937 -0.012400
v -0.060361 -0.005096 -0.014170
v -0.060336 -0.005390 -0.012400
v -0.034920 -0.049498 -0.014211
v -0.035173 -0.049318 -0.012400
v -0.041634 -0.044001 -0.012400
v -0.049379 -0.035088 -0.012400
v -0.055247 -0.024843 -0.012400
v -0.059017 -0.013653 -0.012400
v -0.034594 0.049726 -0.014170
v -0.034836 0.049557 -0.012400
v -0.060326 0.005493 -0.014211
v -0.060297 0.005801 -0.012400
v -0.058923 0.014056 -0.012400
v -0.055077 0.025219 -0.012400
v -0.049138 0.035424 -0.012400
v -0.041333 0.044284 -0.012400
v -0.025393 0.054997 -0.010630
v -0.025529 0.054934 -0.010242
v -0.022776 0.056131 -0.010242
v -0.015329 0.058604 -0.010242
v -0.007625 0.060094 -0.010242
v -0.005698 0.060307 -0.010242
v 0.000207 0.060575 -0.010242
v 0.025903 0.054758 -0.010242
v 0.025781 0.054816 -0.010589
v 0.023160 0.055974 -0.010242
v 0.015730 0.058498 -0.010242
v 0.008036 0.060040 -0.010242
v 0.006109 0.060267 -0.010242
v 0.034932 0.049489 -0.010630
v 0.034809 0.049576 -0.010242
v 0.037222 0.047790 -0.010242
v 0.043088 0.042578 -0.010242
v 0.048230 0.036650 -0.010242
v 0.049379 0.035088 -0.010242
v 0.052563 0.030108 -0.010242
v 0.060374 0.004946 -0.010242
v 0.060362 0.005081 -0.010589
v 0.060055 0.007930 -0.010242
v 0.058526 0.015626 -0.010242
v 0.056014 0.023061 -0.010242
v 0.055247 0.024843 -0.010242
v 0.060325 -0.005507 -0.010630
v 0.060338 -0.005358 -0.010242
v 0.059999 -0.008340 -0.010242
v 0.058417 -0.016026 -0.010242
v 0.055855 -0.023444 -0.010242
v 0.055077 -0.025219 -0.010242
v 0.052356 -0.030467 -0.010242
v 0.034470 -0.049812 -0.010242
v 0.034582 -0.049735 -0.010589
v 0.036895 -0.048044 -0.010242
v 0.042796 -0.042871 -0.010242
v 0.047979 -0.036980 -0.010242
v 0.049138 -0.035424 -0.010242
v 0.025393 -0.054997 -0.010630
v 0.025529 -0.054934 -0.010242
v 0.022776 -0.056131 -0.010242
v 0.015329 -0.058604 -0.010242
v 0.007625 -0.060094 -0.010242
v 0.005698 -0.060307 -0.010242
v -0.000207 -0.060575 -0.010242
v -0.025903 -0.054758 -0.010242
v -0.025781 -0.054816 -0.010589
v -0.023160 -0.055974 -0.010242
v -0.015730 -0.058498 -0.010242
v -0.008036 -0.060040 -0.010242
v -0.006109 -0.060267 -0.010242
v -0.034932 -0.049489 -0.010630
v -0.034809 -0.049576 -0.010242
v -0.037222 -0.047790 -0.010242
v -0.043088 -0.042578 -0.010242
v -0.048230 -0.036650 -0.010242
v -0.049379 -0.035088 -0.010242
v -0.052563 -0.030108 -0.010242
v -0.060374 -0.004946 -0.010242
v -0.060362 -0.005081 -0.010589
v -0.060055 -0.007930 -0.010242
v -0.058526 -0.015626 -0.010242
v -0.056014 -0.023061 -0.010242
v -0.055247 -0.024843 -0.010242
v -0.060325 0.005507 -0.010630
v -0.060338 0.005358 -0.010242
v -0.059999 0.008340 -0.010242
v -0.058417 0.016026 -0.010242
v -0.055855 0.023444 -0.010242
v -0.055077 0.025219 -0.010242
v -0.052356 0.030467 -0.010242
v -0.034470 0.049812 -0.010242
v -0.034582 0.049735 -0.010589
v -0.036895 0.048044 -0.010242
v -0.042796 0.042871 -0.010242
v -0.047979 0.036980 -0.010242
v -0.049138 0.035424 -0.010242
v 0.021998 0.053165 -0.007202
v 0.022400 0.054137 -0.007390
v 0.015214 0.056578 -0.007390
v 0.014940 0.055562 -0.007202
v 0.007772 0.058070 -0.007390
v 0.007633 0.057027 -0.007202
v 0.000200 0.058588 -0.007390
v 0.000197 0.057535 -0.007202
v -0.007375 0.058122 -0.007390
v -0.007242 0.057078 -0.007202
v -0.014826 0.056681 -0.007390
v -0.014560 0.055663 -0.007202
v -0.022029 0.054289 -0.007390
v -0.021633 0.053314 -0.007202
v -0.026064 0.052305 -0.007339
v -0.025431 0.051610 -0.007202
v -0.022442 0.055306 -0.008092
v -0.026254 0.053610 -0.008100
v -0.026281 0.053068 -0.007710
v -0.025727 0.054792 -0.009724
v -0.025924 0.054538 -0.009185
v -0.022706 0.055957 -0.009190
v -0.026134 0.054088 -0.008564
v -0.007601 0.059908 -0.009190
v -0.015282 0.058422 -0.009190
v 0.026562 0.053708 -0.008352
v 0.026262 0.054415 -0.009283
v 0.023088 0.055800 -0.009190
v 0.026102 0.054613 -0.009719
v 0.000207 0.060388 -0.009190
v 0.008011 0.059854 -0.009190
v 0.015681 0.058316 -0.009190
v 0.026630 0.052770 -0.007641
v 0.026619 0.053428 -0.008099
v 0.022819 0.055151 -0.008092
v 0.025783 0.051436 -0.007202
v 0.026374 0.052049 -0.007313
v 0.015499 0.057638 -0.008092
v 0.007918 0.059158 -0.008092
v 0.000204 0.059685 -0.008092
v -0.007513 0.059211 -0.008092
v -0.015104 0.057743 -0.008092
v 0.048081 0.036537 -0.009190
v 0.042954 0.042446 -0.009190
v 0.037107 0.047642 -0.009190
v 0.059793 0.003851 -0.008352
v 0.060255 0.004464 -0.009283
v 0.059868 0.007905 -0.009190
v 0.060348 0.004702 -0.009719
v 0.052400 0.030015 -0.009190
v 0.055841 0.022989 -0.009190
v 0.058344 0.015578 -0.009190
v 0.059016 0.003323 -0.007641
v 0.059579 0.003661 -0.008099
v 0.059172 0.007813 -0.008092
v 0.058084 0.007670 -0.007390
v 0.058263 0.003184 -0.007313
v 0.057041 0.007532 -0.007202
v 0.057436 0.003389 -0.007202
v 0.056605 0.015114 -0.007390
v 0.055588 0.014842 -0.007202
v 0.054176 0.022304 -0.007390
v 0.053203 0.021904 -0.007202
v 0.050839 0.029120 -0.007390
v 0.049926 0.028597 -0.007202
v 0.046648 0.035448 -0.007390
v 0.045810 0.034811 -0.007202
v 0.041674 0.041180 -0.007390
v 0.040926 0.040441 -0.007202
v 0.036001 0.046222 -0.007390
v 0.035354 0.045392 -0.007202
v 0.032266 0.048724 -0.007339
v 0.031980 0.047829 -0.007202
v 0.036675 0.047088 -0.008092
v 0.033301 0.049542 -0.008100
v 0.032817 0.049294 -0.007710
v 0.034588 0.049676 -0.009724
v 0.034269 0.049720 -0.009185
v 0.033775 0.049676 -0.008564
v 0.057665 0.015397 -0.008092
v 0.055191 0.022722 -0.008092
v 0.051791 0.029666 -0.008092
v 0.047521 0.036112 -0.008092
v 0.042455 0.041952 -0.008092
v 0.034246 -0.049912 -0.009719
v 0.033232 -0.049857 -0.008352
v 0.033994 -0.049951 -0.009283
v 0.036780 -0.047895 -0.009190
v 0.032385 -0.049448 -0.007641
v 0.032961 -0.049767 -0.008099
v 0.036352 -0.047338 -0.008092
v 0.035684 -0.046467 -0.007390
v 0.031889 -0.048865 -0.007313
v 0.035043 -0.045633 -0.007202
v 0.031653 -0.048046 -0.007202
v 0.041391 -0.041465 -0.007390
v 0.040648 -0.040720 -0.007202
v 0.046404 -0.035766 -0.007390
v 0.045571 -0.035124 -0.007202
v 0.050638 -0.029467 -0.007390
v 0.049729 -0.028938 -0.007202
v 0.054023 -0.022674 -0.007390
v 0.053052 -0.022267 -0.007202
v 0.056500 -0.015501 -0.007390
v 0.055486 -0.015222 -0.007202
v 0.058030 -0.008067 -0.007390
v 0.056988 -0.007922 -0.007202
v 0.058329 -0.003581 -0.007339
v 0.057411 -0.003781 -0.007202
v 0.059117 -0.008218 -0.008092
v 0.059584 -0.004093 -0.008132
v 0.059098 -0.003774 -0.007710
v 0.060315 -0.005116 -0.009724
v 0.059813 -0.008315 -0.009190
v 0.060194 -0.004818 -0.009185
v 0.059908 -0.004411 -0.008564
v 0.058236 -0.015977 -0.009190
v 0.055682 -0.023371 -0.009190
v 0.042663 -0.042738 -0.009190
v 0.047830 -0.036865 -0.009190
v 0.052194 -0.030373 -0.009190
v 0.042167 -0.042241 -0.008092
v 0.047273 -0.036436 -0.008092
v 0.051587 -0.030019 -0.008092
v 0.055034 -0.023099 -0.008092
v 0.057559 -0.015791 -0.008092
v -0.021998 -0.053165 -0.007202
v -0.022400 -0.054137 -0.007390
v -0.015214 -0.056578 -0.007390
v -0.014940 -0.055562 -0.007202
v -0.007772 -0.058070 -0.007390
v -0.007633 -0.057027 -0.007202
v -0.000200 -0.058588 -0.007390
v -0.000197 -0.057535 -0.007202
v 0.007375 -0.058122 -0.007390
v 0.007242 -0.057078 -0.007202
v 0.014826 -0.056681 -0.007390
v 0.014560 -0.055663 -0.007202
v 0.022029 -0.054289 -0.007390
v 0.021633 -0.053314 -0.007202
v 0.026064 -0.052305 -0.007339
v 0.025431 -0.051610 -0.007202
v 0.022442 -0.055306 -0.008092
v 0.026248 -0.053647 -0.008132
v 0.026281 -0.053068 -0.007710
v 0.025727 -0.054792 -0.009724
v 0.025924 -0.054538 -0.009185
v 0.022706 -0.055957 -0.009190
v 0.026134 -0.054088 -0.008564
v 0.007601 -0.059908 -0.009190
v 0.015282 -0.058422 -0.009190
v -0.026562 -0.053708 -0.008352
v -0.026262 -0.054415 -0.009283
v -0.023088 -0.055800 -0.009190
v -0.026102 -0.054613 -0.009719
v -0.000207 -0.060388 -0.009190
v -0.008011 -0.059854 -0.009190
v -0.015681 -0.058316 -0.009190
v -0.026630 -0.052770 -0.007641
v -0.026619 -0.053428 -0.008099
v -0.022819 -0.055151 -0.008092
v -0.025783 -0.051436 -0.007202
v -0.026374 -0.052049 -0.007313
v -0.015499 -0.057638 -0.008092
v -0.007918 -0.059158 -0.008092
v -0.000204 -0.059685 -0.008092
v 0.007513 -0.059211 -0.008092
v 0.015104 -0.057743 -0.008092
v -0.048081 -0.036537 -0.009190
v -0.042954 -0.042446 -0.009190
v -0.037107 -0.047642 -0.009190
v -0.059793 -0.003851 -0.008352
v -0.060255 -0.004464 -0.009283
v -0.059868 -0.007905 -0.009190
v -0.060348 -0.004702 -0.009719
v -0.052400 -0.030015 -0.009190
v -0.055841 -0.022989 -0.009190
v -0.058344 -0.015578 -0.009190
v -0.059016 -0.003323 -0.007641
v -0.059579 -0.003661 -0.008099
v -0.059172 -0.007813 -0.008092
v -0.058084 -0.007670 -0.007390
v -0.058263 -0.003184 -0.007313
v -0.057041 -0.007532 -0.007202
v -0.057436 -0.003389 -0.007202
v -0.056605 -0.015114 -0.007390
v -0.055588 -0.014842 -0.007202
v -0.054176 -0.022304 -0.007390
v -0.053203 -0.021904 -0.007202
v -0.050839 -0.029120 -0.007390
v -0.049926 -0.028597 -0.007202
v -0.046648 -0.035448 -0.007390
v -0.045810 -0.034811 -0.007202
v -0.041674 -0.041180 -0.007390
v -0.040926 -0.040441 -0.007202
v -0.036001 -0.046222 -0.007390
v -0.035354 -0.045392 -0.007202
v -0.032266 -0.048724 -0.007339
v -0.031980 -0.047829 -0.007202
v -0.036675 -0.047088 -0.008092
v -0.033336 -0.049555 -0.008132
v -0.032817 -0.049294 -0.007710
v -0.034588 -0.049676 -0.009724
v -0.034269 -0.049720 -0.009185
v -0.033775 -0.049676 -0.008564
v -0.057665 -0.015397 -0.008092
v -0.055191 -0.022722 -0.008092
v -0.051791 -0.029666 -0.008092
v -0.047521 -0.036112 -0.008092
v -0.042455 -0.041952 -0.008092
v -0.034246 0.049912 -0.009719
v -0.033232 0.049857 -0.008352
v -0.033994 0.049951 -0.009283
v -0.036780 0.047895 -0.009190
v -0.032385 0.049448 -0.007641
v -0.032961 0.049767 -0.008099
v -0.036352 0.047338 -0.008092
v -0.035684 0.046467 -0.007390
v -0.031889 0.048865 -0.007313
v -0.035043 0.045633 -0.007202
v -0.031653 0.048046 -0.007202
v -0.041391 0.041465 -0.007390
v -0.040648 0.040720 -0.007202
v -0.046404 0.035766 -0.007390
v -0.045571 0.035124 -0.007202
v -0.050638 0.029467 -0.007390
v -0.049729 0.028938 -0.007202
v -0.054023 0.022674 -0.007390
v -0.053052 0.022267 -0.007202
v -0.056500 0.015501 -0.007390
v -0.055486 0.015222 -0.007202
v -0.058030 0.008067 -0.007390
v -0.056988 0.007922 -0.007202
v -0.058329 0.003581 -0.007339
v -0.057411 0.003781 -0.007202
v -0.059117 0.008218 -0.008092
v -0.059555 0.004069 -0.008100
v -0.059098 0.003774 -0.007710
v -0.060315 0.005116 -0.009724
v -0.059813 0.008315 -0.009190
v -0.060194 0.004818 -0.009185
v -0.059908 0.004411 -0.008564
v -0.058236 0.015977 -0.009190
v -0.055682 0.023371 -0.009190
v -0.042663 0.042738 -0.009190
v -0.047830 0.036865 -0.009190
v -0.052194 0.030373 -0.009190
v -0.042167 0.042241 -0.008092
v -0.047273 0.036436 -0.008092
v -0.051587 0.030019 -0.008092
v -0.055034 0.023099 -0.008092
v -0.057559 0.015791 -0.008092
v 0.025488 0.051218 -0.007202
v -0.002492 0.056827 -0.007202
v -0.025138 0.051391 -0.007202
v -0.024847 0.051168 -0.007202
v -0.024762 0.051210 -0.007202
v -0.013913 0.055154 -0.007202
v 0.009031 0.056160 -0.007202
v 0.020183 0.053181 -0.007202
v 0.025195 0.050998 -0.007202
v 0.055840 0.010836 -0.007202
v 0.056763 0.003679 -0.007202
v 0.057100 0.003536 -0.007202
v 0.031937 0.047466 -0.007202
v 0.039568 0.040864 -0.007202
v 0.047004 0.032035 -0.007202
v 0.052503 0.021886 -0.007202
v 0.031890 0.047102 -0.007202
v 0.031612 -0.047682 -0.007202
v 0.057075 -0.003925 -0.007202
v 0.046247 -0.033117 -0.007202
v 0.051981 -0.023099 -0.007202
v 0.056736 -0.004066 -0.007202
v 0.055574 -0.012129 -0.007202
v 0.038609 -0.041772 -0.007202
v 0.031568 -0.047319 -0.007202
v -0.025488 -0.051218 -0.007202
v 0.002492 -0.056827 -0.007202
v 0.025138 -0.051391 -0.007202
v 0.024847 -0.051168 -0.007202
v 0.024762 -0.051210 -0.007202
v 0.013913 -0.055154 -0.007202
v -0.009031 -0.056160 -0.007202
v -0.020183 -0.053181 -0.007202
v -0.025195 -0.050998 -0.007202
v -0.031937 -0.047466 -0.007202
v -0.039568 -0.040864 -0.007202
v -0.047004 -0.032035 -0.007202
v -0.052503 -0.021886 -0.007202
v -0.055840 -0.010836 -0.007202
v -0.056763 -0.003679 -0.007202
v -0.057100 -0.003536 -0.007202
v -0.031890 -0.047102 -0.007202
v -0.031612 0.047682 -0.007202
v -0.046247 0.033117 -0.007202
v -0.057075 0.003925 -0.007202
v -0.051981 0.023099 -0.007202
v -0.038609 0.041772 -0.007202
v -0.031568 0.047319 -0.007202
v -0.056736 0.004066 -0.007202
v -0.055574 0.012129 -0.007202
v 0.025454 0.050869 -0.007004
v 0.027100 -0.050011 -0.006088
v 0.028677 -0.049124 -0.005967
v 0.029597 -0.048576 -0.006131
v 0.030208 -0.048198 -0.006346
v -0.027100 0.050011 -0.006088
v -0.026412 0.050378 -0.006300
v 0.029995 0.048331 -0.006151
v 0.028763 0.049074 -0.005953
v 0.027054 0.050037 -0.006195
v 0.030424 0.048062 -0.006300
v 0.056781 0.003390 -0.007004
v 0.056860 0.001589 -0.006195
v 0.056881 -0.000373 -0.005953
v 0.056835 -0.002316 -0.006300
v 0.056853 -0.001811 -0.006151
v -0.025454 -0.050869 -0.007004
v -0.030208 0.048198 -0.006346
v -0.028677 0.049124 -0.005967
v 0.026412 -0.050378 -0.006300
v -0.029995 -0.048331 -0.006151
v -0.028763 -0.049074 -0.005953
v -0.027054 -0.050037 -0.006195
v -0.030424 -0.048062 -0.006300
v -0.056781 -0.003390 -0.007004
v -0.056860 -0.001589 -0.006195
v -0.056881 0.000373 -0.005953
v -0.056835 0.002316 -0.006300
v -0.056853 0.001811 -0.006151
v 0.062011 -0.005103 -0.010723
v 0.062010 -0.005375 -0.012665
v 0.062012 -0.004749 -0.014879
v 0.062016 -0.003638 -0.008528
v 0.062011 -0.004979 -0.010398
v 0.057075 -0.003925 -0.007202
v 0.062023 -0.001619 -0.007425
v 0.062031 0.000680 -0.007307
v 0.057100 0.003536 -0.007202
v 0.062038 0.002801 -0.008198
v 0.062043 0.004326 -0.009921
v 0.062396 -0.005573 -0.012675
v 0.062397 -0.005161 -0.010322
v 0.102627 -0.000350 -0.012400
v 0.102035 0.001261 -0.011521
v 0.102034 0.000720 -0.010910
v 0.100816 0.002344 -0.010932
v 0.100813 0.001440 -0.009911
v 0.098819 0.002987 -0.010584
v 0.098815 0.001870 -0.009322
v 0.096114 0.003905 -0.010088
v 0.096109 0.002482 -0.008480
v 0.093129 0.004242 -0.009909
v 0.093124 0.002710 -0.008177
v 0.089731 0.004570 -0.009736
v 0.089726 0.002931 -0.007884
v 0.086567 0.004262 -0.009910
v 0.086562 0.002731 -0.008179
v 0.081281 0.003169 -0.010517
v 0.081277 0.002011 -0.009208
v 0.077288 0.002399 -0.010946
v 0.077285 0.001504 -0.009935
v 0.075134 0.002272 -0.011019
v 0.075131 0.001422 -0.010059
v 0.073195 0.002379 -0.010964
v 0.073192 0.001496 -0.009965
v 0.071458 0.003068 -0.010591
v 0.071455 0.001955 -0.009333
v 0.070103 0.003816 -0.010185
v 0.070098 0.002453 -0.008645
v 0.069531 0.003880 -0.010151
v 0.069526 0.002496 -0.008588
v 0.068435 0.003466 -0.010379
v 0.068431 0.002223 -0.008974
v 0.067859 0.003396 -0.010418
v 0.067855 0.002177 -0.009040
v 0.067430 0.003552 -0.010334
v 0.067426 0.002281 -0.008897
v 0.067031 0.003978 -0.010102
v 0.067026 0.002565 -0.008504
v 0.066706 0.004504 -0.009815
v 0.066701 0.002914 -0.008018
v 0.066453 0.004678 -0.009720
v 0.066447 0.003030 -0.007858
v 0.066113 0.004718 -0.009699
v 0.066108 0.003057 -0.007822
v 0.065611 0.004558 -0.009788
v 0.065606 0.002951 -0.007971
v 0.064948 0.003985 -0.010102
v 0.064943 0.002571 -0.008504
v 0.064638 0.003697 -0.010260
v 0.064633 0.002381 -0.008772
v 0.064546 0.003659 -0.010281
v 0.064541 0.002356 -0.008807
v 0.064373 0.003657 -0.010282
v 0.064369 0.002354 -0.008810
v 0.064371 0.003658 -0.010282
v 0.064366 0.002355 -0.008809
v 0.063950 0.003871 -0.010166
v 0.063945 0.002497 -0.008613
v 0.062865 0.004487 -0.009832
v 0.062859 0.002907 -0.008046
v 0.062430 0.004497 -0.009827
v 0.062425 0.002914 -0.008038
v 0.062417 0.000712 -0.007114
v 0.062852 0.000709 -0.007123
v 0.063938 0.000585 -0.007810
v 0.064360 0.000542 -0.008048
v 0.064363 0.000542 -0.008049
v 0.064535 0.000542 -0.008045
v 0.064627 0.000549 -0.008003
v 0.064937 0.000605 -0.007678
v 0.065598 0.000715 -0.007032
v 0.066100 0.000745 -0.006851
v 0.066439 0.000737 -0.006894
v 0.066693 0.000702 -0.007089
v 0.067019 0.000598 -0.007678
v 0.067420 0.000513 -0.008155
v 0.067850 0.000481 -0.008328
v 0.068425 0.000493 -0.008247
v 0.069520 0.000571 -0.007779
v 0.070092 0.000557 -0.007848
v 0.071449 0.000407 -0.008683
v 0.073188 0.000267 -0.009449
v 0.075127 0.000240 -0.009562
v 0.077281 0.000259 -0.009412
v 0.081272 0.000400 -0.008531
v 0.086554 0.000600 -0.007284
v 0.089718 0.000652 -0.006927
v 0.093117 0.000578 -0.007282
v 0.096102 0.000503 -0.007649
v 0.098810 0.000316 -0.008669
v 0.100808 0.000184 -0.009383
v 0.102031 -0.000032 -0.010594
v 0.062409 -0.001673 -0.007236
v 0.062844 -0.001672 -0.007245
v 0.063931 -0.001486 -0.007916
v 0.064354 -0.001422 -0.008149
v 0.064356 -0.001422 -0.008149
v 0.064529 -0.001423 -0.008146
v 0.064620 -0.001435 -0.008105
v 0.064929 -0.001526 -0.007788
v 0.065590 -0.001707 -0.007157
v 0.066091 -0.001758 -0.006979
v 0.066431 -0.001748 -0.007022
v 0.066685 -0.001695 -0.007212
v 0.067012 -0.001533 -0.007787
v 0.067413 -0.001403 -0.008253
v 0.067843 -0.001356 -0.008422
v 0.068418 -0.001381 -0.008343
v 0.069513 -0.001514 -0.007886
v 0.070085 -0.001496 -0.007954
v 0.071444 -0.001271 -0.008769
v 0.073183 -0.001065 -0.009517
v 0.075122 -0.001040 -0.009628
v 0.077276 -0.001089 -0.009481
v 0.081266 -0.001346 -0.008621
v 0.086546 -0.001708 -0.007403
v 0.089709 -0.001818 -0.007053
v 0.093109 -0.001731 -0.007400
v 0.096095 -0.001640 -0.007759
v 0.098804 -0.001368 -0.008755
v 0.100804 -0.001177 -0.009453
v 0.102028 -0.000847 -0.010636
v 0.062402 -0.003769 -0.008381
v 0.062837 -0.003764 -0.008388
v 0.063925 -0.003306 -0.008910
v 0.064348 -0.003147 -0.009091
v 0.064350 -0.003147 -0.009092
v 0.064523 -0.003150 -0.009089
v 0.064614 -0.003179 -0.009057
v 0.064923 -0.003398 -0.008810
v 0.065582 -0.003835 -0.008319
v 0.066084 -0.003959 -0.008181
v 0.066423 -0.003930 -0.008214
v 0.066678 -0.003801 -0.008362
v 0.067006 -0.003405 -0.008810
v 0.067408 -0.003086 -0.009172
v 0.067838 -0.002971 -0.009304
v 0.068413 -0.003027 -0.009243
v 0.069506 -0.003346 -0.008887
v 0.070078 -0.003301 -0.008940
v 0.071439 -0.002744 -0.009574
v 0.073179 -0.002235 -0.010157
v 0.075118 -0.002165 -0.010243
v 0.077272 -0.002274 -0.010128
v 0.081261 -0.002880 -0.009459
v 0.086540 -0.003737 -0.008511
v 0.089702 -0.003988 -0.008239
v 0.093102 -0.003761 -0.008509
v 0.096089 -0.003524 -0.008788
v 0.098799 -0.002847 -0.009564
v 0.100800 -0.002373 -0.010107
v 0.102026 -0.001563 -0.011027
v 0.062832 -0.005154 -0.010326
v 0.062831 -0.005564 -0.012674
v 0.063921 -0.004514 -0.010596
v 0.063920 -0.004872 -0.012638
v 0.064344 -0.004293 -0.010689
v 0.064343 -0.004632 -0.012626
v 0.064346 -0.004292 -0.010690
v 0.064345 -0.004631 -0.012626
v 0.064519 -0.004296 -0.010688
v 0.064518 -0.004635 -0.012626
v 0.064610 -0.004336 -0.010672
v 0.064609 -0.004678 -0.012628
v 0.064919 -0.004641 -0.010544
v 0.064918 -0.005008 -0.012645
v 0.065578 -0.005248 -0.010290
v 0.065576 -0.005666 -0.012679
v 0.066079 -0.005419 -0.010219
v 0.066077 -0.005852 -0.012688
v 0.066418 -0.005380 -0.010236
v 0.066417 -0.005808 -0.012686
v 0.066673 -0.005199 -0.010312
v 0.066672 -0.005612 -0.012676
v 0.067002 -0.004648 -0.010544
v 0.067000 -0.005016 -0.012645
v 0.067404 -0.004204 -0.010731
v 0.067403 -0.004534 -0.012621
v 0.067834 -0.004043 -0.010799
v 0.067833 -0.004360 -0.012612
v 0.068409 -0.004120 -0.010768
v 0.068408 -0.004444 -0.012616
v 0.069502 -0.004562 -0.010584
v 0.069501 -0.004922 -0.012640
v 0.070074 -0.004499 -0.010611
v 0.070073 -0.004854 -0.012636
v 0.071435 -0.003723 -0.010939
v 0.071434 -0.004012 -0.012593
v 0.073176 -0.003012 -0.011240
v 0.073176 -0.003241 -0.012553
v 0.075116 -0.002912 -0.011285
v 0.075115 -0.003133 -0.012547
v 0.077269 -0.003061 -0.011225
v 0.077269 -0.003293 -0.012555
v 0.081257 -0.003898 -0.010879
v 0.081256 -0.004199 -0.012601
v 0.086535 -0.005083 -0.010389
v 0.086534 -0.005482 -0.012666
v 0.089697 -0.005429 -0.010249
v 0.089696 -0.005855 -0.012684
v 0.093097 -0.005108 -0.010388
v 0.093096 -0.005506 -0.012666
v 0.096084 -0.004775 -0.010532
v 0.096083 -0.005145 -0.012647
v 0.098796 -0.003829 -0.010933
v 0.098795 -0.004119 -0.012594
v 0.100797 -0.003167 -0.011214
v 0.100796 -0.003402 -0.012557
v 0.102024 -0.002038 -0.011690
v 0.102024 -0.002179 -0.012494
v 0.102024 -0.001957 -0.013279
v 0.100797 -0.003031 -0.013868
v 0.098796 -0.003661 -0.014216
v 0.096085 -0.004560 -0.014712
v 0.093098 -0.004877 -0.014891
v 0.089698 -0.005182 -0.015064
v 0.086536 -0.004853 -0.014890
v 0.081258 -0.003724 -0.014283
v 0.077270 -0.002926 -0.013854
v 0.075116 -0.002784 -0.013781
v 0.073177 -0.002879 -0.013836
v 0.071436 -0.003555 -0.014209
v 0.070075 -0.004294 -0.014615
v 0.069503 -0.004354 -0.014649
v 0.068410 -0.003933 -0.014421
v 0.067835 -0.003859 -0.014382
v 0.067405 -0.004012 -0.014466
v 0.067002 -0.004435 -0.014698
v 0.066674 -0.004959 -0.014985
v 0.066419 -0.005132 -0.015080
v 0.066080 -0.005169 -0.015101
v 0.065578 -0.005006 -0.015012
v 0.064920 -0.004428 -0.014698
v 0.064611 -0.004138 -0.014540
v 0.064519 -0.004100 -0.014519
v 0.064347 -0.004096 -0.014518
v 0.064344 -0.004097 -0.014518
v 0.063922 -0.004308 -0.014634
v 0.062833 -0.004916 -0.014968
v 0.062398 -0.004923 -0.014973
v 0.062044 0.004680 -0.014077
v 0.062045 0.004952 -0.012135
v 0.062039 0.003215 -0.016272
v 0.062044 0.004556 -0.014402
v 0.057100 0.003536 -0.017598
v 0.062032 0.001195 -0.017375
v 0.062025 -0.001103 -0.017493
v 0.057075 -0.003925 -0.017598
v 0.062017 -0.003224 -0.016602
v 0.062432 0.005147 -0.012125
v 0.062431 0.004735 -0.014478
v 0.102026 -0.001416 -0.013890
v 0.100800 -0.002128 -0.014889
v 0.098800 -0.002544 -0.015478
v 0.096090 -0.003138 -0.016320
v 0.093103 -0.003345 -0.016623
v 0.089704 -0.003543 -0.016916
v 0.086541 -0.003321 -0.016621
v 0.081262 -0.002566 -0.015592
v 0.077273 -0.002031 -0.014865
v 0.075119 -0.001935 -0.014741
v 0.073180 -0.001995 -0.014835
v 0.071440 -0.002442 -0.015467
v 0.070080 -0.002931 -0.016155
v 0.069508 -0.002970 -0.016212
v 0.068414 -0.002690 -0.015826
v 0.067839 -0.002640 -0.015760
v 0.067409 -0.002741 -0.015903
v 0.067007 -0.003022 -0.016296
v 0.066679 -0.003369 -0.016782
v 0.066425 -0.003483 -0.016942
v 0.066085 -0.003508 -0.016978
v 0.065584 -0.003399 -0.016829
v 0.064924 -0.003014 -0.016296
v 0.064616 -0.002821 -0.016028
v 0.064524 -0.002796 -0.015993
v 0.064351 -0.002793 -0.015990
v 0.064349 -0.002794 -0.015990
v 0.063926 -0.002933 -0.016187
v 0.062838 -0.003336 -0.016754
v 0.062403 -0.003340 -0.016762
v 0.062411 -0.001138 -0.017686
v 0.062846 -0.001138 -0.017677
v 0.063933 -0.001021 -0.016990
v 0.064355 -0.000981 -0.016752
v 0.064358 -0.000981 -0.016751
v 0.064530 -0.000982 -0.016755
v 0.064622 -0.000990 -0.016797
v 0.064931 -0.001048 -0.017122
v 0.065591 -0.001163 -0.017768
v 0.066093 -0.001196 -0.017949
v 0.066432 -0.001190 -0.017906
v 0.066687 -0.001157 -0.017711
v 0.067014 -0.001055 -0.017122
v 0.067415 -0.000973 -0.016645
v 0.067845 -0.000944 -0.016472
v 0.068420 -0.000960 -0.016553
v 0.069514 -0.001046 -0.017021
v 0.070086 -0.001035 -0.016952
v 0.071445 -0.000894 -0.016117
v 0.073184 -0.000766 -0.015351
v 0.075123 -0.000753 -0.015238
v 0.077277 -0.000786 -0.015388
v 0.081267 -0.000954 -0.016269
v 0.086548 -0.001190 -0.017516
v 0.089711 -0.001264 -0.017873
v 0.093111 -0.001213 -0.017518
v 0.096097 -0.001159 -0.017151
v 0.098805 -0.000990 -0.016131
v 0.100805 -0.000872 -0.015417
v 0.102029 -0.000664 -0.014206
v 0.062419 0.001248 -0.017564
v 0.062854 0.001243 -0.017555
v 0.063940 0.001050 -0.016884
v 0.064362 0.000983 -0.016651
v 0.064364 0.000983 -0.016651
v 0.064537 0.000983 -0.016654
v 0.064629 0.000994 -0.016695
v 0.064938 0.001083 -0.017012
v 0.065600 0.001259 -0.017643
v 0.066102 0.001308 -0.017821
v 0.066441 0.001294 -0.017778
v 0.066695 0.001240 -0.017588
v 0.067021 0.001076 -0.017013
v 0.067421 0.000943 -0.016547
v 0.067851 0.000893 -0.016378
v 0.068426 0.000914 -0.016457
v 0.069521 0.001039 -0.016914
v 0.070093 0.001018 -0.016846
v 0.071451 0.000783 -0.016031
v 0.073189 0.000566 -0.015283
v 0.075128 0.000528 -0.015172
v 0.077282 0.000562 -0.015319
v 0.081273 0.000792 -0.016179
v 0.086556 0.001118 -0.017397
v 0.089720 0.001206 -0.017747
v 0.093118 0.001096 -0.017400
v 0.096104 0.000985 -0.017041
v 0.098811 0.000694 -0.016045
v 0.100809 0.000490 -0.015347
v 0.102032 0.000151 -0.014164
v 0.062426 0.003344 -0.016419
v 0.062861 0.003336 -0.016412
v 0.063946 0.002870 -0.015890
v 0.064368 0.002708 -0.015709
v 0.064370 0.002708 -0.015708
v 0.064543 0.002709 -0.015711
v 0.064635 0.002738 -0.015743
v 0.064945 0.002955 -0.015990
v 0.065607 0.003387 -0.016481
v 0.066109 0.003508 -0.016619
v 0.066448 0.003477 -0.016586
v 0.066702 0.003346 -0.016438
v 0.067028 0.002948 -0.015990
v 0.067427 0.002626 -0.015628
v 0.067856 0.002508 -0.015496
v 0.068432 0.002560 -0.015557
v 0.069528 0.002872 -0.015913
v 0.070099 0.002823 -0.015860
v 0.071456 0.002257 -0.015226
v 0.073193 0.001736 -0.014643
v 0.075131 0.001653 -0.014557
v 0.077286 0.001747 -0.014672
v 0.081279 0.002325 -0.015341
v 0.086563 0.003146 -0.016289
v 0.089727 0.003376 -0.016561
v 0.093125 0.003126 -0.016291
v 0.096111 0.002868 -0.016012
v 0.098816 0.002173 -0.015236
v 0.100814 0.001686 -0.014693
v 0.102034 0.000867 -0.013773
v 0.062866 0.004725 -0.014474
v 0.062867 0.005136 -0.012126
v 0.063950 0.004078 -0.014204
v 0.063951 0.004436 -0.012162
v 0.064372 0.003854 -0.014111
v 0.064373 0.004193 -0.012174
v 0.064374 0.003853 -0.014110
v 0.064375 0.004192 -0.012174
v 0.064547 0.003856 -0.014112
v 0.064548 0.004195 -0.012174
v 0.064639 0.003895 -0.014128
v 0.064640 0.004238 -0.012172
v 0.064949 0.004198 -0.014256
v 0.064950 0.004565 -0.012155
v 0.065612 0.004800 -0.014510
v 0.065613 0.005218 -0.012121
v 0.066114 0.004969 -0.014581
v 0.066116 0.005401 -0.012112
v 0.066453 0.004927 -0.014564
v 0.066455 0.005355 -0.012114
v 0.066707 0.004744 -0.014488
v 0.066708 0.005157 -0.012124
v 0.067032 0.004191 -0.014256
v 0.067033 0.004559 -0.012155
v 0.067431 0.003744 -0.014069
v 0.067432 0.004074 -0.012179
v 0.067860 0.003580 -0.014001
v 0.067861 0.003897 -0.012188
v 0.068436 0.003654 -0.014032
v 0.068437 0.003977 -0.012184
v 0.069532 0.004088 -0.014216
v 0.069533 0.004448 -0.012160
v 0.070103 0.004021 -0.014189
v 0.070105 0.004375 -0.012164
v 0.071459 0.003236 -0.013861
v 0.071460 0.003525 -0.012207
v 0.073195 0.002512 -0.013560
v 0.073196 0.002742 -0.012247
v 0.075134 0.002400 -0.013515
v 0.075135 0.002621 -0.012253
v 0.077288 0.002533 -0.013575
v 0.077289 0.002766 -0.012245
v 0.081282 0.003344 -0.013921
v 0.081283 0.003645 -0.012199
v 0.086568 0.004493 -0.014411
v 0.086569 0.004891 -0.012134
v 0.089732 0.004817 -0.014551
v 0.089734 0.005243 -0.012116
v 0.093130 0.004473 -0.014412
v 0.093131 0.004871 -0.012134
v 0.096115 0.004119 -0.014268
v 0.096116 0.004489 -0.012153
v 0.098819 0.003155 -0.013867
v 0.098820 0.003445 -0.012206
v 0.100816 0.002480 -0.013586
v 0.100817 0.002714 -0.012243
v 0.102036 0.001342 -0.013110
v 0.102036 0.001483 -0.012306
v 0.026586 -0.056254 -0.010723
v 0.026350 -0.056390 -0.012665
v 0.026893 -0.056079 -0.014879
v 0.027857 -0.055526 -0.008528
v 0.026694 -0.056193 -0.010398
v 0.025138 -0.051391 -0.007202
v 0.029610 -0.054523 -0.007425
v 0.031604 -0.053380 -0.007307
v 0.033445 -0.052326 -0.008198
v 0.031612 -0.047682 -0.007202
v 0.034768 -0.051568 -0.009921
v 0.026372 -0.056823 -0.012675
v 0.026729 -0.056618 -0.010322
v 0.051011 -0.089053 -0.012400
v 0.052109 -0.087735 -0.011521
v 0.051640 -0.088004 -0.010910
v 0.052437 -0.086137 -0.010932
v 0.051654 -0.086586 -0.009911
v 0.051996 -0.084086 -0.010584
v 0.051027 -0.084641 -0.009322
v 0.051439 -0.081285 -0.010088
v 0.050204 -0.081992 -0.008480
v 0.050238 -0.078531 -0.009909
v 0.048909 -0.079293 -0.008177
v 0.048823 -0.075424 -0.009736
v 0.047401 -0.076239 -0.007884
v 0.046975 -0.072838 -0.009910
v 0.045646 -0.073599 -0.008179
v 0.043386 -0.068807 -0.010517
v 0.042380 -0.069383 -0.009208
v 0.040721 -0.065734 -0.010946
v 0.039945 -0.066179 -0.009935
v 0.039534 -0.063932 -0.011019
v 0.038797 -0.064354 -0.010059
v 0.038658 -0.062199 -0.010964
v 0.037891 -0.062638 -0.009965
v 0.038386 -0.060351 -0.010591
v 0.037420 -0.060904 -0.009333
v 0.038356 -0.058803 -0.010185
v 0.037174 -0.059480 -0.008645
v 0.038125 -0.058276 -0.010151
v 0.036925 -0.058963 -0.008588
v 0.037219 -0.057533 -0.010379
v 0.036141 -0.058151 -0.008974
v 0.036871 -0.057070 -0.010418
v 0.035813 -0.057676 -0.009040
v 0.036792 -0.056620 -0.010334
v 0.035689 -0.057252 -0.008897
v 0.036961 -0.056061 -0.010102
v 0.035734 -0.056764 -0.008504
v 0.037254 -0.055517 -0.009815
v 0.035874 -0.056307 -0.008018
v 0.037278 -0.055210 -0.009720
v 0.035847 -0.056030 -0.007858
v 0.037143 -0.054897 -0.009699
v 0.035701 -0.055722 -0.007822
v 0.036753 -0.054542 -0.009788
v 0.035359 -0.055340 -0.007971
v 0.035925 -0.054254 -0.010102
v 0.034699 -0.054957 -0.008504
v 0.035521 -0.054130 -0.010260
v 0.034378 -0.054784 -0.008772
v 0.035442 -0.054069 -0.010281
v 0.034311 -0.054717 -0.008807
v 0.035354 -0.053920 -0.010282
v 0.034223 -0.054568 -0.008810
v 0.035353 -0.053918 -0.010282
v 0.034222 -0.054566 -0.008809
v 0.035327 -0.053446 -0.010166
v 0.034135 -0.054129 -0.008613
v 0.035318 -0.052199 -0.009832
v 0.033947 -0.052984 -0.008046
v 0.035109 -0.051818 -0.009827
v 0.033736 -0.052604 -0.008038
v 0.031825 -0.053699 -0.007114
v 0.032040 -0.054077 -0.007123
v 0.032476 -0.055080 -0.007810
v 0.032649 -0.055467 -0.008048
v 0.032651 -0.055469 -0.008049
v 0.032737 -0.055618 -0.008045
v 0.032789 -0.055694 -0.008003
v 0.032992 -0.055935 -0.007678
v 0.033418 -0.056452 -0.007032
v 0.033695 -0.056871 -0.006851
v 0.033857 -0.057170 -0.006894
v 0.033954 -0.057407 -0.007089
v 0.034027 -0.057742 -0.007678
v 0.034154 -0.058131 -0.008155
v 0.034341 -0.058519 -0.008328
v 0.034639 -0.059011 -0.008247
v 0.035255 -0.059920 -0.007779
v 0.035528 -0.060423 -0.007848
v 0.036077 -0.061674 -0.008683
v 0.036825 -0.063249 -0.009449
v 0.037771 -0.064941 -0.009562
v 0.038865 -0.066797 -0.009412
v 0.040982 -0.070184 -0.008531
v 0.043797 -0.074658 -0.007284
v 0.045423 -0.077372 -0.006927
v 0.047059 -0.080353 -0.007282
v 0.048487 -0.082975 -0.007649
v 0.049678 -0.085414 -0.008669
v 0.050563 -0.087211 -0.009383
v 0.050988 -0.088377 -0.010594
v 0.029755 -0.054884 -0.007236
v 0.029974 -0.055260 -0.007245
v 0.030679 -0.056109 -0.007916
v 0.030946 -0.056443 -0.008149
v 0.030947 -0.056445 -0.008149
v 0.031032 -0.056595 -0.008146
v 0.031067 -0.056680 -0.008105
v 0.031143 -0.056993 -0.007788
v 0.031317 -0.057656 -0.007157
v 0.031523 -0.058116 -0.006979
v 0.031702 -0.058404 -0.007022
v 0.031875 -0.058598 -0.007212
v 0.032178 -0.058801 -0.007787
v 0.032492 -0.059083 -0.008253
v 0.032747 -0.059432 -0.008422
v 0.033014 -0.059942 -0.008343
v 0.033445 -0.060956 -0.007886
v 0.033746 -0.061443 -0.007954
v 0.034621 -0.062507 -0.008769
v 0.035669 -0.063911 -0.009517
v 0.036660 -0.065578 -0.009628
v 0.037695 -0.067468 -0.009481
v 0.039467 -0.071051 -0.008621
v 0.041794 -0.075806 -0.007403
v 0.043280 -0.078600 -0.007053
v 0.045055 -0.081500 -0.007400
v 0.046627 -0.084041 -0.007759
v 0.048218 -0.086251 -0.008755
v 0.049382 -0.087887 -0.009453
v 0.050281 -0.088782 -0.010636
v 0.027937 -0.055926 -0.008381
v 0.028158 -0.056300 -0.008388
v 0.029099 -0.057014 -0.008910
v 0.029448 -0.057300 -0.009091
v 0.029450 -0.057302 -0.009092
v 0.029534 -0.057453 -0.009089
v 0.029554 -0.057547 -0.009057
v 0.029519 -0.057924 -0.008810
v 0.029470 -0.058713 -0.008319
v 0.029614 -0.059210 -0.008181
v 0.029808 -0.059489 -0.008214
v 0.030047 -0.059645 -0.008362
v 0.030554 -0.059731 -0.008810
v 0.031031 -0.059920 -0.009172
v 0.031346 -0.060235 -0.009304
v 0.031585 -0.060761 -0.009243
v 0.031856 -0.061867 -0.008887
v 0.032180 -0.062340 -0.008940
v 0.033343 -0.063240 -0.009574
v 0.034654 -0.064492 -0.010157
v 0.035684 -0.066137 -0.010243
v 0.036667 -0.068057 -0.010128
v 0.038136 -0.071814 -0.009459
v 0.040034 -0.076814 -0.008511
v 0.041397 -0.079678 -0.008239
v 0.043294 -0.082509 -0.008509
v 0.044992 -0.084977 -0.008788
v 0.046934 -0.086986 -0.009564
v 0.048345 -0.088482 -0.010107
v 0.049660 -0.089138 -0.011027
v 0.026953 -0.056991 -0.010326
v 0.026596 -0.057195 -0.012674
v 0.028051 -0.057614 -0.010596
v 0.027741 -0.057792 -0.012638
v 0.028454 -0.057870 -0.010689
v 0.028160 -0.058038 -0.012626
v 0.028456 -0.057872 -0.010690
v 0.028162 -0.058040 -0.012626
v 0.028539 -0.058023 -0.010688
v 0.028245 -0.058191 -0.012626
v 0.028550 -0.058122 -0.010672
v 0.028253 -0.058293 -0.012628
v 0.028440 -0.058542 -0.010544
v 0.028121 -0.058724 -0.012645
v 0.028244 -0.059416 -0.010290
v 0.027881 -0.059623 -0.012679
v 0.028346 -0.059936 -0.010219
v 0.027971 -0.060150 -0.012688
v 0.028550 -0.060210 -0.010236
v 0.028178 -0.060423 -0.012686
v 0.028834 -0.060340 -0.010312
v 0.028475 -0.060545 -0.012676
v 0.029475 -0.060349 -0.010544
v 0.029156 -0.060532 -0.012645
v 0.030062 -0.060475 -0.010731
v 0.029775 -0.060640 -0.012621
v 0.030416 -0.060767 -0.010799
v 0.030141 -0.060925 -0.012612
v 0.030636 -0.061304 -0.010768
v 0.030356 -0.061465 -0.012616
v 0.030800 -0.062472 -0.010584
v 0.030488 -0.062651 -0.012640
v 0.031141 -0.062936 -0.010611
v 0.030833 -0.063112 -0.012636
v 0.032493 -0.063726 -0.010939
v 0.032242 -0.063870 -0.012593
v 0.033980 -0.064878 -0.011240
v 0.033781 -0.064993 -0.012553
v 0.035036 -0.066508 -0.011285
v 0.034844 -0.066618 -0.012547
v 0.035984 -0.068448 -0.011225
v 0.035782 -0.068563 -0.012555
v 0.037253 -0.072320 -0.010879
v 0.036991 -0.072470 -0.012601
v 0.038865 -0.077483 -0.010389
v 0.038520 -0.077681 -0.012666
v 0.040147 -0.080394 -0.010249
v 0.039777 -0.080606 -0.012684
v 0.042125 -0.083179 -0.010388
v 0.041779 -0.083377 -0.012666
v 0.043907 -0.085599 -0.010532
v 0.043586 -0.085783 -0.012647
v 0.046082 -0.087474 -0.010933
v 0.045830 -0.087618 -0.012594
v 0.047656 -0.088876 -0.011214
v 0.047452 -0.088993 -0.012557
v 0.049247 -0.089374 -0.011690
v 0.049125 -0.089444 -0.012494
v 0.049318 -0.089334 -0.013279
v 0.047774 -0.088809 -0.013868
v 0.046228 -0.087390 -0.014216
v 0.044093 -0.085492 -0.014712
v 0.042325 -0.083064 -0.014891
v 0.040361 -0.080272 -0.015064
v 0.039065 -0.077369 -0.014890
v 0.037404 -0.072233 -0.014283
v 0.036101 -0.068381 -0.013854
v 0.035147 -0.066445 -0.013781
v 0.034096 -0.064812 -0.013836
v 0.032639 -0.063643 -0.014209
v 0.031319 -0.062834 -0.014615
v 0.030981 -0.062368 -0.014649
v 0.030799 -0.061211 -0.014421
v 0.030575 -0.060676 -0.014382
v 0.030228 -0.060380 -0.014466
v 0.029660 -0.060243 -0.014698
v 0.029042 -0.060221 -0.014985
v 0.028765 -0.060086 -0.015080
v 0.028563 -0.059811 -0.015101
v 0.028454 -0.059295 -0.015012
v 0.028625 -0.058436 -0.014698
v 0.028722 -0.058024 -0.014540
v 0.028709 -0.057925 -0.014519
v 0.028626 -0.057774 -0.014518
v 0.028624 -0.057772 -0.014518
v 0.028230 -0.057512 -0.014634
v 0.027159 -0.056873 -0.014968
v 0.026936 -0.056500 -0.014973
v 0.035075 -0.051392 -0.014077
v 0.035311 -0.051257 -0.012135
v 0.033804 -0.052120 -0.016272
v 0.034967 -0.051454 -0.014402
v 0.031612 -0.047682 -0.017598
v 0.032051 -0.053124 -0.017375
v 0.030057 -0.054266 -0.017493
v 0.029762 -0.054435 -0.017422
v 0.025138 -0.051391 -0.017598
v 0.028216 -0.055321 -0.016602
v 0.035673 -0.051495 -0.012125
v 0.035316 -0.051699 -0.014478
v 0.049787 -0.089065 -0.013890
v 0.050439 -0.088692 -0.014206
v 0.048557 -0.088360 -0.014889
v 0.047197 -0.086835 -0.015478
v 0.045327 -0.084785 -0.016320
v 0.043655 -0.082302 -0.016623
v 0.041783 -0.079457 -0.016916
v 0.040394 -0.076607 -0.016621
v 0.038409 -0.071658 -0.015592
v 0.036877 -0.067936 -0.014865
v 0.035884 -0.066022 -0.014741
v 0.034862 -0.064373 -0.014835
v 0.033605 -0.063090 -0.015467
v 0.032501 -0.062156 -0.016155
v 0.032181 -0.061681 -0.016212
v 0.031878 -0.060593 -0.015826
v 0.031633 -0.060070 -0.015760
v 0.031331 -0.059748 -0.015903
v 0.030887 -0.059541 -0.016296
v 0.030422 -0.059430 -0.016782
v 0.030196 -0.059267 -0.016942
v 0.030005 -0.058985 -0.016978
v 0.029849 -0.058497 -0.016829
v 0.029852 -0.057733 -0.016296
v 0.029864 -0.057369 -0.016028
v 0.029841 -0.057277 -0.015993
v 0.029757 -0.057127 -0.015990
v 0.029755 -0.057125 -0.015990
v 0.029423 -0.056828 -0.016187
v 0.028530 -0.056087 -0.016754
v 0.049648 -0.087735 -0.015417
v 0.048545 -0.086063 -0.016131
v 0.047045 -0.083802 -0.017151
v 0.045505 -0.081243 -0.017518
v 0.043761 -0.078324 -0.017873
v 0.042243 -0.075548 -0.017516
v 0.039807 -0.070857 -0.016269
v 0.037958 -0.067317 -0.015388
v 0.036910 -0.065435 -0.015238
v 0.035929 -0.063762 -0.015351
v 0.034948 -0.062320 -0.016117
v 0.034146 -0.061214 -0.016952
v 0.033852 -0.060724 -0.017021
v 0.033379 -0.059733 -0.016553
v 0.033105 -0.059227 -0.016472
v 0.032865 -0.058869 -0.016645
v 0.032594 -0.058563 -0.017122
v 0.032342 -0.058331 -0.017711
v 0.032186 -0.058127 -0.017906
v 0.032011 -0.057837 -0.017949
v 0.031789 -0.057385 -0.017768
v 0.031558 -0.056756 -0.017122
v 0.031454 -0.056459 -0.016797
v 0.031415 -0.056376 -0.016755
v 0.031329 -0.056226 -0.016751
v 0.031328 -0.056224 -0.016752
v 0.031082 -0.055878 -0.016990
v 0.030438 -0.054995 -0.017677
v 0.030220 -0.054618 -0.017686
v 0.028309 -0.055713 -0.016762
v 0.032290 -0.053433 -0.017564
v 0.032504 -0.053811 -0.017555
v 0.032879 -0.054849 -0.016884
v 0.033032 -0.055248 -0.016651
v 0.033033 -0.055250 -0.016651
v 0.033120 -0.055399 -0.016654
v 0.033175 -0.055473 -0.016695
v 0.033407 -0.055697 -0.017012
v 0.033890 -0.056181 -0.017643
v 0.034183 -0.056592 -0.017821
v 0.034341 -0.056892 -0.017778
v 0.034421 -0.057140 -0.017588
v 0.034442 -0.057504 -0.017013
v 0.034527 -0.057917 -0.016547
v 0.034699 -0.058314 -0.016378
v 0.035005 -0.058802 -0.016457
v 0.035661 -0.059688 -0.016914
v 0.035928 -0.060193 -0.016846
v 0.036404 -0.061486 -0.016031
v 0.037084 -0.063100 -0.015283
v 0.038021 -0.064799 -0.015172
v 0.039128 -0.066647 -0.015319
v 0.041322 -0.069989 -0.016179
v 0.044246 -0.074401 -0.017397
v 0.045904 -0.077097 -0.017747
v 0.047509 -0.080095 -0.017400
v 0.048905 -0.082736 -0.017041
v 0.050006 -0.085226 -0.016045
v 0.050829 -0.087059 -0.015347
v 0.051146 -0.088287 -0.014164
v 0.034109 -0.052391 -0.016419
v 0.034319 -0.052771 -0.016412
v 0.034459 -0.053944 -0.015890
v 0.034529 -0.054390 -0.015709
v 0.034530 -0.054392 -0.015708
v 0.034618 -0.054541 -0.015711
v 0.034688 -0.054606 -0.015743
v 0.035031 -0.054766 -0.015990
v 0.035737 -0.055124 -0.016481
v 0.036092 -0.055498 -0.016619
v 0.036236 -0.055807 -0.016586
v 0.036248 -0.056093 -0.016438
v 0.036067 -0.056573 -0.015990
v 0.035988 -0.057081 -0.015628
v 0.036100 -0.057511 -0.015496
v 0.036433 -0.057983 -0.015557
v 0.037251 -0.058777 -0.015913
v 0.037494 -0.059296 -0.015860
v 0.037683 -0.060754 -0.015226
v 0.038099 -0.062519 -0.014643
v 0.038997 -0.064239 -0.014557
v 0.040156 -0.066058 -0.014672
v 0.042653 -0.069227 -0.015341
v 0.046006 -0.073393 -0.016289
v 0.047787 -0.076018 -0.016561
v 0.049269 -0.079086 -0.016291
v 0.050539 -0.081800 -0.016012
v 0.051290 -0.084491 -0.015236
v 0.051866 -0.086464 -0.014693
v 0.051768 -0.087931 -0.013773
v 0.035525 -0.052081 -0.014474
v 0.035881 -0.051877 -0.012126
v 0.035507 -0.053343 -0.014204
v 0.035817 -0.053166 -0.012162
v 0.035523 -0.053820 -0.014111
v 0.035817 -0.053652 -0.012174
v 0.035524 -0.053823 -0.014110
v 0.035818 -0.053655 -0.012174
v 0.035612 -0.053971 -0.014112
v 0.035907 -0.053803 -0.012174
v 0.035693 -0.054031 -0.014128
v 0.035990 -0.053861 -0.012172
v 0.036110 -0.054149 -0.014256
v 0.036429 -0.053966 -0.012155
v 0.036963 -0.054421 -0.014510
v 0.037326 -0.054214 -0.012121
v 0.037360 -0.054772 -0.014581
v 0.037735 -0.054558 -0.012112
v 0.037493 -0.055087 -0.014564
v 0.037865 -0.054874 -0.012114
v 0.037462 -0.055398 -0.014488
v 0.037821 -0.055192 -0.012124
v 0.037146 -0.055956 -0.014256
v 0.037465 -0.055773 -0.012155
v 0.036958 -0.056525 -0.014069
v 0.037244 -0.056361 -0.012179
v 0.037030 -0.056979 -0.014001
v 0.037305 -0.056821 -0.012188
v 0.037382 -0.057440 -0.014032
v 0.037662 -0.057279 -0.012184
v 0.038306 -0.058172 -0.014216
v 0.038618 -0.057993 -0.012160
v 0.038534 -0.058701 -0.014189
v 0.038842 -0.058525 -0.012164
v 0.038532 -0.060267 -0.013861
v 0.038783 -0.060124 -0.012207
v 0.038773 -0.062133 -0.013560
v 0.038973 -0.062019 -0.012247
v 0.039645 -0.063868 -0.013515
v 0.039837 -0.063758 -0.012253
v 0.040838 -0.065667 -0.013575
v 0.041040 -0.065551 -0.012245
v 0.043537 -0.068720 -0.013921
v 0.043798 -0.068571 -0.012199
v 0.047175 -0.072723 -0.014411
v 0.047520 -0.072525 -0.012134
v 0.049038 -0.075302 -0.014551
v 0.049407 -0.075090 -0.012116
v 0.050439 -0.078417 -0.014412
v 0.050784 -0.078218 -0.012134
v 0.051625 -0.081178 -0.014268
v 0.051946 -0.080994 -0.012153
v 0.052142 -0.084003 -0.013867
v 0.052394 -0.083858 -0.012206
v 0.052556 -0.086070 -0.013586
v 0.052759 -0.085953 -0.012243
v 0.052180 -0.087695 -0.013110
v 0.052302 -0.087625 -0.012306
v -0.035424 -0.051152 -0.010723
v -0.035660 -0.051015 -0.012665
v -0.035119 -0.051329 -0.014879
v -0.034159 -0.051888 -0.008528
v -0.035317 -0.051214 -0.010398
v -0.031937 -0.047466 -0.007202
v -0.032413 -0.052904 -0.007425
v -0.030427 -0.054060 -0.007307
v -0.028593 -0.055127 -0.008198
v -0.025488 -0.051218 -0.007202
v -0.027275 -0.055894 -0.009921
v -0.036024 -0.051250 -0.012675
v -0.035668 -0.051457 -0.010322
v -0.051617 -0.088703 -0.012400
v -0.049926 -0.088996 -0.011521
v -0.050393 -0.088724 -0.010910
v -0.048378 -0.088481 -0.010932
v -0.049159 -0.088027 -0.009911
v -0.046823 -0.087073 -0.010584
v -0.047788 -0.086511 -0.009322
v -0.044675 -0.085190 -0.010088
v -0.045905 -0.084474 -0.008480
v -0.042891 -0.082773 -0.009909
v -0.044215 -0.082003 -0.008177
v -0.040908 -0.079995 -0.009736
v -0.042324 -0.079170 -0.007884
v -0.039592 -0.077100 -0.009910
v -0.040916 -0.076330 -0.008179
v -0.037896 -0.071976 -0.010517
v -0.038897 -0.071394 -0.009208
v -0.036567 -0.068133 -0.010946
v -0.037340 -0.067683 -0.009935
v -0.035599 -0.066203 -0.011019
v -0.036334 -0.065776 -0.010059
v -0.034537 -0.064578 -0.010964
v -0.035301 -0.064134 -0.009965
v -0.033072 -0.063419 -0.010591
v -0.034034 -0.062859 -0.009333
v -0.031747 -0.062619 -0.010185
v -0.032925 -0.061933 -0.008645
v -0.031406 -0.062155 -0.010151
v -0.032601 -0.061460 -0.008588
v -0.031216 -0.061000 -0.010379
v -0.032290 -0.060374 -0.008974
v -0.030988 -0.060466 -0.010418
v -0.032042 -0.059853 -0.009040
v -0.030639 -0.060173 -0.010334
v -0.031737 -0.059533 -0.008897
v -0.030070 -0.060040 -0.010102
v -0.031292 -0.059329 -0.008504
v -0.029452 -0.060021 -0.009815
v -0.030827 -0.059222 -0.008018
v -0.029175 -0.059889 -0.009720
v -0.030599 -0.059060 -0.007858
v -0.028970 -0.059615 -0.009699
v -0.030406 -0.058779 -0.007822
v -0.028858 -0.059100 -0.009788
v -0.030247 -0.058292 -0.007971
v -0.029023 -0.058239 -0.010102
v -0.030245 -0.057528 -0.008504
v -0.029117 -0.057827 -0.010260
v -0.030255 -0.057164 -0.008772
v -0.029104 -0.057728 -0.010281
v -0.030231 -0.057072 -0.008807
v -0.029020 -0.057578 -0.010282
v -0.030146 -0.056922 -0.008810
v -0.029018 -0.057576 -0.010282
v -0.030144 -0.056920 -0.008809
v -0.028622 -0.057318 -0.010166
v -0.029810 -0.056626 -0.008613
v -0.027547 -0.056686 -0.009832
v -0.028912 -0.055891 -0.008046
v -0.027321 -0.056314 -0.009827
v -0.028689 -0.055518 -0.008038
v -0.030592 -0.054411 -0.007114
v -0.030812 -0.054786 -0.007123
v -0.031463 -0.055665 -0.007810
v -0.031711 -0.056008 -0.008048
v -0.031712 -0.056011 -0.008049
v -0.031798 -0.056160 -0.008045
v -0.031838 -0.056243 -0.008003
v -0.031945 -0.056539 -0.007678
v -0.032179 -0.057167 -0.007032
v -0.032404 -0.057617 -0.006851
v -0.032582 -0.057906 -0.006894
v -0.032739 -0.058109 -0.007089
v -0.032992 -0.058339 -0.007678
v -0.033266 -0.058644 -0.008155
v -0.033508 -0.059000 -0.008328
v -0.033785 -0.059504 -0.008247
v -0.034265 -0.060491 -0.007779
v -0.034563 -0.060980 -0.007848
v -0.035373 -0.062080 -0.008683
v -0.036363 -0.063516 -0.009449
v -0.037355 -0.065182 -0.009562
v -0.038416 -0.067057 -0.009412
v -0.040290 -0.070583 -0.008531
v -0.042758 -0.075258 -0.007284
v -0.044295 -0.078024 -0.006927
v -0.046058 -0.080930 -0.007282
v -0.047615 -0.083479 -0.007649
v -0.049131 -0.085730 -0.008669
v -0.050245 -0.087395 -0.009383
v -0.051043 -0.088345 -0.010594
v -0.032654 -0.053211 -0.007236
v -0.032870 -0.053588 -0.007245
v -0.033253 -0.054623 -0.007916
v -0.033408 -0.055021 -0.008149
v -0.033409 -0.055023 -0.008149
v -0.033497 -0.055172 -0.008146
v -0.033553 -0.055245 -0.008105
v -0.033786 -0.055468 -0.007788
v -0.034273 -0.055949 -0.007157
v -0.034568 -0.056357 -0.006979
v -0.034729 -0.056657 -0.007022
v -0.034810 -0.056903 -0.007212
v -0.034834 -0.057268 -0.007787
v -0.034922 -0.057680 -0.008253
v -0.035096 -0.058076 -0.008422
v -0.035405 -0.058562 -0.008343
v -0.036067 -0.059443 -0.007886
v -0.036338 -0.059947 -0.007954
v -0.036822 -0.061237 -0.008769
v -0.037514 -0.062846 -0.009517
v -0.038462 -0.064538 -0.009628
v -0.039581 -0.066379 -0.009481
v -0.041799 -0.069705 -0.008621
v -0.044753 -0.074097 -0.007403
v -0.046429 -0.076782 -0.007053
v -0.048054 -0.079769 -0.007400
v -0.049468 -0.082401 -0.007759
v -0.050586 -0.084883 -0.008755
v -0.051421 -0.086710 -0.009453
v -0.051747 -0.087936 -0.010636
v -0.034465 -0.052157 -0.008381
v -0.034678 -0.052536 -0.008388
v -0.034826 -0.053708 -0.008910
v -0.034899 -0.054153 -0.009091
v -0.034900 -0.054156 -0.009092
v -0.034989 -0.054303 -0.009089
v -0.035060 -0.054368 -0.009057
v -0.035404 -0.054526 -0.008810
v -0.036112 -0.054879 -0.008319
v -0.036470 -0.055251 -0.008181
v -0.036615 -0.055559 -0.008214
v -0.036630 -0.055844 -0.008362
v -0.036452 -0.056326 -0.008810
v -0.036376 -0.056834 -0.009172
v -0.036492 -0.057264 -0.009304
v -0.036828 -0.057734 -0.009243
v -0.037651 -0.058521 -0.008887
v -0.037898 -0.059039 -0.008940
v -0.038096 -0.060495 -0.009574
v -0.038525 -0.062258 -0.010157
v -0.039434 -0.063972 -0.010243
v -0.040605 -0.065783 -0.010128
v -0.043124 -0.068934 -0.009459
v -0.046506 -0.073077 -0.008511
v -0.048305 -0.075690 -0.008239
v -0.049808 -0.078748 -0.008509
v -0.051096 -0.081453 -0.008788
v -0.051865 -0.084139 -0.009564
v -0.052455 -0.086108 -0.010107
v -0.052366 -0.087576 -0.011027
v -0.035879 -0.051837 -0.010326
v -0.036234 -0.051631 -0.012674
v -0.035870 -0.053100 -0.010596
v -0.036179 -0.052920 -0.012638
v -0.035890 -0.053577 -0.010689
v -0.036182 -0.053406 -0.012626
v -0.035890 -0.053579 -0.010690
v -0.036183 -0.053409 -0.012626
v -0.035980 -0.053727 -0.010688
v -0.036273 -0.053556 -0.012626
v -0.036060 -0.053786 -0.010672
v -0.036356 -0.053614 -0.012628
v -0.036478 -0.053901 -0.010544
v -0.036796 -0.053716 -0.012645
v -0.037333 -0.054168 -0.010290
v -0.037695 -0.053958 -0.012679
v -0.037733 -0.054516 -0.010219
v -0.038106 -0.054299 -0.012688
v -0.037868 -0.054830 -0.010236
v -0.038239 -0.054614 -0.012686
v -0.037839 -0.055141 -0.010312
v -0.038196 -0.054933 -0.012676
v -0.037526 -0.055701 -0.010544
v -0.037844 -0.055516 -0.012645
v -0.037342 -0.056272 -0.010731
v -0.037628 -0.056105 -0.012621
v -0.037418 -0.056725 -0.010799
v -0.037692 -0.056565 -0.012612
v -0.037773 -0.057184 -0.010768
v -0.038052 -0.057021 -0.012616
v -0.038702 -0.057910 -0.010584
v -0.039013 -0.057729 -0.012640
v -0.038934 -0.058437 -0.010611
v -0.039240 -0.058258 -0.012636
v -0.038942 -0.060003 -0.010939
v -0.039192 -0.059858 -0.012593
v -0.039196 -0.061867 -0.011240
v -0.039395 -0.061751 -0.012553
v -0.040080 -0.063596 -0.011285
v -0.040271 -0.063485 -0.012547
v -0.041285 -0.065387 -0.011225
v -0.041486 -0.065270 -0.012555
v -0.044005 -0.068422 -0.010879
v -0.044265 -0.068270 -0.012601
v -0.047670 -0.072400 -0.010389
v -0.048014 -0.072199 -0.012666
v -0.049550 -0.074966 -0.010249
v -0.049918 -0.074751 -0.012684
v -0.050972 -0.078071 -0.010388
v -0.051317 -0.077870 -0.012666
v -0.052177 -0.080824 -0.010532
v -0.052497 -0.080638 -0.012647
v -0.052714 -0.083645 -0.010933
v -0.052965 -0.083499 -0.012594
v -0.053141 -0.085709 -0.011214
v -0.053344 -0.085591 -0.012557
v -0.052777 -0.087337 -0.011690
v -0.052898 -0.087266 -0.012494
v -0.052707 -0.087377 -0.013279
v -0.053024 -0.085778 -0.013868
v -0.052568 -0.083730 -0.014216
v -0.051992 -0.080932 -0.014712
v -0.050773 -0.078187 -0.014891
v -0.049337 -0.075090 -0.015064
v -0.047470 -0.072516 -0.014890
v -0.043854 -0.068509 -0.014283
v -0.041169 -0.065455 -0.013854
v -0.039969 -0.063660 -0.013781
v -0.039081 -0.061934 -0.013836
v -0.038797 -0.060088 -0.014209
v -0.038756 -0.058540 -0.014615
v -0.038522 -0.058014 -0.014649
v -0.037611 -0.057278 -0.014421
v -0.037259 -0.056817 -0.014382
v -0.037177 -0.056368 -0.014466
v -0.037342 -0.055808 -0.014698
v -0.037632 -0.055262 -0.014985
v -0.037654 -0.054955 -0.015080
v -0.037517 -0.054642 -0.015101
v -0.037124 -0.054290 -0.015012
v -0.036294 -0.054008 -0.014698
v -0.035889 -0.053886 -0.014540
v -0.035810 -0.053826 -0.014519
v -0.035721 -0.053678 -0.014518
v -0.035720 -0.053676 -0.014518
v -0.035691 -0.053204 -0.014634
v -0.035673 -0.051957 -0.014968
v -0.035462 -0.051577 -0.014973
v -0.026970 -0.056072 -0.014077
v -0.026734 -0.056209 -0.012135
v -0.028235 -0.055335 -0.016272
v -0.027077 -0.056009 -0.014402
v -0.025488 -0.051218 -0.017598
v -0.029981 -0.054319 -0.017375
v -0.031967 -0.053163 -0.017493
v -0.031937 -0.047466 -0.017598
v -0.033801 -0.052096 -0.016602
v -0.026759 -0.056641 -0.012125
v -0.027115 -0.056434 -0.014478
v -0.052239 -0.087649 -0.013890
v -0.052243 -0.086232 -0.014889
v -0.051603 -0.084291 -0.015478
v -0.050763 -0.081647 -0.016320
v -0.049448 -0.078957 -0.016623
v -0.047920 -0.075914 -0.016916
v -0.046147 -0.073286 -0.016621
v -0.042853 -0.069092 -0.015592
v -0.040395 -0.065905 -0.014865
v -0.039235 -0.064088 -0.014741
v -0.038318 -0.062378 -0.014835
v -0.037835 -0.060647 -0.015467
v -0.037578 -0.059225 -0.016155
v -0.037326 -0.058710 -0.016212
v -0.036536 -0.057903 -0.015826
v -0.036206 -0.057430 -0.015760
v -0.036078 -0.057007 -0.015903
v -0.036120 -0.056519 -0.016296
v -0.036257 -0.056061 -0.016782
v -0.036229 -0.055784 -0.016942
v -0.036081 -0.055478 -0.016978
v -0.035735 -0.055098 -0.016829
v -0.035073 -0.054719 -0.016296
v -0.034751 -0.054548 -0.016028
v -0.034683 -0.054481 -0.015993
v -0.034595 -0.054333 -0.015990
v -0.034594 -0.054331 -0.015990
v -0.034503 -0.053895 -0.016187
v -0.034308 -0.052752 -0.016754
v -0.034094 -0.052373 -0.016762
v -0.032191 -0.053481 -0.017686
v -0.032408 -0.053857 -0.017677
v -0.032851 -0.054857 -0.016990
v -0.033027 -0.055243 -0.016752
v -0.033028 -0.055245 -0.016751
v -0.033115 -0.055394 -0.016755
v -0.033168 -0.055469 -0.016797
v -0.033373 -0.055708 -0.017122
v -0.033803 -0.056222 -0.017768
v -0.034083 -0.056640 -0.017949
v -0.034247 -0.056937 -0.017906
v -0.034345 -0.057174 -0.017711
v -0.034420 -0.057508 -0.017122
v -0.034550 -0.057897 -0.016645
v -0.034740 -0.058283 -0.016472
v -0.035041 -0.058773 -0.016553
v -0.035663 -0.059678 -0.017021
v -0.035940 -0.060179 -0.016952
v -0.036497 -0.061426 -0.016117
v -0.037255 -0.062996 -0.015351
v -0.038213 -0.064682 -0.015238
v -0.039320 -0.066531 -0.015388
v -0.041460 -0.069903 -0.016269
v -0.044305 -0.074358 -0.017516
v -0.045950 -0.077061 -0.017873
v -0.047606 -0.080030 -0.017518
v -0.049052 -0.082643 -0.017151
v -0.050260 -0.085073 -0.016131
v -0.051157 -0.086864 -0.015417
v -0.051589 -0.088028 -0.014206
v -0.030129 -0.054680 -0.017564
v -0.030350 -0.055055 -0.017555
v -0.031061 -0.055899 -0.016884
v -0.031330 -0.056230 -0.016651
v -0.031331 -0.056232 -0.016651
v -0.031417 -0.056382 -0.016654
v -0.031453 -0.056467 -0.016695
v -0.031531 -0.056780 -0.017012
v -0.031709 -0.057441 -0.017643
v -0.031918 -0.057900 -0.017821
v -0.032100 -0.058187 -0.017778
v -0.032274 -0.058379 -0.017588
v -0.032579 -0.058580 -0.017013
v -0.032894 -0.058860 -0.016547
v -0.033152 -0.059207 -0.016378
v -0.033422 -0.059716 -0.016457
v -0.033860 -0.060727 -0.016914
v -0.034165 -0.061212 -0.016846
v -0.035047 -0.062270 -0.016031
v -0.036105 -0.063666 -0.015283
v -0.037107 -0.065326 -0.015172
v -0.038154 -0.067209 -0.015319
v -0.039951 -0.070781 -0.016179
v -0.042310 -0.075519 -0.017397
v -0.043815 -0.078303 -0.017747
v -0.045610 -0.081191 -0.017400
v -0.047199 -0.083721 -0.017041
v -0.048805 -0.085920 -0.016045
v -0.049981 -0.087548 -0.015347
v -0.050885 -0.088437 -0.014164
v -0.028317 -0.055734 -0.016419
v -0.028542 -0.056107 -0.016412
v -0.029488 -0.056814 -0.015890
v -0.029838 -0.057098 -0.015709
v -0.029840 -0.057100 -0.015708
v -0.029925 -0.057250 -0.015711
v -0.029946 -0.057344 -0.015743
v -0.029913 -0.057721 -0.015990
v -0.029870 -0.058511 -0.016481
v -0.030017 -0.059006 -0.016619
v -0.030213 -0.059285 -0.016586
v -0.030454 -0.059439 -0.016438
v -0.030961 -0.059522 -0.015990
v -0.031439 -0.059707 -0.015628
v -0.031756 -0.060019 -0.015496
v -0.031999 -0.060544 -0.015557
v -0.032277 -0.061648 -0.015913
v -0.032605 -0.062119 -0.015860
v -0.033773 -0.063011 -0.015226
v -0.035093 -0.064254 -0.014643
v -0.036134 -0.065892 -0.014557
v -0.037130 -0.067805 -0.014672
v -0.038625 -0.071552 -0.015341
v -0.040557 -0.076539 -0.016289
v -0.041940 -0.079394 -0.016561
v -0.043856 -0.082212 -0.016291
v -0.045571 -0.084668 -0.016012
v -0.047526 -0.086664 -0.015236
v -0.048947 -0.088150 -0.014693
v -0.050266 -0.088797 -0.013773
v -0.027341 -0.056806 -0.014474
v -0.026986 -0.057012 -0.012126
v -0.028443 -0.057422 -0.014204
v -0.028134 -0.057601 -0.012162
v -0.028848 -0.057674 -0.014111
v -0.028555 -0.057845 -0.012174
v -0.028850 -0.057676 -0.014110
v -0.028557 -0.057847 -0.012174
v -0.028934 -0.057827 -0.014112
v -0.028641 -0.057997 -0.012174
v -0.028946 -0.057926 -0.014128
v -0.028650 -0.058098 -0.012172
v -0.028839 -0.058346 -0.014256
v -0.028521 -0.058531 -0.012155
v -0.028649 -0.059222 -0.014510
v -0.028288 -0.059432 -0.012121
v -0.028754 -0.059741 -0.014581
v -0.028381 -0.059958 -0.012112
v -0.028960 -0.060014 -0.014564
v -0.028590 -0.060229 -0.012114
v -0.029245 -0.060142 -0.014488
v -0.028888 -0.060350 -0.012124
v -0.029886 -0.060147 -0.014256
v -0.029568 -0.060332 -0.012155
v -0.030473 -0.060269 -0.014069
v -0.030188 -0.060435 -0.012179
v -0.030830 -0.060559 -0.014001
v -0.030556 -0.060718 -0.012188
v -0.031054 -0.061094 -0.014032
v -0.030774 -0.061256 -0.012184
v -0.031226 -0.062260 -0.014216
v -0.030915 -0.062441 -0.012160
v -0.031569 -0.062722 -0.014189
v -0.031263 -0.062900 -0.012164
v -0.032927 -0.063503 -0.013861
v -0.032677 -0.063649 -0.012207
v -0.034422 -0.064645 -0.013560
v -0.034223 -0.064761 -0.012247
v -0.035489 -0.066268 -0.013515
v -0.035298 -0.066379 -0.012253
v -0.036450 -0.068200 -0.013575
v -0.036249 -0.068318 -0.012245
v -0.037745 -0.072064 -0.013921
v -0.037485 -0.072216 -0.012199
v -0.039393 -0.077216 -0.014411
v -0.039049 -0.077417 -0.012134
v -0.040695 -0.080119 -0.014551
v -0.040326 -0.080333 -0.012116
v -0.042691 -0.082889 -0.014412
v -0.042347 -0.083090 -0.012134
v -0.044490 -0.085297 -0.014268
v -0.044170 -0.085483 -0.012153
v -0.046677 -0.087158 -0.013867
v -0.046426 -0.087304 -0.012206
v -0.048261 -0.088549 -0.013586
v -0.048058 -0.088667 -0.012243
v -0.049856 -0.089036 -0.013110
v -0.049734 -0.089107 -0.012306
v -0.031612 0.047682 -0.007202
v -0.029610 0.054523 -0.007425
v -0.031604 0.053380 -0.007307
v -0.026586 0.056254 -0.010723
v -0.026350 0.056390 -0.012665
v -0.026893 0.056079 -0.014879
v -0.027857 0.055526 -0.008528
v -0.026694 0.056193 -0.010398
v -0.025138 0.051391 -0.007202
v -0.033445 0.052326 -0.008198
v -0.034768 0.051568 -0.009921
v -0.026372 0.056823 -0.012675
v -0.026729 0.056618 -0.010322
v -0.051011 0.089053 -0.012400
v -0.052109 0.087735 -0.011521
v -0.051640 0.088004 -0.010910
v -0.052437 0.086137 -0.010932
v -0.051654 0.086586 -0.009911
v -0.051996 0.084086 -0.010584
v -0.051027 0.084641 -0.009322
v -0.051439 0.081285 -0.010088
v -0.050204 0.081992 -0.008480
v -0.050238 0.078531 -0.009909
v -0.048909 0.079293 -0.008177
v -0.048823 0.075424 -0.009736
v -0.047401 0.076239 -0.007884
v -0.046975 0.072838 -0.009910
v -0.045646 0.073599 -0.008179
v -0.043386 0.068807 -0.010517
v -0.042380 0.069383 -0.009208
v -0.040721 0.065734 -0.010946
v -0.039945 0.066179 -0.009935
v -0.039534 0.063932 -0.011019
v -0.038797 0.064354 -0.010059
v -0.038658 0.062199 -0.010964
v -0.037891 0.062638 -0.009965
v -0.038386 0.060351 -0.010591
v -0.037420 0.060904 -0.009333
v -0.038356 0.058803 -0.010185
v -0.037174 0.059480 -0.008645
v -0.038125 0.058276 -0.010151
v -0.036925 0.058963 -0.008588
v -0.037219 0.057533 -0.010379
v -0.036141 0.058151 -0.008974
v -0.036871 0.057070 -0.010418
v -0.035813 0.057676 -0.009040
v -0.036792 0.056620 -0.010334
v -0.035689 0.057252 -0.008897
v -0.036961 0.056061 -0.010102
v -0.035734 0.056764 -0.008504
v -0.037254 0.055517 -0.009815
v -0.035874 0.056307 -0.008018
v -0.037278 0.055210 -0.009720
v -0.035847 0.056030 -0.007858
v -0.037143 0.054897 -0.009699
v -0.035701 0.055722 -0.007822
v -0.036753 0.054542 -0.009788
v -0.035359 0.055340 -0.007971
v -0.035925 0.054254 -0.010102
v -0.034699 0.054957 -0.008504
v -0.035521 0.054130 -0.010260
v -0.034378 0.054784 -0.008772
v -0.035442 0.054069 -0.010281
v -0.034311 0.054717 -0.008807
v -0.035354 0.053920 -0.010282
v -0.034223 0.054568 -0.008810
v -0.035353 0.053918 -0.010282
v -0.034222 0.054566 -0.008809
v -0.035327 0.053446 -0.010166
v -0.034135 0.054129 -0.008613
v -0.035318 0.052199 -0.009832
v -0.033947 0.052984 -0.008046
v -0.035109 0.051818 -0.009827
v -0.033736 0.052604 -0.008038
v -0.031825 0.053699 -0.007114
v -0.032040 0.054077 -0.007123
v -0.032476 0.055080 -0.007810
v -0.032649 0.055467 -0.008048
v -0.032651 0.055469 -0.008049
v -0.032737 0.055618 -0.008045
v -0.032789 0.055694 -0.008003
v -0.032992 0.055935 -0.007678
v -0.033418 0.056452 -0.007032
v -0.033695 0.056871 -0.006851
v -0.033857 0.057170 -0.006894
v -0.033954 0.057407 -0.007089
v -0.034027 0.057742 -0.007678
v -0.034154 0.058131 -0.008155
v -0.034341 0.058519 -0.008328
v -0.034639 0.059011 -0.008247
v -0.035255 0.059920 -0.007779
v -0.035528 0.060423 -0.007848
v -0.036077 0.061674 -0.008683
v -0.036825 0.063249 -0.009449
v -0.037771 0.064941 -0.009562
v -0.038865 0.066797 -0.009412
v -0.040982 0.070184 -0.008531
v -0.043797 0.074658 -0.007284
v -0.045423 0.077372 -0.006927
v -0.047059 0.080353 -0.007282
v -0.048487 0.082975 -0.007649
v -0.049678 0.085414 -0.008669
v -0.050563 0.087211 -0.009383
v -0.050988 0.088377 -0.010594
v -0.029755 0.054884 -0.007236
v -0.029974 0.055260 -0.007245
v -0.030679 0.056109 -0.007916
v -0.030946 0.056443 -0.008149
v -0.030947 0.056445 -0.008149
v -0.031032 0.056595 -0.008146
v -0.031067 0.056680 -0.008105
v -0.031143 0.056993 -0.007788
v -0.031317 0.057656 -0.007157
v -0.031523 0.058116 -0.006979
v -0.031702 0.058404 -0.007022
v -0.031875 0.058598 -0.007212
v -0.032178 0.058801 -0.007787
v -0.032492 0.059083 -0.008253
v -0.032747 0.059432 -0.008422
v -0.033014 0.059942 -0.008343
v -0.033445 0.060956 -0.007886
v -0.033746 0.061443 -0.007954
v -0.034621 0.062507 -0.008769
v -0.035669 0.063911 -0.009517
v -0.036660 0.065578 -0.009628
v -0.037695 0.067468 -0.009481
v -0.039467 0.071051 -0.008621
v -0.041794 0.075806 -0.007403
v -0.043280 0.078600 -0.007053
v -0.045055 0.081500 -0.007400
v -0.046627 0.084041 -0.007759
v -0.048218 0.086251 -0.008755
v -0.049382 0.087887 -0.009453
v -0.050281 0.088782 -0.010636
v -0.027937 0.055926 -0.008381
v -0.028158 0.056300 -0.008388
v -0.029099 0.057014 -0.008910
v -0.029448 0.057300 -0.009091
v -0.029450 0.057302 -0.009092
v -0.029534 0.057453 -0.009089
v -0.029554 0.057547 -0.009057
v -0.029519 0.057924 -0.008810
v -0.029470 0.058713 -0.008319
v -0.029614 0.059210 -0.008181
v -0.029808 0.059489 -0.008214
v -0.030047 0.059645 -0.008362
v -0.030554 0.059731 -0.008810
v -0.031031 0.059920 -0.009172
v -0.031346 0.060235 -0.009304
v -0.031585 0.060761 -0.009243
v -0.031856 0.061867 -0.008887
v -0.032180 0.062340 -0.008940
v -0.033343 0.063240 -0.009574
v -0.034654 0.064492 -0.010157
v -0.035684 0.066137 -0.010243
v -0.036667 0.068057 -0.010128
v -0.038136 0.071814 -0.009459
v -0.040034 0.076814 -0.008511
v -0.041397 0.079678 -0.008239
v -0.043294 0.082509 -0.008509
v -0.044992 0.084977 -0.008788
v -0.046934 0.086986 -0.009564
v -0.048345 0.088482 -0.010107
v -0.049660 0.089138 -0.011027
v -0.026953 0.056991 -0.010326
v -0.026596 0.057195 -0.012674
v -0.028051 0.057614 -0.010596
v -0.027741 0.057792 -0.012638
v -0.028454 0.057870 -0.010689
v -0.028160 0.058038 -0.012626
v -0.028456 0.057872 -0.010690
v -0.028162 0.058040 -0.012626
v -0.028539 0.058023 -0.010688
v -0.028245 0.058191 -0.012626
v -0.028550 0.058122 -0.010672
v -0.028253 0.058293 -0.012628
v -0.028440 0.058542 -0.010544
v -0.028121 0.058724 -0.012645
v -0.028244 0.059416 -0.010290
v -0.027881 0.059623 -0.012679
v -0.028346 0.059936 -0.010219
v -0.027971 0.060150 -0.012688
v -0.028550 0.060210 -0.010236
v -0.028178 0.060423 -0.012686
v -0.028834 0.060340 -0.010312
v -0.028475 0.060545 -0.012676
v -0.029475 0.060349 -0.010544
v -0.029156 0.060532 -0.012645
v -0.030062 0.060475 -0.010731
v -0.029775 0.060640 -0.012621
v -0.030416 0.060767 -0.010799
v -0.030141 0.060925 -0.012612
v -0.030636 0.061304 -0.010768
v -0.030356 0.061465 -0.012616
v -0.030800 0.062472 -0.010584
v -0.030488 0.062651 -0.012640
v -0.031141 0.062936 -0.010611
v -0.030833 0.063112 -0.012636
v -0.032493 0.063726 -0.010939
v -0.032242 0.063870 -0.012593
v -0.033980 0.064878 -0.011240
v -0.033781 0.064993 -0.012553
v -0.035036 0.066508 -0.011285
v -0.034844 0.066618 -0.012547
v -0.035984 0.068448 -0.011225
v -0.035782 0.068563 -0.012555
v -0.037253 0.072320 -0.010879
v -0.036991 0.072470 -0.012601
v -0.038865 0.077483 -0.010389
v -0.038520 0.077681 -0.012666
v -0.040147 0.080394 -0.010249
v -0.039777 0.080606 -0.012684
v -0.042125 0.083179 -0.010388
v -0.041779 0.083377 -0.012666
v -0.043907 0.085599 -0.010532
v -0.043586 0.085783 -0.012647
v -0.046082 0.087474 -0.010933
v -0.045830 0.087618 -0.012594
v -0.047656 0.088876 -0.011214
v -0.047452 0.088993 -0.012557
v -0.049247 0.089374 -0.011690
v -0.049125 0.089444 -0.012494
v -0.049318 0.089334 -0.013279
v -0.047774 0.088809 -0.013868
v -0.046228 0.087390 -0.014216
v -0.044093 0.085492 -0.014712
v -0.042325 0.083064 -0.014891
v -0.040361 0.080272 -0.015064
v -0.039065 0.077369 -0.014890
v -0.037404 0.072233 -0.014283
v -0.036101 0.068381 -0.013854
v -0.035147 0.066445 -0.013781
v -0.034096 0.064812 -0.013836
v -0.032639 0.063643 -0.014209
v -0.031319 0.062834 -0.014615
v -0.030981 0.062368 -0.014649
v -0.030799 0.061211 -0.014421
v -0.030575 0.060676 -0.014382
v -0.030228 0.060380 -0.014466
v -0.029660 0.060243 -0.014698
v -0.029042 0.060221 -0.014985
v -0.028765 0.060086 -0.015080
v -0.028563 0.059811 -0.015101
v -0.028454 0.059295 -0.015012
v -0.028625 0.058436 -0.014698
v -0.028722 0.058024 -0.014540
v -0.028709 0.057925 -0.014519
v -0.028626 0.057774 -0.014518
v -0.028624 0.057772 -0.014518
v -0.028230 0.057512 -0.014634
v -0.027159 0.056873 -0.014968
v -0.026936 0.056500 -0.014973
v -0.028216 0.055321 -0.016602
v -0.035075 0.051392 -0.014077
v -0.035311 0.051257 -0.012135
v -0.033804 0.052120 -0.016272
v -0.034967 0.051454 -0.014402
v -0.031612 0.047682 -0.017598
v -0.032051 0.053124 -0.017375
v -0.029762 0.054435 -0.017422
v -0.030057 0.054266 -0.017493
v -0.025138 0.051391 -0.017598
v -0.035673 0.051495 -0.012125
v -0.035316 0.051699 -0.014478
v -0.049787 0.089065 -0.013890
v -0.050439 0.088692 -0.014206
v -0.048557 0.088360 -0.014889
v -0.047197 0.086835 -0.015478
v -0.045327 0.084785 -0.016320
v -0.043655 0.082302 -0.016623
v -0.041783 0.079457 -0.016916
v -0.040394 0.076607 -0.016621
v -0.038409 0.071658 -0.015592
v -0.036877 0.067936 -0.014865
v -0.035884 0.066022 -0.014741
v -0.034862 0.064373 -0.014835
v -0.033605 0.063090 -0.015467
v -0.032501 0.062156 -0.016155
v -0.032181 0.061681 -0.016212
v -0.031878 0.060593 -0.015826
v -0.031633 0.060070 -0.015760
v -0.031331 0.059748 -0.015903
v -0.030887 0.059541 -0.016296
v -0.030422 0.059430 -0.016782
v -0.030196 0.059267 -0.016942
v -0.030005 0.058985 -0.016978
v -0.029849 0.058497 -0.016829
v -0.029852 0.057733 -0.016296
v -0.029864 0.057369 -0.016028
v -0.029841 0.057277 -0.015993
v -0.029757 0.057127 -0.015990
v -0.029755 0.057125 -0.015990
v -0.029423 0.056828 -0.016187
v -0.028530 0.056087 -0.016754
v -0.049648 0.087735 -0.015417
v -0.048545 0.086063 -0.016131
v -0.047045 0.083802 -0.017151
v -0.045505 0.081243 -0.017518
v -0.043761 0.078324 -0.017873
v -0.042243 0.075548 -0.017516
v -0.039807 0.070857 -0.016269
v -0.037958 0.067317 -0.015388
v -0.036910 0.065435 -0.015238
v -0.035929 0.063762 -0.015351
v -0.034948 0.062320 -0.016117
v -0.034146 0.061214 -0.016952
v -0.033852 0.060724 -0.017021
v -0.033379 0.059733 -0.016553
v -0.033105 0.059227 -0.016472
v -0.032865 0.058869 -0.016645
v -0.032594 0.058563 -0.017122
v -0.032342 0.058331 -0.017711
v -0.032186 0.058127 -0.017906
v -0.032011 0.057837 -0.017949
v -0.031789 0.057385 -0.017768
v -0.031558 0.056756 -0.017122
v -0.031454 0.056459 -0.016797
v -0.031415 0.056376 -0.016755
v -0.031329 0.056226 -0.016751
v -0.031328 0.056224 -0.016752
v -0.031082 0.055878 -0.016990
v -0.030438 0.054995 -0.017677
v -0.030220 0.054618 -0.017686
v -0.028309 0.055713 -0.016762
v -0.032290 0.053433 -0.017564
v -0.032504 0.053811 -0.017555
v -0.032879 0.054849 -0.016884
v -0.033032 0.055248 -0.016651
v -0.033033 0.055250 -0.016651
v -0.033120 0.055399 -0.016654
v -0.033175 0.055473 -0.016695
v -0.033407 0.055697 -0.017012
v -0.033890 0.056181 -0.017643
v -0.034183 0.056592 -0.017821
v -0.034341 0.056892 -0.017778
v -0.034421 0.057140 -0.017588
v -0.034442 0.057504 -0.017013
v -0.034527 0.057917 -0.016547
v -0.034699 0.058314 -0.016378
v -0.035005 0.058802 -0.016457
v -0.035661 0.059688 -0.016914
v -0.035928 0.060193 -0.016846
v -0.036404 0.061486 -0.016031
v -0.037084 0.063100 -0.015283
v -0.038021 0.064799 -0.015172
v -0.039128 0.066647 -0.015319
v -0.041322 0.069989 -0.016179
v -0.044246 0.074401 -0.017397
v -0.045904 0.077097 -0.017747
v -0.047509 0.080095 -0.017400
v -0.048905 0.082736 -0.017041
v -0.050006 0.085226 -0.016045
v -0.050829 0.087059 -0.015347
v -0.051146 0.088287 -0.014164
v -0.034109 0.052391 -0.016419
v -0.034319 0.052771 -0.016412
v -0.034459 0.053944 -0.015890
v -0.034529 0.054390 -0.015709
v -0.034530 0.054392 -0.015708
v -0.034618 0.054541 -0.015711
v -0.034688 0.054606 -0.015743
v -0.035031 0.054766 -0.015990
v -0.035737 0.055124 -0.016481
v -0.036092 0.055498 -0.016619
v -0.036236 0.055807 -0.016586
v -0.036248 0.056093 -0.016438
v -0.036067 0.056573 -0.015990
v -0.035988 0.057081 -0.015628
v -0.036100 0.057511 -0.015496
v -0.036433 0.057983 -0.015557
v -0.037251 0.058777 -0.015913
v -0.037494 0.059296 -0.015860
v -0.037683 0.060754 -0.015226
v -0.038099 0.062519 -0.014643
v -0.038997 0.064239 -0.014557
v -0.040156 0.066058 -0.014672
v -0.042653 0.069227 -0.015341
v -0.046006 0.073393 -0.016289
v -0.047787 0.076018 -0.016561
v -0.049269 0.079086 -0.016291
v -0.050539 0.081800 -0.016012
v -0.051290 0.084491 -0.015236
v -0.051866 0.086464 -0.014693
v -0.051768 0.087931 -0.013773
v -0.035525 0.052081 -0.014474
v -0.035881 0.051877 -0.012126
v -0.035507 0.053343 -0.014204
v -0.035817 0.053166 -0.012162
v -0.035523 0.053820 -0.014111
v -0.035817 0.053652 -0.012174
v -0.035524 0.053823 -0.014110
v -0.035818 0.053655 -0.012174
v -0.035612 0.053971 -0.014112
v -0.035907 0.053803 -0.012174
v -0.035693 0.054031 -0.014128
v -0.035990 0.053861 -0.012172
v -0.036110 0.054149 -0.014256
v -0.036429 0.053966 -0.012155
v -0.036963 0.054421 -0.014510
v -0.037326 0.054214 -0.012121
v -0.037360 0.054772 -0.014581
v -0.037735 0.054558 -0.012112
v -0.037493 0.055087 -0.014564
v -0.037865 0.054874 -0.012114
v -0.037462 0.055398 -0.014488
v -0.037821 0.055192 -0.012124
v -0.037146 0.055956 -0.014256
v -0.037465 0.055773 -0.012155
v -0.036958 0.056525 -0.014069
v -0.037244 0.056361 -0.012179
v -0.037030 0.056979 -0.014001
v -0.037305 0.056821 -0.012188
v -0.037382 0.057440 -0.014032
v -0.037662 0.057279 -0.012184
v -0.038306 0.058172 -0.014216
v -0.038618 0.057993 -0.012160
v -0.038534 0.058701 -0.014189
v -0.038842 0.058525 -0.012164
v -0.038532 0.060267 -0.013861
v -0.038783 0.060124 -0.012207
v -0.038773 0.062133 -0.013560
v -0.038973 0.062019 -0.012247
v -0.039645 0.063868 -0.013515
v -0.039837 0.063758 -0.012253
v -0.040838 0.065667 -0.013575
v -0.041040 0.065551 -0.012245
v -0.043537 0.068720 -0.013921
v -0.043798 0.068571 -0.012199
v -0.047175 0.072723 -0.014411
v -0.047520 0.072525 -0.012134
v -0.049038 0.075302 -0.014551
v -0.049407 0.075090 -0.012116
v -0.050439 0.078417 -0.014412
v -0.050784 0.078218 -0.012134
v -0.051625 0.081178 -0.014268
v -0.051946 0.080994 -0.012153
v -0.052142 0.084003 -0.013867
v -0.052394 0.083858 -0.012206
v -0.052556 0.086070 -0.013586
v -0.052759 0.085953 -0.012243
v -0.052180 0.087695 -0.013110
v -0.052302 0.087625 -0.012306
v -0.062011 0.005103 -0.010723
v -0.062010 0.005375 -0.012665
v -0.062012 0.004749 -0.014879
v -0.062016 0.003638 -0.008528
v -0.062011 0.004979 -0.010398
v -0.057075 0.003925 -0.007202
v -0.062023 0.001619 -0.007425
v -0.062031 -0.000680 -0.007307
v -0.057100 -0.003536 -0.007202
v -0.062038 -0.002801 -0.008198
v -0.062043 -0.004326 -0.009921
v -0.062044 -0.004680 -0.014077
v -0.062045 -0.004952 -0.012135
v -0.062039 -0.003215 -0.016272
v -0.062044 -0.004556 -0.014402
v -0.057100 -0.003536 -0.017598
v -0.062032 -0.001195 -0.017375
v -0.062025 0.001103 -0.017493
v -0.062017 0.003224 -0.016602
v -0.057075 0.003925 -0.017598
v -0.062396 0.005573 -0.012675
v -0.062397 0.005161 -0.010322
v -0.102627 0.000350 -0.012400
v -0.102035 -0.001261 -0.011521
v -0.102034 -0.000720 -0.010910
v -0.100816 -0.002344 -0.010932
v -0.100813 -0.001440 -0.009911
v -0.098819 -0.002987 -0.010584
v -0.098815 -0.001870 -0.009322
v -0.096114 -0.003905 -0.010088
v -0.096109 -0.002482 -0.008480
v -0.093129 -0.004242 -0.009909
v -0.093124 -0.002710 -0.008177
v -0.089731 -0.004570 -0.009736
v -0.089726 -0.002931 -0.007884
v -0.086567 -0.004262 -0.009910
v -0.086562 -0.002731 -0.008179
v -0.081281 -0.003169 -0.010517
v -0.081277 -0.002011 -0.009208
v -0.077288 -0.002399 -0.010946
v -0.077285 -0.001504 -0.009935
v -0.075134 -0.002272 -0.011019
v -0.075131 -0.001422 -0.010059
v -0.073195 -0.002379 -0.010964
v -0.073192 -0.001496 -0.009965
v -0.071458 -0.003068 -0.010591
v -0.071455 -0.001955 -0.009333
v -0.070103 -0.003816 -0.010185
v -0.070098 -0.002453 -0.008645
v -0.069531 -0.003880 -0.010151
v -0.069526 -0.002496 -0.008588
v -0.068435 -0.003466 -0.010379
v -0.068431 -0.002223 -0.008974
v -0.067859 -0.003396 -0.010418
v -0.067855 -0.002177 -0.009040
v -0.067430 -0.003552 -0.010334
v -0.067426 -0.002281 -0.008897
v -0.067031 -0.003978 -0.010102
v -0.067026 -0.002565 -0.008504
v -0.066706 -0.004504 -0.009815
v -0.066701 -0.002914 -0.008018
v -0.066453 -0.004678 -0.009720
v -0.066447 -0.003030 -0.007858
v -0.066113 -0.004718 -0.009699
v -0.066108 -0.003057 -0.007822
v -0.065611 -0.004558 -0.009788
v -0.065606 -0.002951 -0.007971
v -0.064948 -0.003985 -0.010102
v -0.064943 -0.002571 -0.008504
v -0.064638 -0.003697 -0.010260
v -0.064633 -0.002381 -0.008772
v -0.064546 -0.003659 -0.010281
v -0.064541 -0.002356 -0.008807
v -0.064373 -0.003657 -0.010282
v -0.064369 -0.002354 -0.008810
v -0.064371 -0.003658 -0.010282
v -0.064366 -0.002355 -0.008809
v -0.063950 -0.003871 -0.010166
v -0.063945 -0.002497 -0.008613
v -0.062865 -0.004487 -0.009832
v -0.062859 -0.002907 -0.008046
v -0.062430 -0.004497 -0.009827
v -0.062425 -0.002914 -0.008038
v -0.062417 -0.000712 -0.007114
v -0.062852 -0.000709 -0.007123
v -0.063938 -0.000585 -0.007810
v -0.064360 -0.000542 -0.008048
v -0.064363 -0.000542 -0.008049
v -0.064535 -0.000542 -0.008045
v -0.064627 -0.000549 -0.008003
v -0.064937 -0.000605 -0.007678
v -0.065598 -0.000715 -0.007032
v -0.066100 -0.000745 -0.006851
v -0.066439 -0.000737 -0.006894
v -0.066693 -0.000702 -0.007089
v -0.067019 -0.000598 -0.007678
v -0.067420 -0.000513 -0.008155
v -0.067850 -0.000481 -0.008328
v -0.068425 -0.000493 -0.008247
v -0.069520 -0.000571 -0.007779
v -0.070092 -0.000557 -0.007848
v -0.071449 -0.000407 -0.008683
v -0.073188 -0.000267 -0.009449
v -0.075127 -0.000240 -0.009562
v -0.077281 -0.000259 -0.009412
v -0.081272 -0.000400 -0.008531
v -0.086554 -0.000600 -0.007284
v -0.089718 -0.000652 -0.006927
v -0.093117 -0.000578 -0.007282
v -0.096102 -0.000503 -0.007649
v -0.098810 -0.000316 -0.008669
v -0.100808 -0.000184 -0.009383
v -0.102031 0.000032 -0.010594
v -0.062409 0.001673 -0.007236
v -0.062844 0.001672 -0.007245
v -0.063931 0.001486 -0.007916
v -0.064354 0.001422 -0.008149
v -0.064356 0.001422 -0.008149
v -0.064529 0.001423 -0.008146
v -0.064620 0.001435 -0.008105
v -0.064929 0.001526 -0.007788
v -0.065590 0.001707 -0.007157
v -0.066091 0.001758 -0.006979
v -0.066431 0.001748 -0.007022
v -0.066685 0.001695 -0.007212
v -0.067012 0.001533 -0.007787
v -0.067413 0.001403 -0.008253
v -0.067843 0.001356 -0.008422
v -0.068418 0.001381 -0.008343
v -0.069513 0.001514 -0.007886
v -0.070085 0.001496 -0.007954
v -0.071444 0.001271 -0.008769
v -0.073183 0.001065 -0.009517
v -0.075122 0.001040 -0.009628
v -0.077276 0.001089 -0.009481
v -0.081266 0.001346 -0.008621
v -0.086546 0.001708 -0.007403
v -0.089709 0.001818 -0.007053
v -0.093109 0.001731 -0.007400
v -0.096095 0.001640 -0.007759
v -0.098804 0.001368 -0.008755
v -0.100804 0.001177 -0.009453
v -0.102028 0.000847 -0.010636
v -0.062402 0.003769 -0.008381
v -0.062837 0.003764 -0.008388
v -0.063925 0.003306 -0.008910
v -0.064348 0.003147 -0.009091
v -0.064350 0.003147 -0.009092
v -0.064523 0.003150 -0.009089
v -0.064614 0.003179 -0.009057
v -0.064923 0.003398 -0.008810
v -0.065582 0.003835 -0.008319
v -0.066084 0.003959 -0.008181
v -0.066423 0.003930 -0.008214
v -0.066678 0.003801 -0.008362
v -0.067006 0.003405 -0.008810
v -0.067408 0.003086 -0.009172
v -0.067838 0.002971 -0.009304
v -0.068413 0.003027 -0.009243
v -0.069506 0.003346 -0.008887
v -0.070078 0.003301 -0.008940
v -0.071439 0.002744 -0.009574
v -0.073179 0.002235 -0.010157
v -0.075118 0.002165 -0.010243
v -0.077272 0.002274 -0.010128
v -0.081261 0.002880 -0.009459
v -0.086540 0.003737 -0.008511
v -0.089702 0.003988 -0.008239
v -0.093102 0.003761 -0.008509
v -0.096089 0.003524 -0.008788
v -0.098799 0.002847 -0.009564
v -0.100800 0.002373 -0.010107
v -0.102026 0.001563 -0.011027
v -0.062832 0.005154 -0.010326
v -0.062831 0.005564 -0.012674
v -0.063921 0.004514 -0.010596
v -0.063920 0.004872 -0.012638
v -0.064344 0.004293 -0.010689
v -0.064343 0.004632 -0.012626
v -0.064346 0.004292 -0.010690
v -0.064345 0.004631 -0.012626
v -0.064519 0.004296 -0.010688
v -0.064518 0.004635 -0.012626
v -0.064610 0.004336 -0.010672
v -0.064609 0.004678 -0.012628
v -0.064919 0.004641 -0.010544
v -0.064918 0.005008 -0.012645
v -0.065578 0.005248 -0.010290
v -0.065576 0.005666 -0.012679
v -0.066079 0.005419 -0.010219
v -0.066077 0.005852 -0.012688
v -0.066418 0.005380 -0.010236
v -0.066417 0.005808 -0.012686
v -0.066673 0.005199 -0.010312
v -0.066672 0.005612 -0.012676
v -0.067002 0.004648 -0.010544
v -0.067000 0.005016 -0.012645
v -0.067404 0.004204 -0.010731
v -0.067403 0.004534 -0.012621
v -0.067834 0.004043 -0.010799
v -0.067833 0.004360 -0.012612
v -0.068409 0.004120 -0.010768
v -0.068408 0.004444 -0.012616
v -0.069502 0.004562 -0.010584
v -0.069501 0.004922 -0.012640
v -0.070074 0.004499 -0.010611
v -0.070073 0.004854 -0.012636
v -0.071435 0.003723 -0.010939
v -0.071434 0.004012 -0.012593
v -0.073176 0.003012 -0.011240
v -0.073176 0.003241 -0.012553
v -0.075116 0.002912 -0.011285
v -0.075115 0.003133 -0.012547
v -0.077269 0.003061 -0.011225
v -0.077269 0.003293 -0.012555
v -0.081257 0.003898 -0.010879
v -0.081256 0.004199 -0.012601
v -0.086535 0.005083 -0.010389
v -0.086534 0.005482 -0.012666
v -0.089697 0.005429 -0.010249
v -0.089696 0.005855 -0.012684
v -0.093097 0.005108 -0.010388
v -0.093096 0.005506 -0.012666
v -0.096084 0.004775 -0.010532
v -0.096083 0.005145 -0.012647
v -0.098796 0.003829 -0.010933
v -0.098795 0.004119 -0.012594
v -0.100797 0.003167 -0.011214
v -0.100796 0.003402 -0.012557
v -0.102024 0.002038 -0.011690
v -0.102024 0.002179 -0.012494
v -0.102024 0.001957 -0.013279
v -0.100797 0.003031 -0.013868
v -0.098796 0.003661 -0.014216
v -0.096085 0.004560 -0.014712
v -0.093098 0.004877 -0.014891
v -0.089698 0.005182 -0.015064
v -0.086536 0.004853 -0.014890
v -0.081258 0.003724 -0.014283
v -0.077270 0.002926 -0.013854
v -0.075116 0.002784 -0.013781
v -0.073177 0.002879 -0.013836
v -0.071436 0.003555 -0.014209
v -0.070075 0.004294 -0.014615
v -0.069503 0.004354 -0.014649
v -0.068410 0.003933 -0.014421
v -0.067835 0.003859 -0.014382
v -0.067405 0.004012 -0.014466
v -0.067002 0.004435 -0.014698
v -0.066674 0.004959 -0.014985
v -0.066419 0.005132 -0.015080
v -0.066080 0.005169 -0.015101
v -0.065578 0.005006 -0.015012
v -0.064920 0.004428 -0.014698
v -0.064611 0.004138 -0.014540
v -0.064519 0.004100 -0.014519
v -0.064347 0.004096 -0.014518
v -0.064344 0.004097 -0.014518
v -0.063922 0.004308 -0.014634
v -0.062833 0.004916 -0.014968
v -0.062398 0.004923 -0.014973
v -0.062432 -0.005147 -0.012125
v -0.062431 -0.004735 -0.014478
v -0.102026 0.001416 -0.013890
v -0.100800 0.002128 -0.014889
v -0.098800 0.002544 -0.015478
v -0.096090 0.003138 -0.016320
v -0.093103 0.003345 -0.016623
v -0.089704 0.003543 -0.016916
v -0.086541 0.003321 -0.016621
v -0.081262 0.002566 -0.015592
v -0.077273 0.002031 -0.014865
v -0.075119 0.001935 -0.014741
v -0.073180 0.001995 -0.014835
v -0.071440 0.002442 -0.015467
v -0.070080 0.002931 -0.016155
v -0.069508 0.002970 -0.016212
v -0.068414 0.002690 -0.015826
v -0.067839 0.002640 -0.015760
v -0.067409 0.002741 -0.015903
v -0.067007 0.003022 -0.016296
v -0.066679 0.003369 -0.016782
v -0.066425 0.003483 -0.016942
v -0.066085 0.003508 -0.016978
v -0.065584 0.003399 -0.016829
v -0.064924 0.003014 -0.016296
v -0.064616 0.002821 -0.016028
v -0.064524 0.002796 -0.015993
v -0.064351 0.002793 -0.015990
v -0.064349 0.002794 -0.015990
v -0.063926 0.002933 -0.016187
v -0.062838 0.003336 -0.016754
v -0.062403 0.003340 -0.016762
v -0.062411 0.001138 -0.017686
v -0.062846 0.001138 -0.017677
v -0.063933 0.001021 -0.016990
v -0.064355 0.000981 -0.016752
v -0.064358 0.000981 -0.016751
v -0.064530 0.000982 -0.016755
v -0.064622 0.000990 -0.016797
v -0.064931 0.001048 -0.017122
v -0.065591 0.001163 -0.017768
v -0.066093 0.001196 -0.017949
v -0.066432 0.001190 -0.017906
v -0.066687 0.001157 -0.017711
v -0.067014 0.001055 -0.017122
v -0.067415 0.000973 -0.016645
v -0.067845 0.000944 -0.016472
v -0.068420 0.000960 -0.016553
v -0.069514 0.001046 -0.017021
v -0.070086 0.001035 -0.016952
v -0.071445 0.000894 -0.016117
v -0.073184 0.000766 -0.015351
v -0.075123 0.000753 -0.015238
v -0.077277 0.000786 -0.015388
v -0.081267 0.000954 -0.016269
v -0.086548 0.001190 -0.017516
v -0.089711 0.001264 -0.017873
v -0.093111 0.001213 -0.017518
v -0.096097 0.001159 -0.017151
v -0.098805 0.000990 -0.016131
v -0.100805 0.000872 -0.015417
v -0.102029 0.000664 -0.014206
v -0.062419 -0.001248 -0.017564
v -0.062854 -0.001243 -0.017555
v -0.063940 -0.001050 -0.016884
v -0.064362 -0.000983 -0.016651
v -0.064364 -0.000983 -0.016651
v -0.064537 -0.000983 -0.016654
v -0.064629 -0.000994 -0.016695
v -0.064938 -0.001083 -0.017012
v -0.065600 -0.001259 -0.017643
v -0.066102 -0.001308 -0.017821
v -0.066441 -0.001294 -0.017778
v -0.066695 -0.001240 -0.017588
v -0.067021 -0.001076 -0.017013
v -0.067421 -0.000943 -0.016547
v -0.067851 -0.000893 -0.016378
v -0.068426 -0.000914 -0.016457
v -0.069521 -0.001039 -0.016914
v -0.070093 -0.001018 -0.016846
v -0.071451 -0.000783 -0.016031
v -0.073189 -0.000566 -0.015283
v -0.075128 -0.000528 -0.015172
v -0.077282 -0.000562 -0.015319
v -0.081273 -0.000792 -0.016179
v -0.086556 -0.001118 -0.017397
v -0.089720 -0.001206 -0.017747
v -0.093118 -0.001096 -0.017400
v -0.096104 -0.000985 -0.017041
v -0.098811 -0.000694 -0.016045
v -0.100809 -0.000490 -0.015347
v -0.102032 -0.000151 -0.014164
v -0.062426 -0.003344 -0.016419
v -0.062861 -0.003336 -0.016412
v -0.063946 -0.002870 -0.015890
v -0.064368 -0.002708 -0.015709
v -0.064370 -0.002708 -0.015708
v -0.064543 -0.002709 -0.015711
v -0.064635 -0.002738 -0.015743
v -0.064945 -0.002955 -0.015990
v -0.065607 -0.003387 -0.016481
v -0.066109 -0.003508 -0.016619
v -0.066448 -0.003477 -0.016586
v -0.066702 -0.003346 -0.016438
v -0.067028 -0.002948 -0.015990
v -0.067427 -0.002626 -0.015628
v -0.067856 -0.002508 -0.015496
v -0.068432 -0.002560 -0.015557
v -0.069528 -0.002872 -0.015913
v -0.070099 -0.002823 -0.015860
v -0.071456 -0.002257 -0.015226
v -0.073193 -0.001736 -0.014643
v -0.075131 -0.001653 -0.014557
v -0.077286 -0.001747 -0.014672
v -0.081279 -0.002325 -0.015341
v -0.086563 -0.003146 -0.016289
v -0.089727 -0.003376 -0.016561
v -0.093125 -0.003126 -0.016291
v -0.096111 -0.002868 -0.016012
v -0.098816 -0.002173 -0.015236
v -0.100814 -0.001686 -0.014693
v -0.102034 -0.000867 -0.013773
v -0.062866 -0.004725 -0.014474
v -0.062867 -0.005136 -0.012126
v -0.063950 -0.004078 -0.014204
v -0.063951 -0.004436 -0.012162
v -0.064372 -0.003854 -0.014111
v -0.064373 -0.004193 -0.012174
v -0.064374 -0.003853 -0.014110
v -0.064375 -0.004192 -0.012174
v -0.064547 -0.003856 -0.014112
v -0.064548 -0.004195 -0.012174
v -0.064639 -0.003895 -0.014128
v -0.064640 -0.004238 -0.012172
v -0.064949 -0.004198 -0.014256
v -0.064950 -0.004565 -0.012155
v -0.065612 -0.004800 -0.014510
v -0.065613 -0.005218 -0.012121
v -0.066114 -0.004969 -0.014581
v -0.066116 -0.005401 -0.012112
v -0.066453 -0.004927 -0.014564
v -0.066455 -0.005355 -0.012114
v -0.066707 -0.004744 -0.014488
v -0.066708 -0.005157 -0.012124
v -0.067032 -0.004191 -0.014256
v -0.067033 -0.004559 -0.012155
v -0.067431 -0.003744 -0.014069
v -0.067432 -0.004074 -0.012179
v -0.067860 -0.003580 -0.014001
v -0.067861 -0.003897 -0.012188
v -0.068436 -0.003654 -0.014032
v -0.068437 -0.003977 -0.012184
v -0.069532 -0.004088 -0.014216
v -0.069533 -0.004448 -0.012160
v -0.070103 -0.004021 -0.014189
v -0.070105 -0.004375 -0.012164
v -0.071459 -0.003236 -0.013861
v -0.071460 -0.003525 -0.012207
v -0.073195 -0.002512 -0.013560
v -0.073196 -0.002742 -0.012247
v -0.075134 -0.002400 -0.013515
v -0.075135 -0.002621 -0.012253
v -0.077288 -0.002533 -0.013575
v -0.077289 -0.002766 -0.012245
v -0.081282 -0.003344 -0.013921
v -0.081283 -0.003645 -0.012199
v -0.086568 -0.004493 -0.014411
v -0.086569 -0.004891 -0.012134
v -0.089732 -0.004817 -0.014551
v -0.089734 -0.005243 -0.012116
v -0.093130 -0.004473 -0.014412
v -0.093131 -0.004871 -0.012134
v -0.096115 -0.004119 -0.014268
v -0.096116 -0.004489 -0.012153
v -0.098819 -0.003155 -0.013867
v -0.098820 -0.003445 -0.012206
v -0.100816 -0.002480 -0.013586
v -0.100817 -0.002714 -0.012243
v -0.102036 -0.001342 -0.013110
v -0.102036 -0.001483 -0.012306
v 0.035424 0.051152 -0.010723
v 0.035660 0.051015 -0.012665
v 0.035119 0.051329 -0.014879
v 0.034159 0.051888 -0.008528
v 0.035317 0.051214 -0.010398
v 0.031937 0.047466 -0.007202
v 0.032413 0.052904 -0.007425
v 0.030427 0.054060 -0.007307
v 0.025488 0.051218 -0.007202
v 0.028593 0.055127 -0.008198
v 0.027275 0.055894 -0.009921
v 0.036024 0.051250 -0.012675
v 0.035668 0.051457 -0.010322
v 0.051617 0.088703 -0.012400
v 0.049926 0.088996 -0.011521
v 0.050393 0.088724 -0.010910
v 0.048378 0.088481 -0.010932
v 0.049159 0.088027 -0.009911
v 0.046823 0.087073 -0.010584
v 0.047788 0.086511 -0.009322
v 0.044675 0.085190 -0.010088
v 0.045905 0.084474 -0.008480
v 0.042891 0.082773 -0.009909
v 0.044215 0.082003 -0.008177
v 0.040908 0.079995 -0.009736
v 0.042324 0.079170 -0.007884
v 0.039592 0.077100 -0.009910
v 0.040916 0.076330 -0.008179
v 0.037896 0.071976 -0.010517
v 0.038897 0.071394 -0.009208
v 0.036567 0.068133 -0.010946
v 0.037340 0.067683 -0.009935
v 0.035599 0.066203 -0.011019
v 0.036334 0.065776 -0.010059
v 0.034537 0.064578 -0.010964
v 0.035301 0.064134 -0.009965
v 0.033072 0.063419 -0.010591
v 0.034034 0.062859 -0.009333
v 0.031747 0.062619 -0.010185
v 0.032925 0.061933 -0.008645
v 0.031406 0.062155 -0.010151
v 0.032601 0.061460 -0.008588
v 0.031216 0.061000 -0.010379
v 0.032290 0.060374 -0.008974
v 0.030988 0.060466 -0.010418
v 0.032042 0.059853 -0.009040
v 0.030639 0.060173 -0.010334
v 0.031737 0.059533 -0.008897
v 0.030070 0.060040 -0.010102
v 0.031292 0.059329 -0.008504
v 0.029452 0.060021 -0.009815
v 0.030827 0.059222 -0.008018
v 0.029175 0.059889 -0.009720
v 0.030599 0.059060 -0.007858
v 0.028970 0.059615 -0.009699
v 0.030406 0.058779 -0.007822
v 0.028858 0.059100 -0.009788
v 0.030247 0.058292 -0.007971
v 0.029023 0.058239 -0.010102
v 0.030245 0.057528 -0.008504
v 0.029117 0.057827 -0.010260
v 0.030255 0.057164 -0.008772
v 0.029104 0.057728 -0.010281
v 0.030231 0.057072 -0.008807
v 0.029020 0.057578 -0.010282
v 0.030146 0.056922 -0.008810
v 0.029018 0.057576 -0.010282
v 0.030144 0.056920 -0.008809
v 0.028622 0.057318 -0.010166
v 0.029810 0.056626 -0.008613
v 0.027547 0.056686 -0.009832
v 0.028912 0.055891 -0.008046
v 0.027321 0.056314 -0.009827
v 0.028689 0.055518 -0.008038
v 0.030592 0.054411 -0.007114
v 0.030812 0.054786 -0.007123
v 0.031463 0.055665 -0.007810
v 0.031711 0.056008 -0.008048
v 0.031712 0.056011 -0.008049
v 0.031798 0.056160 -0.008045
v 0.031838 0.056243 -0.008003
v 0.031945 0.056539 -0.007678
v 0.032179 0.057167 -0.007032
v 0.032404 0.057617 -0.006851
v 0.032582 0.057906 -0.006894
v 0.032739 0.058109 -0.007089
v 0.032992 0.058339 -0.007678
v 0.033266 0.058644 -0.008155
v 0.033508 0.059000 -0.008328
v 0.033785 0.059504 -0.008247
v 0.034265 0.060491 -0.007779
v 0.034563 0.060980 -0.007848
v 0.035373 0.062080 -0.008683
v 0.036363 0.063516 -0.009449
v 0.037355 0.065182 -0.009562
v 0.038416 0.067057 -0.009412
v 0.040290 0.070583 -0.008531
v 0.042758 0.075258 -0.007284
v 0.044295 0.078024 -0.006927
v 0.046058 0.080930 -0.007282
v 0.047615 0.083479 -0.007649
v 0.049131 0.085730 -0.008669
v 0.050245 0.087395 -0.009383
v 0.051043 0.088345 -0.010594
v 0.032654 0.053211 -0.007236
v 0.032870 0.053588 -0.007245
v 0.033253 0.054623 -0.007916
v 0.033408 0.055021 -0.008149
v 0.033409 0.055023 -0.008149
v 0.033497 0.055172 -0.008146
v 0.033553 0.055245 -0.008105
v 0.033786 0.055468 -0.007788
v 0.034273 0.055949 -0.007157
v 0.034568 0.056357 -0.006979
v 0.034729 0.056657 -0.007022
v 0.034810 0.056903 -0.007212
v 0.034834 0.057268 -0.007787
v 0.034922 0.057680 -0.008253
v 0.035096 0.058076 -0.008422
v 0.035405 0.058562 -0.008343
v 0.036067 0.059443 -0.007886
v 0.036338 0.059947 -0.007954
v 0.036822 0.061237 -0.008769
v 0.037514 0.062846 -0.009517
v 0.038462 0.064538 -0.009628
v 0.039581 0.066379 -0.009481
v 0.041799 0.069705 -0.008621
v 0.044753 0.074097 -0.007403
v 0.046429 0.076782 -0.007053
v 0.048054 0.079769 -0.007400
v 0.049468 0.082401 -0.007759
v 0.050586 0.084883 -0.008755
v 0.051421 0.086710 -0.009453
v 0.051747 0.087936 -0.010636
v 0.034465 0.052157 -0.008381
v 0.034678 0.052536 -0.008388
v 0.034826 0.053708 -0.008910
v 0.034899 0.054153 -0.009091
v 0.034900 0.054156 -0.009092
v 0.034989 0.054303 -0.009089
v 0.035060 0.054368 -0.009057
v 0.035404 0.054526 -0.008810
v 0.036112 0.054879 -0.008319
v 0.036470 0.055251 -0.008181
v 0.036615 0.055559 -0.008214
v 0.036630 0.055844 -0.008362
v 0.036452 0.056326 -0.008810
v 0.036376 0.056834 -0.009172
v 0.036492 0.057264 -0.009304
v 0.036828 0.057734 -0.009243
v 0.037651 0.058521 -0.008887
v 0.037898 0.059039 -0.008940
v 0.038096 0.060495 -0.009574
v 0.038525 0.062258 -0.010157
v 0.039434 0.063972 -0.010243
v 0.040605 0.065783 -0.010128
v 0.043124 0.068934 -0.009459
v 0.046506 0.073077 -0.008511
v 0.048305 0.075690 -0.008239
v 0.049808 0.078748 -0.008509
v 0.051096 0.081453 -0.008788
v 0.051865 0.084139 -0.009564
v 0.052455 0.086108 -0.010107
v 0.052366 0.087576 -0.011027
v 0.035879 0.051837 -0.010326
v 0.036234 0.051631 -0.012674
v 0.035870 0.053100 -0.010596
v 0.036179 0.052920 -0.012638
v 0.035890 0.053577 -0.010689
v 0.036182 0.053406 -0.012626
v 0.035890 0.053579 -0.010690
v 0.036183 0.053409 -0.012626
v 0.035980 0.053727 -0.010688
v 0.036273 0.053556 -0.012626
v 0.036060 0.053786 -0.010672
v 0.036356 0.053614 -0.012628
v 0.036478 0.053901 -0.010544
v 0.036796 0.053716 -0.012645
v 0.037333 0.054168 -0.010290
v 0.037695 0.053958 -0.012679
v 0.037733 0.054516 -0.010219
v 0.038106 0.054299 -0.012688
v 0.037868 0.054830 -0.010236
v 0.038239 0.054614 -0.012686
v 0.037839 0.055141 -0.010312
v 0.038196 0.054933 -0.012676
v 0.037526 0.055701 -0.010544
v 0.037844 0.055516 -0.012645
v 0.037342 0.056272 -0.010731
v 0.037628 0.056105 -0.012621
v 0.037418 0.056725 -0.010799
v 0.037692 0.056565 -0.012612
v 0.037773 0.057184 -0.010768
v 0.038052 0.057021 -0.012616
v 0.038702 0.057910 -0.010584
v 0.039013 0.057729 -0.012640
v 0.038934 0.058437 -0.010611
v 0.039240 0.058258 -0.012636
v 0.038942 0.060003 -0.010939
v 0.039192 0.059858 -0.012593
v 0.039196 0.061867 -0.011240
v 0.039395 0.061751 -0.012553
v 0.040080 0.063596 -0.011285
v 0.040271 0.063485 -0.012547
v 0.041285 0.065387 -0.011225
v 0.041486 0.065270 -0.012555
v 0.044005 0.068422 -0.010879
v 0.044265 0.068270 -0.012601
v 0.047670 0.072400 -0.010389
v 0.048014 0.072199 -0.012666
v 0.049550 0.074966 -0.010249
v 0.049918 0.074751 -0.012684
v 0.050972 0.078071 -0.010388
v 0.051317 0.077870 -0.012666
v 0.052177 0.080824 -0.010532
v 0.052497 0.080638 -0.012647
v 0.052714 0.083645 -0.010933
v 0.052965 0.083499 -0.012594
v 0.053141 0.085709 -0.011214
v 0.053344 0.085591 -0.012557
v 0.052777 0.087337 -0.011690
v 0.052898 0.087266 -0.012494
v 0.052707 0.087377 -0.013279
v 0.053024 0.085778 -0.013868
v 0.052568 0.083730 -0.014216
v 0.051992 0.080932 -0.014712
v 0.050773 0.078187 -0.014891
v 0.049337 0.075090 -0.015064
v 0.047470 0.072516 -0.014890
v 0.043854 0.068509 -0.014283
v 0.041169 0.065455 -0.013854
v 0.039969 0.063660 -0.013781
v 0.039081 0.061934 -0.013836
v 0.038797 0.060088 -0.014209
v 0.038756 0.058540 -0.014615
v 0.038522 0.058014 -0.014649
v 0.037611 0.057278 -0.014421
v 0.037259 0.056817 -0.014382
v 0.037177 0.056368 -0.014466
v 0.037342 0.055808 -0.014698
v 0.037632 0.055262 -0.014985
v 0.037654 0.054955 -0.015080
v 0.037517 0.054642 -0.015101
v 0.037124 0.054290 -0.015012
v 0.036294 0.054008 -0.014698
v 0.035889 0.053886 -0.014540
v 0.035810 0.053826 -0.014519
v 0.035721 0.053678 -0.014518
v 0.035720 0.053676 -0.014518
v 0.035691 0.053204 -0.014634
v 0.035673 0.051957 -0.014968
v 0.035462 0.051577 -0.014973
v 0.026970 0.056072 -0.014077
v 0.026734 0.056209 -0.012135
v 0.028235 0.055335 -0.016272
v 0.027077 0.056009 -0.014402
v 0.025488 0.051218 -0.017598
v 0.029981 0.054319 -0.017375
v 0.031967 0.053163 -0.017493
v 0.033801 0.052096 -0.016602
v 0.031937 0.047466 -0.017598
v 0.026759 0.056641 -0.012125
v 0.027115 0.056434 -0.014478
v 0.052239 0.087649 -0.013890
v 0.052243 0.086232 -0.014889
v 0.051603 0.084291 -0.015478
v 0.050763 0.081647 -0.016320
v 0.049448 0.078957 -0.016623
v 0.047920 0.075914 -0.016916
v 0.046147 0.073286 -0.016621
v 0.042853 0.069092 -0.015592
v 0.040395 0.065905 -0.014865
v 0.039235 0.064088 -0.014741
v 0.038318 0.062378 -0.014835
v 0.037835 0.060647 -0.015467
v 0.037578 0.059225 -0.016155
v 0.037326 0.058710 -0.016212
v 0.036536 0.057903 -0.015826
v 0.036206 0.057430 -0.015760
v 0.036078 0.057007 -0.015903
v 0.036120 0.056519 -0.016296
v 0.036257 0.056061 -0.016782
v 0.036229 0.055784 -0.016942
v 0.036081 0.055478 -0.016978
v 0.035735 0.055098 -0.016829
v 0.035073 0.054719 -0.016296
v 0.034751 0.054548 -0.016028
v 0.034683 0.054481 -0.015993
v 0.034595 0.054333 -0.015990
v 0.034594 0.054331 -0.015990
v 0.034503 0.053895 -0.016187
v 0.034308 0.052752 -0.016754
v 0.034094 0.052373 -0.016762
v 0.032191 0.053481 -0.017686
v 0.032408 0.053857 -0.017677
v 0.032851 0.054857 -0.016990
v 0.033027 0.055243 -0.016752
v 0.033028 0.055245 -0.016751
v 0.033115 0.055394 -0.016755
v 0.033168 0.055469 -0.016797
v 0.033373 0.055708 -0.017122
v 0.033803 0.056222 -0.017768
v 0.034083 0.056640 -0.017949
v 0.034247 0.056937 -0.017906
v 0.034345 0.057174 -0.017711
v 0.034420 0.057508 -0.017122
v 0.034550 0.057897 -0.016645
v 0.034740 0.058283 -0.016472
v 0.035041 0.058773 -0.016553
v 0.035663 0.059678 -0.017021
v 0.035940 0.060179 -0.016952
v 0.036497 0.061426 -0.016117
v 0.037255 0.062996 -0.015351
v 0.038213 0.064682 -0.015238
v 0.039320 0.066531 -0.015388
v 0.041460 0.069903 -0.016269
v 0.044305 0.074358 -0.017516
v 0.045950 0.077061 -0.017873
v 0.047606 0.080030 -0.017518
v 0.049052 0.082643 -0.017151
v 0.050260 0.085073 -0.016131
v 0.051157 0.086864 -0.015417
v 0.051589 0.088028 -0.014206
v 0.030129 0.054680 -0.017564
v 0.030350 0.055055 -0.017555
v 0.031061 0.055899 -0.016884
v 0.031330 0.056230 -0.016651
v 0.031331 0.056232 -0.016651
v 0.031417 0.056382 -0.016654
v 0.031453 0.056467 -0.016695
v 0.031531 0.056780 -0.017012
v 0.031709 0.057441 -0.017643
v 0.031918 0.057900 -0.017821
v 0.032100 0.058187 -0.017778
v 0.032274 0.058379 -0.017588
v 0.032579 0.058580 -0.017013
v 0.032894 0.058860 -0.016547
v 0.033152 0.059207 -0.016378
v 0.033422 0.059716 -0.016457
v 0.033860 0.060727 -0.016914
v 0.034165 0.061212 -0.016846
v 0.035047 0.062270 -0.016031
v 0.036105 0.063666 -0.015283
v 0.037107 0.065326 -0.015172
v 0.038154 0.067209 -0.015319
v 0.039951 0.070781 -0.016179
v 0.042310 0.075519 -0.017397
v 0.043815 0.078303 -0.017747
v 0.045610 0.081191 -0.017400
v 0.047199 0.083721 -0.017041
v 0.048805 0.085920 -0.016045
v 0.049981 0.087548 -0.015347
v 0.050885 0.088437 -0.014164
v 0.028317 0.055734 -0.016419
v 0.028542 0.056107 -0.016412
v 0.029488 0.056814 -0.015890
v 0.029838 0.057098 -0.015709
v 0.029840 0.057100 -0.015708
v 0.029925 0.057250 -0.015711
v 0.029946 0.057344 -0.015743
v 0.029913 0.057721 -0.015990
v 0.029870 0.058511 -0.016481
v 0.030017 0.059006 -0.016619
v 0.030213 0.059285 -0.016586
v 0.030454 0.059439 -0.016438
v 0.030961 0.059522 -0.015990
v 0.031439 0.059707 -0.015628
v 0.031756 0.060019 -0.015496
v 0.031999 0.060544 -0.015557
v 0.032277 0.061648 -0.015913
v 0.032605 0.062119 -0.015860
v 0.033773 0.063011 -0.015226
v 0.035093 0.064254 -0.014643
v 0.036134 0.065892 -0.014557
v 0.037130 0.067805 -0.014672
v 0.038625 0.071552 -0.015341
v 0.040557 0.076539 -0.016289
v 0.041940 0.079394 -0.016561
v 0.043856 0.082212 -0.016291
v 0.045571 0.084668 -0.016012
v 0.047526 0.086664 -0.015236
v 0.048947 0.088150 -0.014693
v 0.050266 0.088797 -0.013773
v 0.027341 0.056806 -0.014474
v 0.026986 0.057012 -0.012126
v 0.028443 0.057422 -0.014204
v 0.028134 0.057601 -0.012162
v 0.028848 0.057674 -0.014111
v 0.028555 0.057845 -0.012174
v 0.028850 0.057676 -0.014110
v 0.028557 0.057847 -0.012174
v 0.028934 0.057827 -0.014112
v 0.028641 0.057997 -0.012174
v 0.028946 0.057926 -0.014128
v 0.028650 0.058098 -0.012172
v 0.028839 0.058346 -0.014256
v 0.028521 0.058531 -0.012155
v 0.028649 0.059222 -0.014510
v 0.028288 0.059432 -0.012121
v 0.028754 0.059741 -0.014581
v 0.028381 0.059958 -0.012112
v 0.028960 0.060014 -0.014564
v 0.028590 0.060229 -0.012114
v 0.029245 0.060142 -0.014488
v 0.028888 0.060350 -0.012124
v 0.029886 0.060147 -0.014256
v 0.029568 0.060332 -0.012155
v 0.030473 0.060269 -0.014069
v 0.030188 0.060435 -0.012179
v 0.030830 0.060559 -0.014001
v 0.030556 0.060718 -0.012188
v 0.031054 0.061094 -0.014032
v 0.030774 0.061256 -0.012184
v 0.031226 0.062260 -0.014216
v 0.030915 0.062441 -0.012160
v 0.031569 0.062722 -0.014189
v 0.031263 0.062900 -0.012164
v 0.032927 0.063503 -0.013861
v 0.032677 0.063649 -0.012207
v 0.034422 0.064645 -0.013560
v 0.034223 0.064761 -0.012247
v 0.035489 0.066268 -0.013515
v 0.035298 0.066379 -0.012253
v 0.036450 0.068200 -0.013575
v 0.036249 0.068318 -0.012245
v 0.037745 0.072064 -0.013921
v 0.037485 0.072216 -0.012199
v 0.039393 0.077216 -0.014411
v 0.039049 0.077417 -0.012134
v 0.040695 0.080119 -0.014551
v 0.040326 0.080333 -0.012116
v 0.042691 0.082889 -0.014412
v 0.042347 0.083090 -0.012134
v 0.044490 0.085297 -0.014268
v 0.044170 0.085483 -0.012153
v 0.046677 0.087158 -0.013867
v 0.046426 0.087304 -0.012206
v 0.048261 0.088549 -0.013586
v 0.048058 0.088667 -0.012243
v 0.049856 0.089036 -0.013110
v 0.049734 0.089107 -0.012306
v -0.043211 -0.016347 -0.008200
v -0.029249 -0.035762 -0.008200
v 0.035762 -0.029249 -0.008200
v 0.045596 -0.007449 -0.008200
v 0.007449 0.045596 -0.008200
v -0.035762 0.029249 -0.008200
v -0.033496 0.031819 -0.008200
v -0.029004 0.035961 -0.008200
v -0.016347 0.043211 -0.008200
v -0.007138 0.045645 -0.008200
v 0.016641 0.043099 -0.008200
v 0.015949 0.043360 -0.008200
v 0.035961 0.029004 -0.008200
v 0.029249 0.035762 -0.008200
v 0.033713 0.031590 -0.008200
v 0.043211 0.016347 -0.008200
v 0.044304 0.013099 -0.008200
v 0.045645 0.007138 -0.008200
v 0.043099 -0.016641 -0.008200
v 0.045470 -0.008178 -0.008200
v 0.029004 -0.035961 -0.008200
v 0.029576 -0.035492 -0.008200
v 0.016347 -0.043211 -0.008200
v 0.010501 -0.044991 -0.008200
v 0.007138 -0.045645 -0.008200
v -0.007449 -0.045596 -0.008200
v -0.010808 -0.044918 -0.008200
v -0.016641 -0.043099 -0.008200
v -0.035961 -0.029004 -0.008200
v -0.045645 -0.007138 -0.008200
v -0.045525 -0.007867 -0.008200
v -0.045596 0.007449 -0.008200
v -0.044214 0.013401 -0.008200
v -0.043099 0.016641 -0.008200
v -0.015653 0.043467 -0.008200
v -0.029817 -0.035290 -0.008200
v -0.046896 -0.014093 -0.008200
v -0.046045 -0.013868 -0.008200
v -0.045421 -0.013248 -0.008200
v -0.045190 -0.012399 -0.008200
v -0.045415 -0.011548 -0.008200
v -0.046035 -0.010924 -0.008200
v -0.046884 -0.010693 -0.008200
v -0.047735 -0.010918 -0.008200
v -0.048359 -0.011538 -0.008200
v -0.048590 -0.012387 -0.008200
v -0.048365 -0.013238 -0.008200
v -0.047745 -0.013862 -0.008200
v -0.047329 -0.009425 -0.008200
v -0.048651 -0.009964 -0.008200
v -0.049575 -0.011054 -0.008200
v -0.049889 -0.012447 -0.008200
v -0.049525 -0.013828 -0.008200
v -0.048562 -0.014883 -0.008200
v -0.047221 -0.015375 -0.008200
v -0.045805 -0.015190 -0.008200
v -0.046590 -0.009160 -0.008200
v -0.043627 -0.015682 -0.008200
v -0.046010 -0.008632 -0.008200
v -0.045678 -0.007921 -0.008200
v -0.045032 -0.015055 -0.008200
v -0.044267 -0.015228 -0.008200
v -0.035653 0.033566 -0.008200
v -0.035033 0.032942 -0.008200
v -0.034183 0.032711 -0.008200
v -0.033333 0.032936 -0.008200
v -0.032708 0.033556 -0.008200
v -0.032478 0.034406 -0.008200
v -0.032702 0.035256 -0.008200
v -0.033322 0.035881 -0.008200
v -0.034172 0.036111 -0.008200
v -0.035022 0.035887 -0.008200
v -0.035647 0.035266 -0.008200
v -0.035877 0.034417 -0.008200
v -0.031827 0.036275 -0.008200
v -0.032955 0.037151 -0.008200
v -0.034360 0.037406 -0.008200
v -0.035724 0.036982 -0.008200
v -0.036737 0.035976 -0.008200
v -0.037171 0.034615 -0.008200
v -0.036925 0.033208 -0.008200
v -0.036057 0.032073 -0.008200
v -0.031228 0.035768 -0.008200
v -0.030481 0.035530 -0.008200
v -0.029699 0.035598 -0.008200
v -0.035395 0.029941 -0.008200
v -0.035554 0.031472 -0.008200
v -0.035321 0.030723 -0.008200
v -0.014093 0.046896 -0.008200
v -0.013868 0.046045 -0.008200
v -0.013248 0.045421 -0.008200
v -0.012399 0.045190 -0.008200
v -0.011548 0.045415 -0.008200
v -0.010924 0.046035 -0.008200
v -0.010693 0.046884 -0.008200
v -0.010918 0.047735 -0.008200
v -0.011538 0.048359 -0.008200
v -0.012387 0.048590 -0.008200
v -0.013238 0.048365 -0.008200
v -0.013862 0.047745 -0.008200
v -0.009425 0.047329 -0.008200
v -0.009964 0.048651 -0.008200
v -0.011054 0.049575 -0.008200
v -0.012447 0.049889 -0.008200
v -0.013828 0.049525 -0.008200
v -0.014883 0.048562 -0.008200
v -0.015375 0.047221 -0.008200
v -0.015190 0.045805 -0.008200
v -0.009160 0.046590 -0.008200
v -0.008632 0.046010 -0.008200
v -0.007921 0.045678 -0.008200
v -0.015055 0.045032 -0.008200
v -0.015228 0.044267 -0.008200
v -0.015682 0.043627 -0.008200
v 0.011243 0.047659 -0.008200
v 0.011012 0.046810 -0.008200
v 0.011237 0.045959 -0.008200
v 0.011857 0.045335 -0.008200
v 0.012707 0.045104 -0.008200
v 0.013557 0.045329 -0.008200
v 0.014182 0.045949 -0.008200
v 0.014412 0.046799 -0.008200
v 0.014188 0.047649 -0.008200
v 0.013567 0.048274 -0.008200
v 0.012718 0.048504 -0.008200
v 0.011867 0.048279 -0.008200
v 0.015502 0.045700 -0.008200
v 0.015696 0.047115 -0.008200
v 0.015214 0.048460 -0.008200
v 0.014165 0.049429 -0.008200
v 0.012787 0.049803 -0.008200
v 0.011392 0.049498 -0.008200
v 0.010296 0.048582 -0.008200
v 0.009748 0.047263 -0.008200
v 0.015362 0.044929 -0.008200
v 0.015530 0.044162 -0.008200
v 0.015979 0.043519 -0.008200
v 0.008233 0.045623 -0.008200
v 0.009478 0.046527 -0.008200
v 0.008946 0.045951 -0.008200
v 0.033566 0.035653 -0.008200
v 0.032942 0.035033 -0.008200
v 0.032711 0.034183 -0.008200
v 0.032936 0.033333 -0.008200
v 0.033556 0.032708 -0.008200
v 0.034406 0.032478 -0.008200
v 0.035256 0.032702 -0.008200
v 0.035881 0.033322 -0.008200
v 0.036111 0.034172 -0.008200
v 0.035887 0.035022 -0.008200
v 0.035266 0.035647 -0.008200
v 0.034417 0.035877 -0.008200
v 0.036275 0.031827 -0.008200
v 0.037151 0.032955 -0.008200
v 0.037406 0.034360 -0.008200
v 0.036982 0.035724 -0.008200
v 0.035976 0.036737 -0.008200
v 0.034615 0.037171 -0.008200
v 0.033208 0.036925 -0.008200
v 0.032073 0.036057 -0.008200
v 0.035768 0.031228 -0.008200
v 0.035530 0.030481 -0.008200
v 0.035598 0.029699 -0.008200
v 0.029941 0.035395 -0.008200
v 0.031472 0.035554 -0.008200
v 0.030723 0.035321 -0.008200
v 0.046896 0.014093 -0.008200
v 0.046045 0.013868 -0.008200
v 0.045421 0.013248 -0.008200
v 0.045190 0.012399 -0.008200
v 0.045415 0.011548 -0.008200
v 0.046035 0.010924 -0.008200
v 0.046884 0.010693 -0.008200
v 0.047735 0.010918 -0.008200
v 0.048359 0.011538 -0.008200
v 0.048590 0.012387 -0.008200
v 0.048365 0.013238 -0.008200
v 0.047745 0.013862 -0.008200
v 0.047329 0.009425 -0.008200
v 0.048651 0.009964 -0.008200
v 0.049575 0.011054 -0.008200
v 0.049889 0.012447 -0.008200
v 0.049525 0.013828 -0.008200
v 0.048562 0.014883 -0.008200
v 0.047221 0.015375 -0.008200
v 0.045805 0.015190 -0.008200
v 0.046590 0.009160 -0.008200
v 0.046010 0.008632 -0.008200
v 0.045678 0.007921 -0.008200
v 0.043627 0.015682 -0.008200
v 0.045032 0.015055 -0.008200
v 0.044267 0.015228 -0.008200
v 0.047659 -0.011243 -0.008200
v 0.046810 -0.011012 -0.008200
v 0.045959 -0.011237 -0.008200
v 0.045335 -0.011857 -0.008200
v 0.045104 -0.012707 -0.008200
v 0.045329 -0.013557 -0.008200
v 0.045949 -0.014182 -0.008200
v 0.046799 -0.014412 -0.008200
v 0.047649 -0.014188 -0.008200
v 0.048274 -0.013567 -0.008200
v 0.048504 -0.012718 -0.008200
v 0.048279 -0.011867 -0.008200
v 0.045700 -0.015502 -0.008200
v 0.047115 -0.015696 -0.008200
v 0.048460 -0.015214 -0.008200
v 0.049429 -0.014165 -0.008200
v 0.049803 -0.012787 -0.008200
v 0.049498 -0.011392 -0.008200
v 0.048582 -0.010296 -0.008200
v 0.047263 -0.009748 -0.008200
v 0.044929 -0.015362 -0.008200
v 0.044162 -0.015530 -0.008200
v 0.043519 -0.015979 -0.008200
v 0.046527 -0.009478 -0.008200
v 0.045951 -0.008946 -0.008200
v 0.045623 -0.008233 -0.008200
v 0.035653 -0.033566 -0.008200
v 0.035033 -0.032942 -0.008200
v 0.034183 -0.032711 -0.008200
v 0.033333 -0.032936 -0.008200
v 0.032708 -0.033556 -0.008200
v 0.032478 -0.034406 -0.008200
v 0.032702 -0.035256 -0.008200
v 0.033322 -0.035881 -0.008200
v 0.034172 -0.036111 -0.008200
v 0.035022 -0.035887 -0.008200
v 0.035647 -0.035266 -0.008200
v 0.035877 -0.034417 -0.008200
v 0.031827 -0.036275 -0.008200
v 0.032955 -0.037151 -0.008200
v 0.034360 -0.037406 -0.008200
v 0.035724 -0.036982 -0.008200
v 0.036737 -0.035976 -0.008200
v 0.037171 -0.034615 -0.008200
v 0.036925 -0.033208 -0.008200
v 0.036057 -0.032073 -0.008200
v 0.031228 -0.035768 -0.008200
v 0.030481 -0.035530 -0.008200
v 0.029699 -0.035598 -0.008200
v 0.035395 -0.029941 -0.008200
v 0.035554 -0.031472 -0.008200
v 0.035321 -0.030723 -0.008200
v 0.014093 -0.046896 -0.008200
v 0.013868 -0.046045 -0.008200
v 0.013248 -0.045421 -0.008200
v 0.012399 -0.045190 -0.008200
v 0.011548 -0.045415 -0.008200
v 0.010924 -0.046035 -0.008200
v 0.010693 -0.046884 -0.008200
v 0.010918 -0.047735 -0.008200
v 0.011538 -0.048359 -0.008200
v 0.012387 -0.048590 -0.008200
v 0.013238 -0.048365 -0.008200
v 0.013862 -0.047745 -0.008200
v 0.009425 -0.047329 -0.008200
v 0.009964 -0.048651 -0.008200
v 0.011054 -0.049575 -0.008200
v 0.012447 -0.049889 -0.008200
v 0.013828 -0.049525 -0.008200
v 0.014883 -0.048562 -0.008200
v 0.015375 -0.047221 -0.008200
v 0.015190 -0.045805 -0.008200
v 0.009160 -0.046590 -0.008200
v 0.008632 -0.046010 -0.008200
v 0.007921 -0.045678 -0.008200
v 0.015682 -0.043627 -0.008200
v 0.015055 -0.045032 -0.008200
v 0.015228 -0.044267 -0.008200
v -0.011243 -0.047659 -0.008200
v -0.011012 -0.046810 -0.008200
v -0.011237 -0.045959 -0.008200
v -0.011857 -0.045335 -0.008200
v -0.012707 -0.045104 -0.008200
v -0.013557 -0.045329 -0.008200
v -0.014182 -0.045949 -0.008200
v -0.014412 -0.046799 -0.008200
v -0.014188 -0.047649 -0.008200
v -0.013567 -0.048274 -0.008200
v -0.012718 -0.048504 -0.008200
v -0.011867 -0.048279 -0.008200
v -0.015502 -0.045700 -0.008200
v -0.015696 -0.047115 -0.008200
v -0.015214 -0.048460 -0.008200
v -0.014165 -0.049429 -0.008200
v -0.012787 -0.049803 -0.008200
v -0.011392 -0.049498 -0.008200
v -0.010296 -0.048582 -0.008200
v -0.009748 -0.047263 -0.008200
v -0.015362 -0.044929 -0.008200
v -0.015530 -0.044162 -0.008200
v -0.015979 -0.043519 -0.008200
v -0.008233 -0.045623 -0.008200
v -0.009478 -0.046527 -0.008200
v -0.008946 -0.045951 -0.008200
v -0.033566 -0.035653 -0.008200
v -0.032942 -0.035033 -0.008200
v -0.032711 -0.034183 -0.008200
v -0.032936 -0.033333 -0.008200
v -0.033556 -0.032708 -0.008200
v -0.034406 -0.032478 -0.008200
v -0.035256 -0.032702 -0.008200
v -0.035881 -0.033322 -0.008200
v -0.036111 -0.034172 -0.008200
v -0.035887 -0.035022 -0.008200
v -0.035266 -0.035647 -0.008200
v -0.034417 -0.035877 -0.008200
v -0.036275 -0.031827 -0.008200
v -0.037151 -0.032955 -0.008200
v -0.037406 -0.034360 -0.008200
v -0.036982 -0.035724 -0.008200
v -0.035976 -0.036737 -0.008200
v -0.034615 -0.037171 -0.008200
v -0.033208 -0.036925 -0.008200
v -0.032073 -0.036057 -0.008200
v -0.035768 -0.031228 -0.008200
v -0.035530 -0.030481 -0.008200
v -0.035598 -0.029699 -0.008200
v -0.031472 -0.035554 -0.008200
v -0.030723 -0.035321 -0.008200
v -0.029941 -0.035395 -0.008200
v -0.047659 0.011243 -0.008200
v -0.046810 0.011012 -0.008200
v -0.045959 0.011237 -0.008200
v -0.045335 0.011857 -0.008200
v -0.045104 0.012707 -0.008200
v -0.045329 0.013557 -0.008200
v -0.045949 0.014182 -0.008200
v -0.046799 0.014412 -0.008200
v -0.047649 0.014188 -0.008200
v -0.048274 0.013567 -0.008200
v -0.048504 0.012718 -0.008200
v -0.048279 0.011867 -0.008200
v -0.045700 0.015502 -0.008200
v -0.047115 0.015696 -0.008200
v -0.048460 0.015214 -0.008200
v -0.049429 0.014165 -0.008200
v -0.049803 0.012787 -0.008200
v -0.049498 0.011392 -0.008200
v -0.048582 0.010296 -0.008200
v -0.047263 0.009748 -0.008200
v -0.044929 0.015362 -0.008200
v -0.044162 0.015530 -0.008200
v -0.043519 0.015979 -0.008200
v -0.045623 0.008233 -0.008200
v -0.046527 0.009478 -0.008200
v -0.045951 0.008946 -0.008200
vn -0.0000 -0.0000 1.0000
vn -0.0000 -0.0000 -1.0000
vn 0.2431 -0.9699 -0.0107
vn 0.1733 -0.9849 -0.0000
vn 0.0314 -0.9995 -0.0000
vn -0.0400 -0.9991 -0.0107
vn -0.1112 -0.9938 -0.0000
vn -0.2515 -0.9679 -0.0000
vn -0.3199 -0.9474 -0.0107
vn -0.3867 -0.9222 -0.0000
vn -0.5140 -0.8578 -0.0000
vn -0.5738 -0.8189 -0.0107
vn -0.6308 -0.7759 -0.0000
vn -0.7348 -0.6783 -0.0000
vn -0.7813 -0.6241 -0.0107
vn -0.8239 -0.5668 -0.0000
vn -0.8961 -0.4438 -0.0000
vn -0.9255 -0.3787 -0.0107
vn -0.9502 -0.3117 -0.0000
vn -0.9849 -0.1733 -0.0000
vn -0.9947 -0.1026 -0.0107
vn -0.9995 -0.0314 -0.0000
vn -0.9938 0.1112 -0.0000
vn -0.9833 0.1818 -0.0107
vn -0.9679 0.2515 -0.0000
vn -0.9222 0.3867 -0.0000
vn -0.8922 0.4514 -0.0107
vn -0.8578 0.5140 -0.0000
vn -0.7759 0.6308 -0.0000
vn -0.7289 0.6845 -0.0107
vn -0.6782 0.7348 -0.0000
vn -0.5668 0.8239 -0.0000
vn -0.5065 0.8622 -0.0107
vn -0.4437 0.8962 -0.0000
vn -0.3117 0.9502 -0.0000
vn -0.2431 0.9699 -0.0107
vn -0.1733 0.9849 -0.0000
vn -0.0314 0.9995 -0.0000
vn 0.0400 0.9991 -0.0107
vn 0.1112 0.9938 -0.0000
vn 0.2515 0.9679 -0.0000
vn 0.3199 0.9474 -0.0107
vn 0.3867 0.9222 -0.0000
vn 0.5140 0.8578 -0.0000
vn 0.5738 0.8189 -0.0107
vn 0.6308 0.7759 -0.0000
vn 0.7348 0.6783 -0.0000
vn 0.7813 0.6241 -0.0107
vn 0.8239 0.5668 -0.0000
vn 0.8962 0.4437 -0.0000
vn 0.9255 0.3787 -0.0107
vn 0.9502 0.3117 -0.0000
vn 0.9849 0.1733 -0.0000
vn 0.9947 0.1026 -0.0107
vn 0.9995 0.0314 -0.0000
vn 0.9938 -0.1112 -0.0000
vn 0.9833 -0.1818 -0.0107
vn 0.9679 -0.2515 -0.0000
vn 0.9222 -0.3867 -0.0000
vn 0.8922 -0.4514 -0.0107
vn 0.8578 -0.5140 -0.0000
vn 0.7759 -0.6308 -0.0000
vn 0.7289 -0.6845 -0.0107
vn 0.6783 -0.7348 -0.0000
vn 0.5668 -0.8239 -0.0000
vn 0.5065 -0.8622 -0.0107
vn 0.4438 -0.8961 -0.0000
vn 0.3117 -0.9502 -0.0000
vn 0.5520 -0.8339 -0.0000
vn 0.8291 -0.5592 -0.0000
vn 0.8291 -0.5591 -0.0000
vn 0.9799 -0.1993 -0.0000
vn 0.9816 0.1909 -0.0000
vn 0.8339 0.5520 -0.0000
vn 0.5592 0.8291 -0.0000
vn 0.1993 0.9799 -0.0000
vn -0.1909 0.9816 -0.0000
vn -0.5520 0.8339 -0.0000
vn -0.8291 0.5591 -0.0000
vn -0.8291 0.5592 -0.0000
vn -0.9799 0.1993 -0.0000
vn -0.9816 -0.1909 -0.0000
vn -0.8339 -0.5520 -0.0000
vn -0.5592 -0.8291 -0.0000
vn -0.5591 -0.8291 -0.0000
vn -0.1993 -0.9799 -0.0000
vn 0.1909 -0.9816 -0.0000
vn 0.1908 -0.9816 -0.0000
vn 0.7907 -0.6122 -0.0000
vn -0.1348 -0.9909 -0.0000
vn -0.9255 -0.3787 -0.0000
vn -0.7907 0.6122 -0.0000
vn 0.1348 0.9909 -0.0000
vn 0.9255 0.3787 -0.0000
vn -0.5037 0.0685 0.8612
vn -0.4425 0.2427 0.8633
vn -0.2208 -0.4578 0.8612
vn -0.3879 -0.3285 0.8612
vn -0.4527 -0.2135 0.8657
vn 0.1925 -0.4704 0.8612
vn 0.0110 -0.5045 0.8633
vn 0.5069 0.0377 0.8612
vn 0.4784 -0.1717 0.8612
vn 0.4112 -0.2853 0.8657
vn 0.3112 0.4019 0.8612
vn 0.4314 0.2618 0.8633
vn -0.0905 0.5002 0.8612
vn -0.2861 0.4201 0.8612
vn 0.0414 0.4988 0.8657
vn 0.1454 0.4832 0.8633
vn 0.4725 0.1650 0.8657
vn 0.3458 -0.3676 0.8633
vn -0.0933 -0.4917 0.8657
vn -0.4912 -0.1157 0.8633
vn -0.3792 0.3267 0.8657
vn -0.3011 0.9180 0.2582
vn -0.1674 0.9515 0.2582
vn -0.0303 0.9656 0.2582
vn 0.1074 0.9601 0.2582
vn 0.2429 0.9350 0.2582
vn 0.2430 0.9350 0.2582
vn 0.3736 0.8909 0.2582
vn 0.4966 0.8287 0.2582
vn 0.4965 0.8287 0.2582
vn 0.6094 0.7496 0.2582
vn 0.7099 0.6553 0.2582
vn 0.7959 0.5476 0.2582
vn 0.8658 0.4287 0.2582
vn 0.9180 0.3011 0.2582
vn 0.9515 0.1674 0.2582
vn 0.9656 0.0303 0.2582
vn 0.9601 -0.1074 0.2582
vn 0.9350 -0.2430 0.2582
vn 0.8910 -0.3736 0.2582
vn 0.8909 -0.3736 0.2582
vn 0.8287 -0.4965 0.2582
vn 0.8287 -0.4966 0.2582
vn 0.7496 -0.6094 0.2582
vn 0.6553 -0.7099 0.2582
vn 0.5476 -0.7959 0.2582
vn 0.4287 -0.8658 0.2582
vn 0.3011 -0.9180 0.2582
vn 0.1674 -0.9515 0.2582
vn 0.0303 -0.9656 0.2582
vn -0.1074 -0.9601 0.2582
vn -0.2429 -0.9350 0.2582
vn -0.2430 -0.9350 0.2582
vn -0.3735 -0.8910 0.2582
vn -0.3736 -0.8909 0.2582
vn -0.4965 -0.8287 0.2582
vn -0.4966 -0.8287 0.2582
vn -0.6094 -0.7496 0.2582
vn -0.7099 -0.6553 0.2582
vn -0.7959 -0.5476 0.2582
vn -0.8658 -0.4287 0.2582
vn -0.9180 -0.3011 0.2582
vn -0.9515 -0.1674 0.2582
vn -0.9656 -0.0303 0.2582
vn -0.9601 0.1074 0.2582
vn -0.9350 0.2430 0.2582
vn -0.8910 0.3736 0.2582
vn -0.8909 0.3736 0.2582
vn -0.8287 0.4965 0.2582
vn -0.7496 0.6094 0.2582
vn -0.6553 0.7099 0.2582
vn -0.5476 0.7959 0.2582
vn -0.4287 0.8658 0.2582
vn -0.2207 0.6727 0.7062
vn -0.1227 0.6973 0.7062
vn -0.0222 0.7077 0.7062
vn 0.0787 0.7036 0.7062
vn 0.1780 0.6852 0.7062
vn 0.1781 0.6853 0.7062
vn 0.2738 0.6529 0.7062
vn 0.2737 0.6529 0.7062
vn 0.3639 0.6073 0.7062
vn 0.4466 0.5494 0.7062
vn 0.5203 0.4802 0.7062
vn 0.5833 0.4013 0.7062
vn 0.6345 0.3142 0.7062
vn 0.6727 0.2207 0.7062
vn 0.6973 0.1227 0.7062
vn 0.7077 0.0222 0.7062
vn 0.7036 -0.0787 0.7062
vn 0.6853 -0.1781 0.7062
vn 0.6853 -0.1780 0.7062
vn 0.6529 -0.2738 0.7062
vn 0.6073 -0.3639 0.7062
vn 0.5494 -0.4466 0.7062
vn 0.4802 -0.5203 0.7062
vn 0.4013 -0.5833 0.7062
vn 0.3142 -0.6345 0.7062
vn 0.2207 -0.6727 0.7062
vn 0.1227 -0.6973 0.7062
vn 0.0222 -0.7077 0.7062
vn -0.0787 -0.7036 0.7062
vn -0.1781 -0.6852 0.7062
vn -0.2738 -0.6529 0.7062
vn -0.2737 -0.6529 0.7062
vn -0.3639 -0.6073 0.7062
vn -0.4466 -0.5494 0.7062
vn -0.5203 -0.4802 0.7062
vn -0.5833 -0.4013 0.7062
vn -0.6345 -0.3142 0.7062
vn -0.6727 -0.2207 0.7062
vn -0.6973 -0.1227 0.7062
vn -0.7077 -0.0222 0.7062
vn -0.7036 0.0787 0.7062
vn -0.6853 0.1781 0.7062
vn -0.6852 0.1781 0.7062
vn -0.6529 0.2738 0.7062
vn -0.6073 0.3639 0.7062
vn -0.5494 0.4466 0.7062
vn -0.4802 0.5203 0.7062
vn -0.4013 0.5833 0.7062
vn -0.3142 0.6345 0.7062
vn -0.0809 0.2465 0.9658
vn -0.0450 0.2555 0.9658
vn -0.0081 0.2593 0.9658
vn 0.0288 0.2578 0.9658
vn 0.0652 0.2511 0.9658
vn 0.1003 0.2393 0.9658
vn 0.1333 0.2226 0.9658
vn 0.1637 0.2013 0.9658
vn 0.1906 0.1760 0.9658
vn 0.2137 0.1470 0.9658
vn 0.2138 0.1470 0.9658
vn 0.2325 0.1151 0.9658
vn 0.2465 0.0809 0.9658
vn 0.2555 0.0450 0.9658
vn 0.2593 0.0081 0.9658
vn 0.2578 -0.0288 0.9658
vn 0.2511 -0.0652 0.9658
vn 0.2393 -0.1003 0.9658
vn 0.2225 -0.1333 0.9658
vn 0.2226 -0.1333 0.9658
vn 0.2013 -0.1637 0.9658
vn 0.1760 -0.1906 0.9658
vn 0.1470 -0.2137 0.9658
vn 0.1151 -0.2325 0.9658
vn 0.0809 -0.2465 0.9658
vn 0.0450 -0.2555 0.9658
vn 0.0081 -0.2593 0.9658
vn -0.0288 -0.2578 0.9658
vn -0.0652 -0.2511 0.9658
vn -0.1003 -0.2393 0.9658
vn -0.1333 -0.2226 0.9658
vn -0.1333 -0.2225 0.9658
vn -0.1637 -0.2013 0.9658
vn -0.1906 -0.1760 0.9658
vn -0.2138 -0.1470 0.9658
vn -0.2137 -0.1470 0.9658
vn -0.2325 -0.1151 0.9658
vn -0.2465 -0.0809 0.9658
vn -0.2555 -0.0450 0.9658
vn -0.2593 -0.0081 0.9658
vn -0.2578 0.0288 0.9658
vn -0.2511 0.0652 0.9658
vn -0.2393 0.1003 0.9658
vn -0.2225 0.1333 0.9658
vn -0.2226 0.1333 0.9658
vn -0.2013 0.1637 0.9658
vn -0.1760 0.1906 0.9658
vn -0.1760 0.1907 0.9658
vn -0.1470 0.2137 0.9658
vn -0.1151 0.2325 0.9658
vn 0.3941 -0.5953 -0.7002
vn 0.5919 -0.3992 -0.7002
vn 0.6996 -0.1423 -0.7002
vn 0.7008 0.1363 -0.7002
vn 0.5953 0.3941 -0.7002
vn 0.3992 0.5919 -0.7002
vn 0.1423 0.6996 -0.7002
vn -0.1363 0.7008 -0.7002
vn -0.3941 0.5953 -0.7002
vn -0.5919 0.3992 -0.7002
vn -0.6996 0.1423 -0.7002
vn -0.7008 -0.1363 -0.7002
vn -0.5953 -0.3941 -0.7002
vn -0.3992 -0.5919 -0.7002
vn -0.1423 -0.6996 -0.7002
vn 0.1363 -0.7008 -0.7002
vn -0.0000 0.0001 1.0000
vn -0.0000 -0.0001 1.0000
vn -0.2744 -0.9615 -0.0107
vn -0.3424 -0.9396 -0.0000
vn -0.4726 -0.8813 -0.0000
vn -0.5342 -0.8453 -0.0107
vn -0.5932 -0.8051 -0.0000
vn -0.7017 -0.7124 -0.0000
vn -0.7507 -0.6605 -0.0107
vn -0.7960 -0.6053 -0.0000
vn -0.8740 -0.4859 -0.0000
vn -0.9064 -0.4223 -0.0107
vn -0.9343 -0.3566 -0.0000
vn -0.9755 -0.2200 -0.0000
vn -0.9887 -0.1498 -0.0107
vn -0.9969 -0.0789 -0.0000
vn -0.9980 0.0638 -0.0000
vn -0.9908 0.1348 -0.0107
vn -0.9787 0.2051 -0.0000
vn -0.9396 0.3423 -0.0000
vn -0.9127 0.4085 -0.0107
vn -0.8813 0.4726 -0.0000
vn -0.8051 0.5932 -0.0000
vn -0.7607 0.6491 -0.0107
vn -0.7125 0.7017 -0.0000
vn -0.6053 0.7960 -0.0000
vn -0.5470 0.8371 -0.0107
vn -0.4859 0.8740 -0.0000
vn -0.3566 0.9343 -0.0000
vn -0.2890 0.9573 -0.0107
vn -0.2200 0.9755 -0.0000
vn -0.0789 0.9969 -0.0000
vn -0.0076 0.9999 -0.0107
vn 0.0638 0.9980 -0.0000
vn 0.2051 0.9787 -0.0000
vn 0.2744 0.9615 -0.0107
vn 0.3423 0.9396 -0.0000
vn 0.4726 0.8813 -0.0000
vn 0.5342 0.8453 -0.0107
vn 0.5932 0.8051 -0.0000
vn 0.7017 0.7124 -0.0000
vn 0.7507 0.6605 -0.0107
vn 0.7960 0.6053 -0.0000
vn 0.8740 0.4859 -0.0000
vn 0.9064 0.4223 -0.0107
vn 0.9343 0.3566 -0.0000
vn 0.9755 0.2200 -0.0000
vn 0.9887 0.1498 -0.0107
vn 0.9969 0.0789 -0.0000
vn 0.9980 -0.0638 -0.0000
vn 0.9908 -0.1348 -0.0107
vn 0.9787 -0.2051 -0.0000
vn 0.9396 -0.3424 -0.0000
vn 0.9127 -0.4085 -0.0107
vn 0.8813 -0.4726 -0.0000
vn 0.8051 -0.5932 -0.0000
vn 0.7607 -0.6491 -0.0107
vn 0.7124 -0.7017 -0.0000
vn 0.6053 -0.7960 -0.0000
vn 0.5470 -0.8371 -0.0107
vn 0.4859 -0.8740 -0.0000
vn 0.3566 -0.9343 -0.0000
vn 0.2890 -0.9573 -0.0107
vn 0.2200 -0.9755 -0.0000
vn 0.0789 -0.9969 -0.0000
vn 0.0076 -0.9999 -0.0107
vn -0.0638 -0.9980 -0.0000
vn -0.2051 -0.9787 -0.0000
vn 0.0611 -0.9981 -0.0000
vn 0.4384 -0.8988 -0.0000
vn 0.7490 -0.6626 -0.0000
vn 0.9455 -0.3255 -0.0000
vn 0.9981 0.0611 -0.0000
vn 0.8988 0.4384 -0.0000
vn 0.6626 0.7490 -0.0000
vn 0.3255 0.9455 -0.0000
vn -0.0611 0.9981 -0.0000
vn -0.4384 0.8988 -0.0000
vn -0.7490 0.6626 -0.0000
vn -0.9455 0.3255 -0.0000
vn -0.9981 -0.0611 -0.0000
vn -0.8988 -0.4384 -0.0000
vn -0.6626 -0.7490 -0.0000
vn -0.3255 -0.9455 -0.0000
vn 0.3787 -0.9255 -0.0000
vn -0.6122 -0.7907 -0.0000
vn -0.9909 0.1348 -0.0000
vn -0.3787 0.9255 -0.0000
vn 0.6122 0.7907 -0.0000
vn 0.9909 -0.1348 -0.0000
vn -0.4019 0.3112 0.8612
vn -0.2618 0.4314 0.8633
vn -0.4201 -0.2861 0.8612
vn -0.5002 -0.0905 0.8612
vn -0.4988 0.0414 0.8657
vn -0.0685 -0.5037 0.8612
vn -0.2427 -0.4425 0.8633
vn 0.4578 -0.2208 0.8612
vn 0.3284 -0.3879 0.8612
vn 0.2135 -0.4527 0.8657
vn 0.4705 0.1925 0.8612
vn 0.5045 0.0110 0.8633
vn 0.1717 0.4784 0.8612
vn -0.0377 0.5069 0.8612
vn 0.2853 0.4112 0.8657
vn 0.3676 0.3458 0.8633
vn 0.4918 -0.0933 0.8657
vn 0.1157 -0.4912 0.8633
vn -0.3267 -0.3792 0.8657
vn -0.4832 0.1454 0.8633
vn -0.1650 0.4725 0.8657
vn 0.1982 0.9455 0.2582
vn 0.3308 0.9077 0.2582
vn 0.3307 0.9077 0.2582
vn 0.4566 0.8514 0.2582
vn 0.5731 0.7778 0.2582
vn 0.6779 0.6883 0.2582
vn 0.7690 0.5848 0.2582
vn 0.8444 0.4694 0.2582
vn 0.9026 0.3445 0.2582
vn 0.9424 0.2125 0.2582
vn 0.9631 0.0762 0.2582
vn 0.9641 -0.0616 0.2582
vn 0.9641 -0.0616 0.2581
vn 0.9456 -0.1982 0.2582
vn 0.9455 -0.1982 0.2582
vn 0.9077 -0.3307 0.2582
vn 0.8514 -0.4566 0.2582
vn 0.8514 -0.4565 0.2582
vn 0.7778 -0.5731 0.2582
vn 0.6883 -0.6779 0.2582
vn 0.5848 -0.7690 0.2582
vn 0.4694 -0.8444 0.2582
vn 0.3445 -0.9026 0.2582
vn 0.2125 -0.9424 0.2582
vn 0.0762 -0.9631 0.2582
vn -0.0616 -0.9641 0.2582
vn -0.1982 -0.9455 0.2582
vn -0.3307 -0.9077 0.2582
vn -0.4566 -0.8514 0.2582
vn -0.5731 -0.7778 0.2582
vn -0.6779 -0.6883 0.2582
vn -0.7690 -0.5848 0.2582
vn -0.8444 -0.4694 0.2582
vn -0.9026 -0.3445 0.2582
vn -0.9424 -0.2125 0.2582
vn -0.9631 -0.0762 0.2582
vn -0.9641 0.0616 0.2583
vn -0.9641 0.0616 0.2582
vn -0.9455 0.1982 0.2582
vn -0.9077 0.3307 0.2582
vn -0.9077 0.3307 0.2583
vn -0.8514 0.4566 0.2582
vn -0.7778 0.5731 0.2582
vn -0.6883 0.6779 0.2582
vn -0.5848 0.7690 0.2582
vn -0.4694 0.8444 0.2582
vn -0.3445 0.9026 0.2582
vn -0.2125 0.9424 0.2582
vn -0.0762 0.9631 0.2582
vn 0.0616 0.9641 0.2582
vn 0.1452 0.6929 0.7062
vn 0.2424 0.6652 0.7062
vn 0.3346 0.6240 0.7062
vn 0.4200 0.5700 0.7062
vn 0.4968 0.5044 0.7062
vn 0.5635 0.4286 0.7062
vn 0.5636 0.4286 0.7062
vn 0.6188 0.3440 0.7062
vn 0.6615 0.2524 0.7062
vn 0.6615 0.2525 0.7062
vn 0.6907 0.1557 0.7062
vn 0.7058 0.0559 0.7062
vn 0.7065 -0.0451 0.7062
vn 0.7066 -0.0452 0.7062
vn 0.6930 -0.1452 0.7062
vn 0.6929 -0.1452 0.7062
vn 0.6652 -0.2424 0.7062
vn 0.6240 -0.3346 0.7062
vn 0.5700 -0.4200 0.7062
vn 0.5044 -0.4968 0.7062
vn 0.4286 -0.5635 0.7062
vn 0.3440 -0.6188 0.7062
vn 0.2524 -0.6615 0.7062
vn 0.2525 -0.6615 0.7062
vn 0.1557 -0.6907 0.7062
vn 0.0559 -0.7058 0.7062
vn -0.0452 -0.7066 0.7062
vn -0.0451 -0.7066 0.7062
vn -0.1453 -0.6930 0.7062
vn -0.1452 -0.6929 0.7062
vn -0.2424 -0.6652 0.7062
vn -0.3346 -0.6240 0.7062
vn -0.4200 -0.5700 0.7062
vn -0.4968 -0.5044 0.7062
vn -0.5636 -0.4286 0.7062
vn -0.6188 -0.3440 0.7062
vn -0.6615 -0.2525 0.7062
vn -0.6615 -0.2524 0.7062
vn -0.6906 -0.1557 0.7062
vn -0.6907 -0.1557 0.7062
vn -0.7058 -0.0559 0.7062
vn -0.7066 0.0451 0.7062
vn -0.7066 0.0452 0.7062
vn -0.6930 0.1453 0.7062
vn -0.6930 0.1452 0.7062
vn -0.6652 0.2424 0.7062
vn -0.6240 0.3346 0.7062
vn -0.5700 0.4200 0.7062
vn -0.5044 0.4968 0.7062
vn -0.4286 0.5636 0.7062
vn -0.3440 0.6188 0.7062
vn -0.2524 0.6615 0.7062
vn -0.1557 0.6907 0.7062
vn -0.0558 0.7058 0.7062
vn -0.0559 0.7058 0.7062
vn 0.0451 0.7066 0.7062
vn 0.0452 0.7066 0.7062
vn 0.0532 0.2539 0.9658
vn 0.0888 0.2438 0.9658
vn 0.1226 0.2286 0.9658
vn 0.1539 0.2089 0.9658
vn 0.1821 0.1848 0.9658
vn 0.2065 0.1570 0.9658
vn 0.2268 0.1261 0.9658
vn 0.2424 0.0925 0.9658
vn 0.2531 0.0571 0.9658
vn 0.2586 0.0205 0.9658
vn 0.2589 -0.0165 0.9658
vn 0.2539 -0.0532 0.9658
vn 0.2438 -0.0888 0.9658
vn 0.2286 -0.1226 0.9658
vn 0.2089 -0.1539 0.9658
vn 0.1848 -0.1820 0.9658
vn 0.1848 -0.1821 0.9658
vn 0.1570 -0.2065 0.9658
vn 0.1261 -0.2268 0.9658
vn 0.0925 -0.2424 0.9658
vn 0.0571 -0.2531 0.9658
vn 0.0205 -0.2586 0.9658
vn -0.0165 -0.2589 0.9658
vn -0.0532 -0.2539 0.9658
vn -0.0888 -0.2438 0.9658
vn -0.1226 -0.2286 0.9658
vn -0.1539 -0.2089 0.9658
vn -0.1821 -0.1848 0.9658
vn -0.2065 -0.1570 0.9658
vn -0.2268 -0.1261 0.9658
vn -0.2424 -0.0925 0.9658
vn -0.2531 -0.0571 0.9658
vn -0.2586 -0.0205 0.9658
vn -0.2589 0.0165 0.9658
vn -0.2539 0.0532 0.9658
vn -0.2438 0.0888 0.9658
vn -0.2286 0.1226 0.9658
vn -0.2089 0.1539 0.9658
vn -0.1848 0.1821 0.9658
vn -0.1848 0.1820 0.9658
vn -0.1570 0.2065 0.9658
vn -0.1261 0.2268 0.9658
vn -0.0925 0.2424 0.9658
vn -0.0571 0.2531 0.9658
vn -0.0205 0.2586 0.9658
vn 0.0165 0.2589 0.9658
vn 0.0436 -0.7126 -0.7002
vn 0.3130 -0.6417 -0.7002
vn 0.5347 -0.4731 -0.7002
vn 0.5347 -0.4730 -0.7002
vn 0.6751 -0.2324 -0.7002
vn 0.6750 -0.2324 -0.7002
vn 0.7126 0.0436 -0.7002
vn 0.7126 0.0436 -0.7003
vn 0.6417 0.3130 -0.7002
vn 0.6416 0.3130 -0.7002
vn 0.4730 0.5347 -0.7002
vn 0.2324 0.6750 -0.7002
vn 0.2324 0.6751 -0.7002
vn -0.0436 0.7126 -0.7002
vn -0.3130 0.6417 -0.7002
vn -0.3130 0.6416 -0.7002
vn -0.5347 0.4730 -0.7002
vn -0.6750 0.2324 -0.7002
vn -0.6751 0.2324 -0.7002
vn -0.7126 -0.0436 -0.7002
vn -0.6417 -0.3130 -0.7002
vn -0.4731 -0.5347 -0.7002
vn -0.4730 -0.5347 -0.7002
vn -0.2324 -0.6750 -0.7002
vn -0.7184 -0.6955 -0.0107
vn -0.7663 -0.6425 -0.0000
vn -0.8499 -0.5269 -0.0000
vn -0.8853 -0.4649 -0.0107
vn -0.9162 -0.4006 -0.0000
vn -0.9639 -0.2661 -0.0000
vn -0.9804 -0.1967 -0.0107
vn -0.9920 -0.1262 -0.0000
vn -0.9999 0.0162 -0.0000
vn -0.9961 0.0875 -0.0107
vn -0.9874 0.1583 -0.0000
vn -0.9548 0.2973 -0.0000
vn -0.9311 0.3646 -0.0107
vn -0.9028 0.4301 -0.0000
vn -0.8324 0.5542 -0.0000
vn -0.7907 0.6121 -0.0107
vn -0.7450 0.6670 -0.0000
vn -0.6425 0.7663 -0.0000
vn -0.5862 0.8101 -0.0107
vn -0.5269 0.8499 -0.0000
vn -0.4006 0.9162 -0.0000
vn -0.3342 0.9424 -0.0107
vn -0.2661 0.9639 -0.0000
vn -0.1263 0.9920 -0.0000
vn -0.0552 0.9984 -0.0107
vn 0.0162 0.9999 -0.0000
vn 0.1583 0.9874 -0.0000
vn 0.2284 0.9735 -0.0107
vn 0.2973 0.9548 -0.0000
vn 0.4301 0.9028 -0.0000
vn 0.4934 0.8697 -0.0107
vn 0.5542 0.8324 -0.0000
vn 0.6670 0.7450 -0.0000
vn 0.7184 0.6955 -0.0107
vn 0.7663 0.6425 -0.0000
vn 0.8499 0.5269 -0.0000
vn 0.8853 0.4649 -0.0107
vn 0.9162 0.4006 -0.0000
vn 0.9639 0.2661 -0.0000
vn 0.9804 0.1967 -0.0107
vn 0.9920 0.1263 -0.0000
vn 0.9999 -0.0162 -0.0000
vn 0.9961 -0.0875 -0.0107
vn 0.9874 -0.1583 -0.0000
vn 0.9548 -0.2973 -0.0000
vn 0.9311 -0.3646 -0.0107
vn 0.9028 -0.4301 -0.0000
vn 0.8324 -0.5542 -0.0000
vn 0.7907 -0.6121 -0.0107
vn 0.7450 -0.6670 -0.0000
vn 0.6425 -0.7663 -0.0000
vn 0.5862 -0.8101 -0.0107
vn 0.5269 -0.8499 -0.0000
vn 0.4006 -0.9162 -0.0000
vn 0.3342 -0.9424 -0.0107
vn 0.2661 -0.9639 -0.0000
vn 0.1262 -0.9920 -0.0000
vn 0.0552 -0.9984 -0.0107
vn -0.0162 -0.9999 -0.0000
vn -0.1583 -0.9874 -0.0000
vn -0.2284 -0.9735 -0.0107
vn -0.2973 -0.9548 -0.0000
vn -0.4301 -0.9028 -0.0000
vn -0.4934 -0.8697 -0.0107
vn -0.5542 -0.8324 -0.0000
vn -0.6670 -0.7450 -0.0000
vn -0.4461 -0.8950 -0.0000
vn -0.0697 -0.9976 -0.0000
vn 0.3173 -0.9483 -0.0000
vn 0.3174 -0.9483 -0.0000
vn 0.6561 -0.7547 -0.0000
vn 0.8950 -0.4462 -0.0000
vn 0.9976 -0.0697 -0.0000
vn 0.9483 0.3173 -0.0000
vn 0.7547 0.6561 -0.0000
vn 0.4462 0.8950 -0.0000
vn 0.0697 0.9976 -0.0000
vn -0.3174 0.9483 -0.0000
vn -0.6561 0.7547 -0.0000
vn -0.8950 0.4462 -0.0000
vn -0.9976 0.0697 -0.0000
vn -0.9483 -0.3174 -0.0000
vn -0.7547 -0.6561 -0.0000
vn -0.4462 -0.8950 -0.0000
vn -0.1925 0.4704 0.8612
vn -0.0110 0.5045 0.8633
vn -0.5069 -0.0377 0.8612
vn -0.4784 0.1717 0.8612
vn -0.4113 0.2853 0.8657
vn -0.3112 -0.4019 0.8612
vn -0.4314 -0.2618 0.8633
vn 0.2861 -0.4202 0.8612
vn 0.0905 -0.5002 0.8612
vn -0.0414 -0.4988 0.8657
vn 0.5037 -0.0685 0.8612
vn 0.4425 -0.2427 0.8633
vn 0.3879 0.3284 0.8612
vn 0.2208 0.4578 0.8612
vn 0.4527 0.2135 0.8657
vn 0.4912 0.1157 0.8633
vn 0.3792 -0.3267 0.8657
vn -0.1454 -0.4833 0.8633
vn -0.4725 -0.1650 0.8657
vn -0.3458 0.3676 0.8633
vn 0.0933 0.4918 0.8657
vn 0.6444 0.7198 0.2582
vn 0.7403 0.6207 0.2582
vn 0.8211 0.5091 0.2582
vn 0.8852 0.3870 0.2582
vn 0.9313 0.2571 0.2582
vn 0.9312 0.2571 0.2583
vn 0.9584 0.1220 0.2582
vn 0.9583 0.1220 0.2583
vn 0.9660 -0.0157 0.2582
vn 0.9539 -0.1530 0.2582
vn 0.9224 -0.2872 0.2582
vn 0.8722 -0.4155 0.2582
vn 0.8042 -0.5354 0.2582
vn 0.7198 -0.6444 0.2582
vn 0.6207 -0.7403 0.2582
vn 0.5091 -0.8211 0.2582
vn 0.3870 -0.8852 0.2582
vn 0.2571 -0.9312 0.2582
vn 0.1220 -0.9584 0.2582
vn -0.0157 -0.9660 0.2582
vn -0.1530 -0.9539 0.2582
vn -0.2872 -0.9224 0.2582
vn -0.4155 -0.8722 0.2582
vn -0.5354 -0.8042 0.2582
vn -0.6444 -0.7198 0.2582
vn -0.7403 -0.6207 0.2582
vn -0.8211 -0.5091 0.2582
vn -0.8852 -0.3870 0.2582
vn -0.9312 -0.2571 0.2582
vn -0.9584 -0.1220 0.2582
vn -0.9660 0.0157 0.2582
vn -0.9539 0.1530 0.2582
vn -0.9224 0.2872 0.2582
vn -0.8722 0.4155 0.2582
vn -0.8722 0.4155 0.2583
vn -0.8041 0.5354 0.2582
vn -0.8042 0.5354 0.2582
vn -0.7198 0.6444 0.2582
vn -0.6207 0.7403 0.2582
vn -0.5091 0.8211 0.2582
vn -0.3870 0.8852 0.2582
vn -0.2571 0.9312 0.2582
vn -0.1220 0.9584 0.2582
vn 0.0157 0.9660 0.2582
vn 0.1530 0.9539 0.2582
vn 0.2872 0.9224 0.2582
vn 0.4155 0.8722 0.2582
vn 0.5354 0.8042 0.2582
vn 0.4723 0.5275 0.7062
vn 0.5425 0.4549 0.7062
vn 0.6017 0.3731 0.7062
vn 0.6487 0.2836 0.7062
vn 0.6825 0.1884 0.7062
vn 0.7024 0.0894 0.7062
vn 0.7023 0.0894 0.7062
vn 0.7079 -0.0115 0.7062
vn 0.6991 -0.1121 0.7062
vn 0.6760 -0.2104 0.7062
vn 0.6760 -0.2105 0.7062
vn 0.6392 -0.3045 0.7062
vn 0.5893 -0.3924 0.7062
vn 0.5894 -0.3924 0.7062
vn 0.5275 -0.4723 0.7062
vn 0.4549 -0.5425 0.7062
vn 0.3731 -0.6017 0.7062
vn 0.2836 -0.6487 0.7062
vn 0.1884 -0.6825 0.7062
vn 0.0894 -0.7023 0.7062
vn -0.0115 -0.7079 0.7062
vn -0.1121 -0.6991 0.7062
vn -0.2105 -0.6760 0.7062
vn -0.3045 -0.6392 0.7062
vn -0.3924 -0.5893 0.7062
vn -0.4723 -0.5275 0.7062
vn -0.5425 -0.4549 0.7062
vn -0.6017 -0.3731 0.7062
vn -0.6487 -0.2836 0.7062
vn -0.6825 -0.1884 0.7062
vn -0.7024 -0.0894 0.7062
vn -0.7023 -0.0894 0.7062
vn -0.7079 0.0115 0.7062
vn -0.6991 0.1121 0.7062
vn -0.6760 0.2105 0.7062
vn -0.6392 0.3045 0.7062
vn -0.5893 0.3924 0.7062
vn -0.5275 0.4723 0.7062
vn -0.4549 0.5425 0.7062
vn -0.3731 0.6017 0.7062
vn -0.2836 0.6487 0.7062
vn -0.1884 0.6825 0.7062
vn -0.0894 0.7023 0.7062
vn 0.0115 0.7079 0.7062
vn 0.1121 0.6991 0.7062
vn 0.2104 0.6760 0.7062
vn 0.2105 0.6760 0.7062
vn 0.3045 0.6392 0.7062
vn 0.3924 0.5893 0.7062
vn 0.1731 0.1933 0.9658
vn 0.1988 0.1667 0.9658
vn 0.2205 0.1367 0.9658
vn 0.2377 0.1039 0.9658
vn 0.2501 0.0690 0.9658
vn 0.2574 0.0328 0.9658
vn 0.2594 -0.0042 0.9658
vn 0.2562 -0.0411 0.9658
vn 0.2477 -0.0771 0.9658
vn 0.2342 -0.1116 0.9658
vn 0.2160 -0.1438 0.9658
vn 0.2159 -0.1438 0.9658
vn 0.1933 -0.1730 0.9658
vn 0.1933 -0.1731 0.9658
vn 0.1667 -0.1988 0.9658
vn 0.1367 -0.2205 0.9658
vn 0.1039 -0.2377 0.9658
vn 0.0690 -0.2501 0.9658
vn 0.0328 -0.2574 0.9658
vn -0.0042 -0.2594 0.9658
vn -0.0411 -0.2562 0.9658
vn -0.0771 -0.2477 0.9658
vn -0.1116 -0.2342 0.9658
vn -0.1438 -0.2160 0.9658
vn -0.1438 -0.2159 0.9658
vn -0.1731 -0.1933 0.9658
vn -0.1988 -0.1667 0.9658
vn -0.2205 -0.1367 0.9658
vn -0.2377 -0.1039 0.9658
vn -0.2501 -0.0690 0.9658
vn -0.2574 -0.0328 0.9658
vn -0.2594 0.0042 0.9658
vn -0.2562 0.0411 0.9658
vn -0.2477 0.0771 0.9658
vn -0.2342 0.1116 0.9658
vn -0.2159 0.1438 0.9658
vn -0.1933 0.1731 0.9658
vn -0.1933 0.1730 0.9658
vn -0.1667 0.1988 0.9658
vn -0.1367 0.2205 0.9658
vn -0.1039 0.2377 0.9658
vn -0.0690 0.2501 0.9658
vn -0.0328 0.2574 0.9658
vn 0.0042 0.2594 0.9658
vn 0.0411 0.2562 0.9658
vn 0.0771 0.2477 0.9658
vn 0.1116 0.2342 0.9658
vn 0.1438 0.2160 0.9658
vn -0.3185 -0.6389 -0.7002
vn -0.0498 -0.7122 -0.7002
vn 0.2266 -0.6770 -0.7002
vn 0.4684 -0.5388 -0.7002
vn 0.6389 -0.3185 -0.7002
vn 0.6390 -0.3185 -0.7002
vn 0.7122 -0.0498 -0.7002
vn 0.6770 0.2266 -0.7002
vn 0.5388 0.4684 -0.7002
vn 0.3185 0.6389 -0.7002
vn 0.0498 0.7122 -0.7002
vn -0.2266 0.6770 -0.7002
vn -0.4684 0.5388 -0.7002
vn -0.6389 0.3185 -0.7003
vn -0.6390 0.3185 -0.7002
vn -0.7122 0.0498 -0.7002
vn -0.6770 -0.2266 -0.7002
vn -0.6771 -0.2266 -0.7002
vn -0.5388 -0.4684 -0.7002
vn -0.9699 -0.2431 -0.0107
vn -0.9991 0.0400 -0.0107
vn -0.9474 0.3199 -0.0107
vn -0.8189 0.5738 -0.0107
vn -0.6783 0.7348 -0.0000
vn -0.6241 0.7813 -0.0107
vn -0.4438 0.8961 -0.0000
vn -0.3787 0.9255 -0.0107
vn -0.1026 0.9947 -0.0107
vn 0.1818 0.9833 -0.0107
vn 0.4514 0.8922 -0.0107
vn 0.6845 0.7289 -0.0107
vn 0.8622 0.5065 -0.0107
vn 0.8962 0.4438 -0.0000
vn 0.9699 0.2431 -0.0107
vn 0.9991 -0.0400 -0.0107
vn 0.9474 -0.3199 -0.0107
vn 0.8189 -0.5738 -0.0107
vn 0.6782 -0.7348 -0.0000
vn 0.6241 -0.7813 -0.0107
vn 0.3787 -0.9255 -0.0107
vn 0.1026 -0.9947 -0.0107
vn -0.1818 -0.9833 -0.0107
vn -0.4514 -0.8922 -0.0107
vn -0.6845 -0.7289 -0.0107
vn -0.8622 -0.5065 -0.0107
vn 0.5591 0.8291 -0.0000
vn 0.0685 0.5037 0.8612
vn 0.2427 0.4425 0.8633
vn -0.4578 0.2208 0.8612
vn -0.3285 0.3879 0.8612
vn -0.2135 0.4527 0.8657
vn -0.4704 -0.1925 0.8612
vn -0.5045 -0.0110 0.8633
vn 0.0377 -0.5069 0.8612
vn -0.1717 -0.4784 0.8612
vn -0.2853 -0.4113 0.8657
vn 0.4019 -0.3112 0.8612
vn 0.2618 -0.4314 0.8633
vn 0.5002 0.0905 0.8612
vn 0.4201 0.2861 0.8612
vn 0.4988 -0.0414 0.8657
vn 0.4832 -0.1454 0.8633
vn 0.1650 -0.4725 0.8657
vn -0.3676 -0.3458 0.8633
vn -0.4917 0.0933 0.8657
vn -0.1157 0.4912 0.8633
vn 0.3267 0.3792 0.8657
vn 0.9180 0.3011 0.2581
vn 0.8909 -0.3735 0.2582
vn -0.3735 -0.8909 0.2582
vn -0.7959 -0.5475 0.2582
vn -0.9179 -0.3011 0.2582
vn -0.8909 0.3735 0.2582
vn 0.7076 0.0222 0.7062
vn 0.6530 -0.2738 0.7062
vn -0.1780 -0.6853 0.7062
vn -0.6344 -0.3142 0.7062
vn -0.6728 -0.2207 0.7062
vn -0.7077 -0.0222 0.7061
vn -0.7076 -0.0222 0.7062
vn -0.6529 0.2737 0.7062
vn -0.6530 0.2738 0.7062
vn 0.1470 -0.2138 0.9658
vn -0.2138 -0.1471 0.9658
vn 0.1333 0.2225 0.9658
vn 0.1907 0.1760 0.9658
vn 0.2138 0.1471 0.9658
vn 0.2137 0.1471 0.9658
vn -0.9615 0.2744 -0.0107
vn -0.8453 0.5342 -0.0107
vn -0.7124 0.7017 -0.0000
vn -0.6605 0.7507 -0.0107
vn -0.6054 0.7960 -0.0000
vn -0.4223 0.9064 -0.0107
vn -0.1498 0.9887 -0.0107
vn 0.1348 0.9908 -0.0107
vn 0.4085 0.9127 -0.0107
vn 0.6491 0.7606 -0.0107
vn 0.7017 0.7125 -0.0000
vn 0.8371 0.5470 -0.0107
vn 0.9573 0.2890 -0.0107
vn 0.9999 0.0076 -0.0107
vn 0.9615 -0.2744 -0.0107
vn 0.9396 -0.3423 -0.0000
vn 0.8453 -0.5342 -0.0107
vn 0.6605 -0.7507 -0.0107
vn 0.4223 -0.9064 -0.0107
vn 0.1498 -0.9887 -0.0107
vn -0.1348 -0.9908 -0.0107
vn -0.4085 -0.9127 -0.0107
vn -0.6491 -0.7606 -0.0107
vn -0.7017 -0.7125 -0.0000
vn -0.8371 -0.5470 -0.0107
vn -0.9573 -0.2890 -0.0107
vn -0.9999 -0.0076 -0.0107
vn -0.3879 -0.3284 0.8612
vn 0.1454 0.4833 0.8633
vn 0.4726 0.1650 0.8657
vn -0.3308 -0.9077 0.2582
vn -0.4565 -0.8514 0.2582
vn -0.8514 0.4566 0.2583
vn -0.0451 -0.7065 0.7062
vn -0.1453 -0.6929 0.7062
vn -0.1452 -0.6930 0.7062
vn -0.4969 -0.5044 0.7062
vn -0.5635 -0.4286 0.7062
vn -0.6614 -0.2524 0.7062
vn -0.4286 0.5635 0.7062
vn -0.2525 0.6615 0.7062
vn 0.1453 0.6930 0.7062
vn 0.1452 0.6930 0.7062
vn 0.6906 0.1557 0.7062
vn 0.7066 -0.0451 0.7062
vn 0.1261 -0.2267 0.9658
vn -0.2267 -0.1261 0.9658
vn -0.6416 -0.3130 -0.7002
vn -0.6583 0.7528 -0.0000
vn -0.6955 0.7184 -0.0098
vn -0.5788 0.8155 -0.0000
vn -0.4852 0.8744 -0.0021
vn -0.4649 0.8853 -0.0075
vn -0.1285 0.9917 -0.0000
vn -0.1967 0.9804 -0.0107
vn -0.2684 0.9633 -0.0000
vn -0.3644 0.9312 -0.0000
vn -0.0276 0.9996 -0.0000
vn 0.1013 0.9948 -0.0074
vn 0.0875 0.9962 -0.0037
vn 0.2149 0.9766 -0.0000
vn 0.3126 0.9499 -0.0000
vn 0.3646 0.9311 -0.0101
vn 0.6479 0.7617 -0.0000
vn 0.6122 0.7907 -0.0093
vn 0.5329 0.8462 -0.0000
vn 0.4446 0.8957 -0.0000
vn 0.7217 0.6923 -0.0000
vn 0.7908 0.6120 -0.0010
vn 0.8101 0.5862 -0.0082
vn 0.9621 0.2728 -0.0000
vn 0.9424 0.3342 -0.0106
vn 0.9135 0.4069 -0.0000
vn 0.8676 0.4973 -0.0000
vn 0.9847 0.1740 -0.0000
vn 0.9987 0.0506 -0.0060
vn 0.9985 0.0552 -0.0048
vn 0.9976 -0.0691 -0.0000
vn 0.9855 -0.1697 -0.0000
vn 0.9735 -0.2284 -0.0104
vn 0.9513 -0.3082 -0.0000
vn 0.9153 -0.4029 -0.0000
vn 0.8698 -0.4934 -0.0088
vn 0.8486 -0.5290 -0.0000
vn 0.7247 -0.6890 -0.0000
vn 0.6955 -0.7184 -0.0088
vn 0.4111 -0.9116 -0.0000
vn 0.4649 -0.8853 -0.0104
vn 0.5367 -0.8438 -0.0000
vn 0.6193 -0.7852 -0.0000
vn 0.3168 -0.9485 -0.0000
vn 0.2012 -0.9795 -0.0046
vn 0.1967 -0.9804 -0.0058
vn -0.1652 -0.9863 -0.0000
vn -0.0875 -0.9961 -0.0106
vn -0.0231 -0.9997 -0.0000
vn 0.0782 -0.9969 -0.0000
vn -0.2641 -0.9645 -0.0000
vn -0.3944 -0.9189 -0.0106
vn -0.3646 -0.9312 -0.0013
vn -0.4894 -0.8720 -0.0000
vn -0.5751 -0.8181 -0.0000
vn -0.6121 -0.7907 -0.0093
vn -0.8413 -0.5406 -0.0000
vn -0.8101 -0.5862 -0.0101
vn -0.7558 -0.6548 -0.0000
vn -0.6857 -0.7279 -0.0000
vn -0.8917 -0.4527 -0.0000
vn -0.9378 -0.3472 -0.0033
vn -0.9425 -0.3342 -0.0067
vn -0.9998 0.0185 -0.0000
vn -0.9984 -0.0552 -0.0107
vn -0.9923 -0.1240 -0.0000
vn -0.9747 -0.2237 -0.0000
vn -0.9928 0.1196 -0.0000
vn -0.9680 0.2507 -0.0090
vn -0.9736 0.2284 -0.0026
vn -0.9345 0.3561 -0.0000
vn -0.8937 0.4487 -0.0000
vn -0.8698 0.4934 -0.0098
vn -0.8207 0.5713 -0.0000
vn -0.7587 0.6515 -0.0000
vn 0.8950 -0.4461 -0.0000
vn -0.8950 0.4461 -0.0000
vn 0.2852 0.4113 0.8657
vn -0.1651 0.4725 0.8657
vn 0.4917 -0.0933 0.8657
vn 0.8649 0.3853 0.3218
vn 0.8808 0.4319 0.1941
vn 0.9437 0.2676 0.1945
vn 0.9353 0.2421 0.2579
vn 0.9658 0.1707 0.1950
vn 0.9797 0.0496 0.1941
vn 0.8509 0.4877 0.1950
vn 0.7758 0.6004 0.1941
vn 0.7758 0.6004 0.1942
vn 0.7078 0.6789 0.1951
vn 0.6369 0.7417 0.2102
vn 0.6356 0.7472 0.1942
vn 0.5227 0.8299 0.1949
vn 0.4655 0.8385 0.2833
vn 0.4361 0.8786 0.1948
vn 0.3066 0.9318 0.1944
vn 0.2909 0.9269 0.2372
vn 0.2108 0.9579 0.1951
vn 0.0993 0.9759 0.1941
vn -0.0270 0.9804 0.1950
vn -0.0974 0.9591 0.2659
vn -0.1261 0.9728 0.1946
vn -0.2936 0.9360 0.1941
vn -0.2554 0.9169 0.3066
vn -0.3574 0.9134 0.1950
vn -0.4760 0.8578 0.1941
vn -0.5676 0.7998 0.1951
vn -0.6347 0.7394 0.2245
vn -0.6457 0.7384 0.1943
vn -0.7757 0.6005 0.1941
vn -0.7061 0.6063 0.3658
vn -0.8050 0.5604 0.1949
vn -0.8766 0.4402 0.1943
vn -0.8748 0.4292 0.2245
vn -0.9165 0.3492 0.1951
vn -0.9496 0.2460 0.1941
vn -0.9496 0.2460 0.1942
vn -0.9738 0.1173 0.1950
vn -0.9609 0.0488 0.2725
vn -0.9807 0.0182 0.1946
vn -0.9697 -0.1485 0.1942
vn -0.9493 -0.1186 0.2912
vn -0.9559 -0.2194 0.1950
vn -0.9199 -0.3406 0.1941
vn -0.8745 -0.4440 0.1951
vn -0.8245 -0.5138 0.2372
vn -0.8253 -0.5302 0.1944
vn -0.7111 -0.6758 0.1942
vn -0.7076 -0.6131 0.3514
vn -0.6726 -0.7139 0.1949
vn -0.5642 -0.8025 0.1942
vn -0.5586 -0.8024 0.2101
vn -0.4801 -0.8553 0.1951
vn -0.3869 -0.9014 0.1941
vn -0.2590 -0.9460 0.1950
vn -0.1935 -0.9410 0.2776
vn -0.1620 -0.9674 0.1947
vn -0.0001 -0.9810 0.1941
vn -0.0222 -0.9610 0.2756
vn 0.0766 -0.9778 0.1950
vn 0.1974 -0.9609 0.1941
vn 0.3107 -0.9303 0.1951
vn 0.3819 -0.8902 0.2484
vn 0.4033 -0.8942 0.1945
vn 0.5603 -0.8052 0.1941
vn 0.5053 -0.7945 0.3367
vn 0.6074 -0.7701 0.1949
vn 0.7109 -0.6759 0.1941
vn 0.8325 -0.5190 0.1941
vn 0.8324 -0.5190 0.1941
vn 0.8977 -0.3951 0.1949
vn 0.8999 -0.3334 0.2811
vn 0.9331 -0.3023 0.1947
vn 0.9696 -0.1486 0.1941
vn 0.9517 -0.1639 0.2597
vn 0.9784 -0.0678 0.1951
vn 0.6035 -0.5738 0.5536
vn 0.4757 -0.6836 0.5536
vn 0.3283 -0.7653 0.5536
vn 0.3284 -0.7653 0.5536
vn 0.1676 -0.8158 0.5536
vn -0.0001 -0.8328 0.5536
vn -0.1677 -0.8157 0.5536
vn -0.3285 -0.7653 0.5536
vn -0.4758 -0.6835 0.5536
vn -0.6037 -0.5737 0.5536
vn -0.7068 -0.4405 0.5536
vn -0.7810 -0.2892 0.5536
vn -0.8232 -0.1260 0.5536
vn -0.8317 0.0423 0.5536
vn -0.8062 0.2088 0.5536
vn -0.7476 0.3668 0.5536
vn -0.7477 0.3668 0.5536
vn -0.6585 0.5098 0.5536
vn -0.5424 0.6319 0.5536
vn -0.4041 0.7282 0.5536
vn -0.2492 0.7946 0.5536
vn -0.0842 0.8285 0.5536
vn 0.0843 0.8285 0.5536
vn 0.2494 0.7946 0.5536
vn 0.4042 0.7281 0.5536
vn 0.5425 0.6318 0.5536
vn 0.6586 0.5097 0.5536
vn 0.7477 0.3667 0.5536
vn 0.8062 0.2087 0.5536
vn 0.8317 0.0421 0.5536
vn 0.8232 -0.1262 0.5536
vn 0.7809 -0.2893 0.5536
vn 0.7067 -0.4406 0.5536
vn 0.6036 -0.5738 0.5536
vn 0.4041 -0.3842 0.8301
vn 0.3185 -0.4576 0.8301
vn 0.2198 -0.5124 0.8301
vn 0.1122 -0.5461 0.8302
vn -0.0000 -0.5575 0.8302
vn -0.0001 -0.5575 0.8301
vn -0.1123 -0.5461 0.8301
vn -0.2199 -0.5123 0.8301
vn -0.3186 -0.4576 0.8301
vn -0.4041 -0.3841 0.8302
vn -0.4041 -0.3841 0.8301
vn -0.4732 -0.2949 0.8301
vn -0.5229 -0.1936 0.8301
vn -0.5511 -0.0844 0.8301
vn -0.5568 0.0283 0.8302
vn -0.5568 0.0283 0.8301
vn -0.5397 0.1398 0.8301
vn -0.5005 0.2456 0.8302
vn -0.5006 0.2456 0.8301
vn -0.4409 0.3413 0.8301
vn -0.3631 0.4231 0.8301
vn -0.2705 0.4875 0.8301
vn -0.1669 0.5320 0.8301
vn -0.0564 0.5547 0.8301
vn 0.0565 0.5547 0.8302
vn 0.0565 0.5547 0.8301
vn 0.1669 0.5320 0.8302
vn 0.1670 0.5320 0.8301
vn 0.2706 0.4875 0.8301
vn 0.2706 0.4875 0.8302
vn 0.3632 0.4230 0.8301
vn 0.4409 0.3412 0.8301
vn 0.5006 0.2455 0.8301
vn 0.5398 0.1397 0.8301
vn 0.5398 0.1397 0.8302
vn 0.5568 0.0282 0.8301
vn 0.5511 -0.0845 0.8302
vn 0.5511 -0.0845 0.8301
vn 0.5228 -0.1937 0.8301
vn 0.4731 -0.2950 0.8301
vn 0.1421 -0.1351 0.9806
vn 0.1120 -0.1609 0.9806
vn 0.0773 -0.1802 0.9806
vn 0.0394 -0.1921 0.9806
vn 0.0395 -0.1921 0.9806
vn -0.0000 -0.1961 0.9806
vn -0.0395 -0.1921 0.9806
vn -0.0395 -0.1920 0.9806
vn -0.0773 -0.1802 0.9806
vn -0.1120 -0.1609 0.9806
vn -0.1421 -0.1351 0.9806
vn -0.1664 -0.1037 0.9806
vn -0.1839 -0.0681 0.9806
vn -0.1938 -0.0297 0.9806
vn -0.1958 0.0099 0.9806
vn -0.1898 0.0492 0.9806
vn -0.1760 0.0864 0.9806
vn -0.1550 0.1200 0.9806
vn -0.1277 0.1488 0.9806
vn -0.0951 0.1714 0.9806
vn -0.0587 0.1871 0.9806
vn -0.0198 0.1951 0.9806
vn 0.0199 0.1951 0.9806
vn 0.0587 0.1871 0.9806
vn 0.0952 0.1714 0.9806
vn 0.1277 0.1488 0.9806
vn 0.1277 0.1487 0.9806
vn 0.1550 0.1200 0.9806
vn 0.1551 0.1200 0.9806
vn 0.1760 0.0863 0.9806
vn 0.1898 0.0491 0.9806
vn 0.1958 0.0099 0.9806
vn 0.1938 -0.0297 0.9806
vn 0.1839 -0.0681 0.9806
vn 0.1664 -0.1037 0.9806
vn -0.6389 0.3185 -0.7002
vn 0.6770 0.2265 -0.7002
vn 0.8961 0.4438 -0.0000
vn 0.4437 -0.8962 -0.0000
vn -0.8962 -0.4437 -0.0000
vn -0.1908 0.9816 -0.0000
vn 0.3879 0.3285 0.8612
vn -0.4112 0.2853 0.8657
vn 0.2861 -0.4201 0.8612
vn 0.0933 0.4917 0.8657
vn -0.8287 0.4966 0.2582
vn 0.3735 0.8910 0.2582
vn -0.1780 -0.6852 0.7062
vn -0.1781 -0.6853 0.7062
vn -0.6853 0.1780 0.7062
vn 0.1781 0.6852 0.7062
vn 0.6852 -0.1781 0.7062
vn 0.1760 -0.1907 0.9658
vn 0.3424 0.9396 -0.0000
vn 0.7125 -0.7017 -0.0000
vn -0.3423 -0.9396 -0.0000
vn -0.9396 0.3424 -0.0000
vn -0.3284 0.3879 0.8612
vn -0.4705 -0.1925 0.8612
vn -0.2853 -0.4112 0.8657
vn -0.4918 0.0933 0.8657
vn -0.9641 0.0616 0.2581
vn -0.9456 0.1982 0.2582
vn -0.8514 0.4565 0.2582
vn 0.9641 -0.0616 0.2583
vn 0.9077 -0.3307 0.2583
vn -0.7065 0.0451 0.7062
vn -0.6929 0.1452 0.7062
vn 0.6930 -0.1453 0.7062
vn 0.4286 -0.5636 0.7062
vn 0.0558 -0.7058 0.7062
vn -0.5347 0.4731 -0.7002
vn -0.7126 -0.0436 -0.7003
vn -0.2324 -0.6751 -0.7002
vn 0.3130 -0.6416 -0.7002
vn 0.4731 0.5347 -0.7002
vn 0.9920 0.1262 -0.0000
vn 0.1263 -0.9920 -0.0000
vn -0.9920 -0.1263 -0.0000
vn -0.1262 0.9920 -0.0000
vn 0.4461 0.8950 -0.0000
vn -0.3173 0.9483 -0.0000
vn -0.9483 -0.3173 -0.0000
vn 0.9483 0.3174 -0.0000
vn 0.4113 -0.2853 0.8657
vn -0.2861 0.4202 0.8612
vn -0.0933 -0.4918 0.8657
vn -0.9313 -0.2571 0.2582
vn -0.9312 -0.2571 0.2583
vn -0.9583 -0.1220 0.2583
vn 0.9312 0.2571 0.2582
vn 0.8722 -0.4155 0.2583
vn 0.8041 -0.5354 0.2582
vn -0.6760 0.2104 0.7062
vn -0.5894 0.3924 0.7062
vn -0.2104 -0.6760 0.7062
vn -0.2160 0.1438 0.9658
vn 0.1438 0.2159 0.9658
vn 0.6389 -0.3185 -0.7003
vn 0.6771 0.2266 -0.7002
vn 0.4438 -0.8962 -0.0000
vn -0.8962 -0.4438 -0.0000
vn 0.3285 -0.3879 0.8612
vn 0.4704 0.1925 0.8612
vn 0.2853 0.4113 0.8657
vn -0.9180 -0.3011 0.2581
vn 0.3735 0.8909 0.2582
vn 0.7959 0.5475 0.2582
vn 0.9179 0.3011 0.2582
vn 0.1780 0.6853 0.7062
vn 0.6344 0.3142 0.7062
vn 0.6728 0.2207 0.7062
vn 0.7077 0.0222 0.7061
vn 0.6529 -0.2737 0.7062
vn -0.1470 0.2138 0.9658
vn -0.1907 -0.1760 0.9658
vn -0.2137 -0.1471 0.9658
vn 0.6054 -0.7960 -0.0000
vn -0.4726 -0.1650 0.8657
vn 0.4565 0.8514 0.2582
vn 0.8514 -0.4566 0.2583
vn 0.0451 0.7065 0.7062
vn 0.1453 0.6929 0.7062
vn 0.4969 0.5044 0.7062
vn 0.6614 0.2524 0.7062
vn -0.1261 0.2267 0.9658
vn 0.2267 0.1261 0.9658
vn 0.6955 -0.7184 -0.0107
vn 0.4649 -0.8853 -0.0107
vn 0.4006 -0.9163 -0.0000
vn 0.1967 -0.9804 -0.0107
vn -0.0875 -0.9961 -0.0107
vn -0.1584 -0.9874 -0.0000
vn -0.3646 -0.9311 -0.0107
vn -0.6121 -0.7907 -0.0107
vn -0.8101 -0.5862 -0.0107
vn -0.9424 -0.3342 -0.0107
vn -0.9735 0.2284 -0.0107
vn -0.8697 0.4934 -0.0107
vn -0.6955 0.7184 -0.0107
vn -0.4649 0.8853 -0.0107
vn -0.4006 0.9163 -0.0000
vn -0.2662 0.9639 -0.0000
vn 0.0875 0.9961 -0.0107
vn 0.3646 0.9311 -0.0107
vn 0.6121 0.7907 -0.0107
vn 0.8101 0.5862 -0.0107
vn 0.9424 0.3342 -0.0107
vn 0.9984 0.0552 -0.0107
vn 0.9735 -0.2284 -0.0107
vn 0.8697 -0.4934 -0.0107
vn -0.2852 -0.4113 0.8657
vn 0.1651 -0.4725 0.8657
vn -0.2571 0.9313 0.2582
vn -0.1219 0.9584 0.2582
vn -0.1220 0.9583 0.2582
vn 0.2571 -0.9313 0.2582
vn 0.1219 -0.9584 0.2582
vn -0.0156 -0.9660 0.2582
vn -0.5354 -0.8041 0.2582
vn -0.6018 -0.3731 0.7062
vn -0.0691 0.2501 0.9658
vn -0.0327 0.2574 0.9658
vn 0.1730 0.1933 0.9658
vn 0.0327 -0.2574 0.9658
vn -0.1730 -0.1933 0.9658
vn -0.6770 -0.2265 -0.7002
vn 0.9503 -0.3113 -0.0000
vn -0.4560 0.8900 -0.0000
vn -0.4644 0.8854 -0.0194
vn 0.4881 -0.8728 -0.0000
vn 0.4966 -0.8679 -0.0128
vn 0.5104 -0.8599 0.0025
vn 0.6151 -0.7809 -0.1088
vn 0.5497 -0.8352 -0.0178
vn 0.5258 -0.8506 -0.0019
vn 0.9771 -0.1409 -0.1597
vn 0.9917 -0.1287 -0.0000
vn 0.9758 -0.0951 -0.1970
vn 0.9909 -0.1127 -0.0739
vn 0.9998 -0.0196 0.0012
vn 0.9892 0.0913 -0.1148
vn 1.0000 0.0085 -0.0022
vn 0.9997 -0.0075 0.0227
vn 0.9906 0.0936 -0.1001
vn 0.4291 0.8994 -0.0837
vn 0.4398 0.8780 -0.1888
vn 0.4859 0.8715 -0.0663
vn 0.5180 0.8554 -0.0079
vn -0.1450 0.9894 -0.0000
vn -0.3417 0.9398 -0.0000
vn -0.4493 0.8934 -0.0000
vn -0.4358 0.8996 -0.0299
vn 0.0809 0.9903 0.1132
vn -0.0201 0.9998 -0.0000
vn 0.0578 0.9983 -0.0000
vn 0.2581 0.9661 -0.0000
vn 0.3993 0.9168 -0.0000
vn 0.4174 0.9076 -0.0460
vn 0.5315 0.8471 0.0002
vn 0.5491 0.8358 -0.0005
vn 0.6180 0.7839 -0.0599
vn 0.6305 0.7762 -0.0000
vn 0.7067 0.7075 -0.0000
vn 0.7727 0.6304 0.0747
vn 0.7649 0.6441 -0.0000
vn 0.8792 0.4764 -0.0000
vn 0.9573 0.2891 -0.0000
vn 0.9918 0.1278 -0.0000
vn 0.9922 0.1057 -0.0660
vn 0.6007 -0.7994 -0.0000
vn 0.7498 -0.6617 -0.0000
vn 0.8654 -0.5011 -0.0000
vn 0.8677 -0.4966 0.0233
vn 0.9118 -0.4107 -0.0000
vn 0.4630 -0.8862 -0.0176
vn 0.4560 -0.8900 -0.0031
vn 0.4748 -0.8801 -0.0000
vn -0.4881 0.8728 -0.0000
vn -0.4966 0.8679 -0.0128
vn -0.5104 0.8599 0.0025
vn -0.6151 0.7809 -0.1088
vn -0.5497 0.8352 -0.0178
vn -0.5258 0.8506 -0.0019
vn -0.9758 0.0951 -0.1970
vn -0.9909 0.1127 -0.0739
vn -0.9998 0.0196 0.0012
vn -1.0000 -0.0085 -0.0022
vn -0.9877 -0.0892 -0.1282
vn -0.9892 -0.0913 -0.1148
vn -0.5315 -0.8471 0.0002
vn -0.5491 -0.8358 -0.0005
vn -0.6180 -0.7839 -0.0599
vn -0.4174 -0.9076 -0.0460
vn -0.4291 -0.8994 -0.0837
vn -0.4398 -0.8780 -0.1888
vn -0.4859 -0.8715 -0.0663
vn -0.5180 -0.8554 -0.0079
vn -0.3993 -0.9168 -0.0000
vn -0.2581 -0.9661 -0.0000
vn -0.0578 -0.9983 -0.0000
vn 0.1450 -0.9894 -0.0000
vn 0.3417 -0.9398 -0.0000
vn 0.4493 -0.8934 -0.0000
vn 0.4358 -0.8996 -0.0299
vn -0.6305 -0.7762 -0.0000
vn -0.7649 -0.6441 -0.0000
vn -0.8792 -0.4764 -0.0000
vn -0.9573 -0.2891 -0.0000
vn -0.9918 -0.1278 -0.0000
vn -0.9922 -0.1057 -0.0660
vn -0.6007 0.7994 -0.0000
vn -0.7498 0.6617 -0.0000
vn -0.8679 0.4967 -0.0000
vn -0.9503 0.3113 -0.0000
vn -0.9917 0.1287 -0.0000
vn -0.9771 0.1409 -0.1597
vn -0.0000 -0.0002 -1.0000
vn 0.1823 0.3872 -0.9038
vn 0.3988 0.9000 -0.1757
vn 0.3167 0.9322 -0.1754
vn 0.1935 0.9653 -0.1754
vn 0.1149 0.9777 -0.1758
vn -0.3868 0.8853 -0.2582
vn 0.0500 0.9572 -0.2850
vn 0.0671 0.9822 -0.1754
vn -0.0447 0.9834 -0.1756
vn -0.0593 0.9641 -0.2590
vn -0.1083 0.9785 -0.1758
vn -0.1869 0.9666 -0.1754
vn -0.3103 0.9343 -0.1754
vn -0.3810 0.9077 -0.1758
vn -0.3969 0.9126 -0.0985
vn -0.3016 0.6747 -0.6737
vn -0.1674 0.3582 -0.9185
vn -0.0560 0.1248 -0.9906
vn -0.0653 0.1632 -0.9844
vn -0.0555 0.1672 -0.9844
vn -0.0334 0.1730 -0.9844
vn -0.0108 0.1758 -0.9844
vn 0.0120 0.1757 -0.9844
vn 0.0346 0.1727 -0.9844
vn 0.0567 0.1668 -0.9844
vn 0.0686 0.1619 -0.9844
vn 0.0632 0.1383 -0.9884
vn 0.3185 0.7028 -0.6361
vn 0.2636 0.5758 -0.7740
vn 0.3805 0.9184 -0.1086
vn 0.3937 0.8779 -0.2727
vn 0.3616 0.8071 -0.4666
vn 0.3304 0.7747 -0.5391
vn 0.2711 0.7979 -0.5383
vn 0.1656 0.8263 -0.5383
vn 0.0574 0.8408 -0.5383
vn -0.0517 0.8411 -0.5383
vn -0.1600 0.8274 -0.5383
vn -0.2656 0.7998 -0.5383
vn -0.3301 0.7749 -0.5391
vn -0.3559 0.7974 -0.4873
vn 0.2099 0.4966 -0.8422
vn 0.1737 0.5112 -0.8417
vn 0.1061 0.5294 -0.8417
vn 0.0368 0.5387 -0.8417
vn -0.0331 0.5389 -0.8417
vn -0.1025 0.5301 -0.8417
vn -0.1702 0.5124 -0.8417
vn -0.2069 0.4979 -0.8422
vn -0.2496 0.5576 -0.7917
vn 0.4265 0.0357 -0.9038
vn 0.1170 0.1317 -0.9844
vn 0.1331 0.1154 -0.9844
vn 0.1469 0.0973 -0.9844
vn 0.1582 0.0775 -0.9844
vn 0.1669 0.0564 -0.9844
vn 0.1728 0.0343 -0.9844
vn 0.1745 0.0215 -0.9844
vn 0.1513 0.0144 -0.9884
vn 0.7679 0.0755 -0.6361
vn 0.6304 0.0596 -0.7740
vn 0.9571 0.0980 -0.2727
vn 0.8798 0.0904 -0.4666
vn 0.9042 0.3893 -0.1758
vn 0.9327 0.3151 -0.1754
vn 0.9656 0.1918 -0.1754
vn 0.9789 0.1047 -0.1758
vn 0.9856 0.1297 -0.1086
vn 0.5733 0.7776 -0.2582
vn 0.8540 0.4353 -0.2850
vn 0.8842 0.4330 -0.1754
vn 0.8294 0.5304 -0.1756
vn 0.8053 0.5334 -0.2590
vn 0.7932 0.5830 -0.1758
vn 0.7436 0.6452 -0.1754
vn 0.6540 0.7359 -0.1754
vn 0.5956 0.7838 -0.1758
vn 0.5918 0.8000 -0.0985
vn 0.4335 0.5985 -0.6737
vn 0.1030 0.1426 -0.9844
vn 0.0895 0.1081 -0.9901
vn 0.2265 0.3240 -0.9185
vn 0.8361 0.1012 -0.5391
vn 0.8266 0.1642 -0.5383
vn 0.7984 0.2697 -0.5383
vn 0.7568 0.3706 -0.5383
vn 0.7569 0.3706 -0.5383
vn 0.7026 0.4654 -0.5383
vn 0.6365 0.5523 -0.5383
vn 0.5598 0.6299 -0.5383
vn 0.5060 0.6733 -0.5391
vn 0.5127 0.7069 -0.4873
vn 0.5350 0.0665 -0.8422
vn 0.5296 0.1052 -0.8417
vn 0.5115 0.1728 -0.8417
vn 0.4849 0.2375 -0.8417
vn 0.4502 0.2982 -0.8417
vn 0.4078 0.3539 -0.8417
vn 0.4078 0.3538 -0.8417
vn 0.3587 0.4036 -0.8417
vn 0.3277 0.4281 -0.8422
vn 0.3581 0.4949 -0.7917
vn 0.2442 -0.3515 -0.9038
vn 0.0939 -0.1220 -0.9881
vn 0.4461 -0.6244 -0.6412
vn 0.3643 -0.5108 -0.7787
vn 0.5634 -0.7798 -0.2727
vn 0.5182 -0.7168 -0.4666
vn 0.7892 -0.5884 -0.1758
vn 0.7392 -0.6502 -0.1754
vn 0.6490 -0.7403 -0.1754
vn 0.6489 -0.7403 -0.1754
vn 0.5801 -0.7954 -0.1757
vn 0.6051 -0.7887 -0.1086
vn 0.9601 -0.1077 -0.2582
vn 0.8040 -0.5219 -0.2850
vn 0.8171 -0.5492 -0.1754
vn 0.8740 -0.4530 -0.1756
vn 0.8645 -0.4307 -0.2590
vn 0.9015 -0.3955 -0.1758
vn 0.9306 -0.3214 -0.1754
vn 0.9643 -0.1984 -0.1754
vn 0.9766 -0.1239 -0.1758
vn 0.9888 -0.1125 -0.0985
vn 0.7351 -0.0762 -0.6737
vn 0.1361 -0.0139 -0.9906
vn 0.1020 -0.1433 -0.9844
vn 0.1161 -0.1325 -0.9844
vn 0.1323 -0.1163 -0.9844
vn 0.1462 -0.0983 -0.9844
vn 0.1577 -0.0785 -0.9844
vn 0.1665 -0.0575 -0.9844
vn 0.1725 -0.0355 -0.9844
vn 0.1740 -0.0250 -0.9844
vn 0.3939 -0.0342 -0.9185
vn 0.5057 -0.6735 -0.5391
vn 0.5555 -0.6337 -0.5383
vn 0.6328 -0.5566 -0.5383
vn 0.6994 -0.4701 -0.5383
vn 0.7543 -0.3758 -0.5383
vn 0.7966 -0.2751 -0.5383
vn 0.8254 -0.1698 -0.5383
vn 0.8361 -0.1016 -0.5391
vn 0.8685 -0.0905 -0.4873
vn 0.3251 -0.4301 -0.8422
vn 0.3559 -0.4060 -0.8417
vn 0.4054 -0.3566 -0.8417
vn 0.4481 -0.3012 -0.8417
vn 0.4833 -0.2408 -0.8417
vn 0.5104 -0.1763 -0.8417
vn 0.5289 -0.1088 -0.8417
vn 0.5346 -0.0697 -0.8422
vn 0.6077 -0.0626 -0.7917
vn -0.1823 -0.3872 -0.9038
vn -0.3988 -0.9000 -0.1757
vn -0.3167 -0.9322 -0.1754
vn -0.1935 -0.9653 -0.1754
vn -0.1149 -0.9777 -0.1758
vn 0.3868 -0.8853 -0.2582
vn -0.0500 -0.9572 -0.2850
vn -0.0671 -0.9822 -0.1754
vn 0.0447 -0.9834 -0.1756
vn 0.0593 -0.9641 -0.2590
vn 0.1083 -0.9785 -0.1758
vn 0.1869 -0.9666 -0.1754
vn 0.3103 -0.9343 -0.1754
vn 0.3810 -0.9077 -0.1758
vn 0.3969 -0.9126 -0.0985
vn 0.3016 -0.6747 -0.6737
vn 0.1674 -0.3582 -0.9185
vn 0.0560 -0.1248 -0.9906
vn 0.0653 -0.1632 -0.9844
vn 0.0555 -0.1672 -0.9844
vn 0.0334 -0.1730 -0.9844
vn 0.0108 -0.1758 -0.9844
vn -0.0120 -0.1757 -0.9844
vn -0.0346 -0.1727 -0.9844
vn -0.0567 -0.1668 -0.9844
vn -0.0686 -0.1619 -0.9844
vn -0.0632 -0.1383 -0.9884
vn -0.3177 -0.6985 -0.6412
vn -0.2602 -0.5709 -0.7787
vn -0.3805 -0.9184 -0.1086
vn -0.3937 -0.8779 -0.2727
vn -0.3616 -0.8071 -0.4666
vn -0.3304 -0.7747 -0.5391
vn -0.2711 -0.7979 -0.5383
vn -0.1656 -0.8263 -0.5383
vn -0.0574 -0.8408 -0.5383
vn 0.0517 -0.8411 -0.5383
vn 0.1600 -0.8274 -0.5383
vn 0.2656 -0.7998 -0.5383
vn 0.3301 -0.7749 -0.5391
vn 0.3559 -0.7974 -0.4873
vn -0.2099 -0.4966 -0.8422
vn -0.1737 -0.5112 -0.8417
vn -0.1061 -0.5294 -0.8417
vn -0.0368 -0.5387 -0.8417
vn 0.0331 -0.5389 -0.8417
vn 0.1025 -0.5301 -0.8417
vn 0.1702 -0.5124 -0.8417
vn 0.2069 -0.4979 -0.8422
vn 0.2496 -0.5576 -0.7917
vn -0.4265 -0.0357 -0.9038
vn -0.1170 -0.1317 -0.9844
vn -0.1331 -0.1154 -0.9844
vn -0.1469 -0.0973 -0.9844
vn -0.1582 -0.0775 -0.9844
vn -0.1669 -0.0564 -0.9844
vn -0.1728 -0.0343 -0.9844
vn -0.1745 -0.0215 -0.9844
vn -0.1513 -0.0144 -0.9884
vn -0.7679 -0.0755 -0.6361
vn -0.6304 -0.0596 -0.7740
vn -0.9571 -0.0980 -0.2727
vn -0.8798 -0.0904 -0.4666
vn -0.9042 -0.3893 -0.1758
vn -0.9327 -0.3151 -0.1754
vn -0.9656 -0.1918 -0.1754
vn -0.9789 -0.1047 -0.1758
vn -0.9856 -0.1297 -0.1086
vn -0.5733 -0.7776 -0.2582
vn -0.8540 -0.4353 -0.2850
vn -0.8842 -0.4330 -0.1754
vn -0.8294 -0.5304 -0.1756
vn -0.8053 -0.5334 -0.2590
vn -0.7932 -0.5830 -0.1758
vn -0.7436 -0.6452 -0.1754
vn -0.6540 -0.7359 -0.1754
vn -0.5956 -0.7838 -0.1758
vn -0.5918 -0.8000 -0.0985
vn -0.4335 -0.5985 -0.6737
vn -0.1030 -0.1426 -0.9844
vn -0.0895 -0.1081 -0.9901
vn -0.2265 -0.3240 -0.9185
vn -0.8361 -0.1012 -0.5391
vn -0.8266 -0.1642 -0.5383
vn -0.7984 -0.2697 -0.5383
vn -0.7568 -0.3706 -0.5383
vn -0.7569 -0.3706 -0.5383
vn -0.7026 -0.4654 -0.5383
vn -0.6365 -0.5523 -0.5383
vn -0.5598 -0.6299 -0.5383
vn -0.5060 -0.6733 -0.5391
vn -0.5127 -0.7069 -0.4873
vn -0.5350 -0.0665 -0.8422
vn -0.5296 -0.1052 -0.8417
vn -0.5115 -0.1728 -0.8417
vn -0.4849 -0.2375 -0.8417
vn -0.4502 -0.2982 -0.8417
vn -0.4078 -0.3539 -0.8417
vn -0.4078 -0.3538 -0.8417
vn -0.3587 -0.4036 -0.8417
vn -0.3277 -0.4281 -0.8422
vn -0.3581 -0.4949 -0.7917
vn -0.2442 0.3515 -0.9038
vn -0.0939 0.1220 -0.9881
vn -0.4494 0.6272 -0.6361
vn -0.3668 0.5161 -0.7740
vn -0.5634 0.7798 -0.2727
vn -0.5182 0.7168 -0.4666
vn -0.7892 0.5884 -0.1758
vn -0.7392 0.6502 -0.1754
vn -0.6490 0.7403 -0.1754
vn -0.6489 0.7403 -0.1754
vn -0.5801 0.7954 -0.1757
vn -0.6051 0.7887 -0.1086
vn -0.9601 0.1077 -0.2582
vn -0.8040 0.5219 -0.2850
vn -0.8171 0.5492 -0.1754
vn -0.8740 0.4530 -0.1756
vn -0.8645 0.4307 -0.2590
vn -0.9015 0.3955 -0.1758
vn -0.9306 0.3214 -0.1754
vn -0.9643 0.1984 -0.1754
vn -0.9766 0.1239 -0.1758
vn -0.9888 0.1125 -0.0985
vn -0.7351 0.0762 -0.6737
vn -0.1361 0.0139 -0.9906
vn -0.1020 0.1433 -0.9844
vn -0.1161 0.1325 -0.9844
vn -0.1323 0.1163 -0.9844
vn -0.1462 0.0983 -0.9844
vn -0.1577 0.0785 -0.9844
vn -0.1665 0.0575 -0.9844
vn -0.1725 0.0355 -0.9844
vn -0.1740 0.0250 -0.9844
vn -0.3939 0.0342 -0.9185
vn -0.5057 0.6735 -0.5391
vn -0.5555 0.6337 -0.5383
vn -0.6328 0.5566 -0.5383
vn -0.6994 0.4701 -0.5383
vn -0.7543 0.3758 -0.5383
vn -0.7966 0.2751 -0.5383
vn -0.8254 0.1698 -0.5383
vn -0.8361 0.1016 -0.5391
vn -0.8685 0.0905 -0.4873
vn -0.3251 0.4301 -0.8422
vn -0.3559 0.4060 -0.8417
vn -0.4054 0.3566 -0.8417
vn -0.4481 0.3012 -0.8417
vn -0.4833 0.2408 -0.8417
vn -0.5104 0.1763 -0.8417
vn -0.5289 0.1088 -0.8417
vn -0.5346 0.0697 -0.8422
vn -0.6077 0.0626 -0.7917
vn 0.4051 0.9142 -0.0091
vn 0.4044 0.9146 -0.0034
vn -0.3988 0.9170 -0.0094
vn -0.3982 0.9173 -0.0035
vn -0.3136 0.9442 0.1011
vn -0.3498 0.9334 -0.0806
vn -0.1893 0.9789 0.0766
vn -0.1901 0.9790 0.0731
vn -0.1100 0.9939 -0.0000
vn 0.0034 1.0000 -0.0000
vn 0.0504 0.9649 0.2579
vn -0.0454 0.9990 -0.0000
vn 0.3567 0.9325 0.0568
vn 0.3213 0.9459 -0.0452
vn 0.1968 0.9775 0.0759
vn 0.1960 0.9779 0.0723
vn 0.1168 0.9932 -0.0000
vn 0.9943 0.1063 -0.0091
vn 0.9942 0.1071 -0.0034
vn 0.5947 0.8039 -0.0094
vn 0.5953 0.8035 -0.0035
vn 0.6609 0.7437 0.1011
vn 0.6334 0.7696 -0.0806
vn 0.7531 0.6534 0.0766
vn 0.7528 0.6542 0.0731
vn 0.8058 0.5922 -0.0000
vn 0.8677 0.4970 -0.0000
vn 0.8608 0.4388 0.2579
vn 0.8424 0.5388 -0.0000
vn 0.9859 0.1573 0.0568
vn 0.9798 0.1947 -0.0452
vn 0.9449 0.3183 0.0759
vn 0.9449 0.3192 0.0723
vn 0.9185 0.3955 -0.0000
vn 0.5892 -0.8079 -0.0091
vn 0.5899 -0.8075 -0.0034
vn 0.9935 -0.1131 -0.0094
vn 0.9935 -0.1138 -0.0035
vn 0.9745 -0.2005 0.1011
vn 0.9832 -0.1638 -0.0806
vn 0.9424 -0.3255 0.0766
vn 0.9429 -0.3249 0.0731
vn 0.9158 -0.4017 -0.0000
vn 0.8643 -0.5030 -0.0000
vn 0.8104 -0.5261 0.2579
vn 0.8878 -0.4602 -0.0000
vn 0.6292 -0.7752 0.0568
vn 0.6585 -0.7512 -0.0452
vn 0.7482 -0.6592 0.0759
vn 0.7489 -0.6587 0.0723
vn 0.8017 -0.5977 -0.0000
vn -0.4051 -0.9142 -0.0091
vn -0.4044 -0.9146 -0.0034
vn 0.3988 -0.9170 -0.0094
vn 0.3982 -0.9173 -0.0035
vn 0.3136 -0.9442 0.1011
vn 0.3498 -0.9334 -0.0806
vn 0.1893 -0.9789 0.0766
vn 0.1901 -0.9790 0.0731
vn 0.1100 -0.9939 -0.0000
vn -0.0034 -1.0000 -0.0000
vn -0.0504 -0.9649 0.2579
vn 0.0454 -0.9990 -0.0000
vn -0.3567 -0.9325 0.0568
vn -0.3213 -0.9459 -0.0452
vn -0.1968 -0.9775 0.0759
vn -0.1960 -0.9779 0.0723
vn -0.1168 -0.9932 -0.0000
vn -0.9943 -0.1063 -0.0091
vn -0.9942 -0.1071 -0.0034
vn -0.5947 -0.8039 -0.0094
vn -0.5953 -0.8035 -0.0035
vn -0.6609 -0.7437 0.1011
vn -0.6334 -0.7696 -0.0806
vn -0.7531 -0.6534 0.0766
vn -0.7528 -0.6542 0.0731
vn -0.8058 -0.5922 -0.0000
vn -0.8677 -0.4970 -0.0000
vn -0.8608 -0.4388 0.2579
vn -0.8424 -0.5388 -0.0000
vn -0.9859 -0.1573 0.0568
vn -0.9798 -0.1947 -0.0452
vn -0.9449 -0.3183 0.0759
vn -0.9449 -0.3192 0.0723
vn -0.9185 -0.3955 -0.0000
vn -0.5892 0.8079 -0.0091
vn -0.5899 0.8075 -0.0034
vn -0.9935 0.1131 -0.0094
vn -0.9935 0.1138 -0.0035
vn -0.9745 0.2005 0.1011
vn -0.9832 0.1638 -0.0806
vn -0.9424 0.3255 0.0766
vn -0.9429 0.3249 0.0731
vn -0.9158 0.4017 -0.0000
vn -0.8643 0.5030 -0.0000
vn -0.8104 0.5261 0.2579
vn -0.8878 0.4602 -0.0000
vn -0.6292 0.7752 0.0568
vn -0.6585 0.7512 -0.0452
vn -0.7482 0.6592 0.0759
vn -0.7489 0.6587 0.0723
vn -0.8017 0.5977 -0.0000
vn -0.3988 0.9170 0.0091
vn -0.3981 0.9173 0.0034
vn -0.3504 0.9349 -0.0568
vn -0.3149 0.9481 0.0452
vn -0.1901 0.9788 -0.0759
vn -0.1894 0.9792 -0.0723
vn -0.0438 0.9652 -0.2579
vn 0.4051 0.9142 0.0094
vn 0.4044 0.9146 0.0035
vn 0.3200 0.9420 -0.1011
vn 0.3561 0.9310 0.0806
vn 0.1960 0.9776 -0.0766
vn 0.1968 0.9777 -0.0731
vn 0.0522 0.9986 -0.0000
vn 0.5947 0.8039 0.0091
vn 0.5954 0.8035 0.0034
vn 0.6345 0.7709 -0.0568
vn 0.6636 0.7467 0.0452
vn 0.7526 0.6540 -0.0759
vn 0.7534 0.6536 -0.0723
vn 0.8140 0.5206 -0.2579
vn 0.9943 0.1063 0.0094
vn 0.9943 0.1070 0.0035
vn 0.9758 0.1938 -0.1011
vn 0.9843 0.1570 0.0806
vn 0.9446 0.3191 -0.0766
vn 0.9451 0.3184 -0.0731
vn 0.8909 0.4541 -0.0000
vn 0.9935 -0.1131 0.0091
vn 0.9935 -0.1139 0.0034
vn 0.9848 -0.1640 -0.0568
vn 0.9785 -0.2013 0.0452
vn 0.9427 -0.3248 -0.0759
vn 0.9427 -0.3256 -0.0723
vn 0.8578 -0.4446 -0.2579
vn 0.5892 -0.8079 0.0094
vn 0.5898 -0.8075 0.0035
vn 0.6558 -0.7482 -0.1011
vn 0.6282 -0.7739 0.0806
vn 0.7486 -0.6585 -0.0766
vn 0.7483 -0.6593 -0.0731
vn 0.8387 -0.5445 -0.0000
vn 0.3988 -0.9170 0.0091
vn 0.3981 -0.9173 0.0034
vn 0.3504 -0.9349 -0.0568
vn 0.3149 -0.9481 0.0452
vn 0.1901 -0.9788 -0.0759
vn 0.1894 -0.9792 -0.0723
vn 0.0438 -0.9652 -0.2579
vn -0.4051 -0.9142 0.0094
vn -0.4044 -0.9146 0.0035
vn -0.3200 -0.9420 -0.1011
vn -0.3561 -0.9310 0.0806
vn -0.1960 -0.9776 -0.0766
vn -0.1968 -0.9777 -0.0731
vn -0.0522 -0.9986 -0.0000
vn -0.5947 -0.8039 0.0091
vn -0.5954 -0.8035 0.0034
vn -0.6345 -0.7709 -0.0568
vn -0.6636 -0.7467 0.0452
vn -0.7526 -0.6540 -0.0759
vn -0.7534 -0.6536 -0.0723
vn -0.8140 -0.5206 -0.2579
vn -0.9943 -0.1063 0.0094
vn -0.9943 -0.1070 0.0035
vn -0.9758 -0.1938 -0.1011
vn -0.9843 -0.1570 0.0806
vn -0.9446 -0.3191 -0.0766
vn -0.9451 -0.3184 -0.0731
vn -0.8909 -0.4541 -0.0000
vn -0.9935 0.1131 0.0091
vn -0.9935 0.1139 0.0034
vn -0.9848 0.1640 -0.0568
vn -0.9785 0.2013 0.0452
vn -0.9427 0.3248 -0.0759
vn -0.9427 0.3256 -0.0723
vn -0.8578 0.4446 -0.2579
vn -0.5892 0.8079 0.0094
vn -0.5898 0.8075 0.0035
vn -0.6558 0.7482 -0.1011
vn -0.6282 0.7739 0.0806
vn -0.7486 0.6585 -0.0766
vn -0.7483 0.6593 -0.0731
vn -0.8387 0.5445 -0.0000
vn 0.0567 0.1668 0.9844
vn 0.0346 0.1727 0.9844
vn 0.0120 0.1757 0.9844
vn -0.0108 0.1758 0.9844
vn -0.0334 0.1729 0.9844
vn -0.0334 0.1730 0.9844
vn -0.0555 0.1672 0.9844
vn -0.0675 0.1623 0.9844
vn -0.0622 0.1387 0.9884
vn -0.2563 0.5727 0.7787
vn -0.3877 0.8805 0.2727
vn -0.3561 0.8096 0.4666
vn -0.1083 0.9785 0.1758
vn -0.1869 0.9666 0.1754
vn -0.3103 0.9343 0.1754
vn -0.3926 0.9027 0.1757
vn -0.3742 0.9210 0.1086
vn 0.3613 0.7950 0.4874
vn 0.3928 0.8826 0.2582
vn -0.0435 0.9575 0.2850
vn -0.0604 0.9826 0.1754
vn 0.0514 0.9831 0.1756
vn 0.0659 0.9636 0.2590
vn 0.1150 0.9777 0.1758
vn 0.1935 0.9653 0.1754
vn 0.3167 0.9322 0.1754
vn 0.3872 0.9051 0.1758
vn 0.4031 0.9098 0.0985
vn 0.2534 0.5559 0.7917
vn 0.3062 0.6726 0.6737
vn 0.0731 0.1600 0.9844
vn 0.0498 0.1312 0.9901
vn 0.1698 0.3570 0.9185
vn 0.2103 0.4964 0.8422
vn 0.1737 0.5112 0.8417
vn 0.1061 0.5294 0.8417
vn 0.0368 0.5387 0.8417
vn -0.0331 0.5389 0.8417
vn -0.1025 0.5301 0.8417
vn -0.1702 0.5124 0.8417
vn -0.2065 0.4980 0.8422
vn -0.1797 0.3884 0.9038
vn 0.3354 0.7726 0.5391
vn 0.2711 0.7979 0.5383
vn 0.1657 0.8263 0.5383
vn 0.0575 0.8408 0.5383
vn -0.0517 0.8411 0.5383
vn -0.1600 0.8274 0.5383
vn -0.2656 0.7998 0.5383
vn -0.3251 0.7770 0.5391
vn -0.3130 0.7007 0.6412
vn 0.7932 0.5830 0.1758
vn 0.7436 0.6452 0.1754
vn 0.6540 0.7359 0.1754
vn 0.5855 0.7914 0.1757
vn 0.8691 0.0846 0.4873
vn 0.9608 0.1011 0.2582
vn 0.8075 0.5164 0.2850
vn 0.8208 0.5436 0.1754
vn 0.8771 0.4471 0.1756
vn 0.8675 0.4248 0.2590
vn 0.9042 0.3893 0.1758
vn 0.9327 0.3150 0.1754
vn 0.9656 0.1918 0.1754
vn 0.9774 0.1172 0.1758
vn 0.9895 0.1058 0.0985
vn 0.6081 0.0585 0.7917
vn 0.7356 0.0712 0.6737
vn 0.3941 0.0315 0.9185
vn 0.1362 0.0130 0.9906
vn 0.1742 0.0238 0.9844
vn 0.1728 0.0343 0.9844
vn 0.1669 0.0564 0.9844
vn 0.1582 0.0775 0.9844
vn 0.1469 0.0973 0.9844
vn 0.1331 0.1154 0.9844
vn 0.1170 0.1317 0.9844
vn 0.1068 0.1396 0.9844
vn 0.0890 0.1232 0.9884
vn 0.3678 0.5083 0.7787
vn 0.6105 0.7846 0.1086
vn 0.5687 0.7760 0.2727
vn 0.5231 0.7132 0.4666
vn 0.5351 0.0661 0.8422
vn 0.5296 0.1052 0.8417
vn 0.5116 0.1728 0.8417
vn 0.5115 0.1728 0.8417
vn 0.4849 0.2375 0.8417
vn 0.4502 0.2982 0.8417
vn 0.4078 0.3538 0.8417
vn 0.3587 0.4036 0.8417
vn 0.3281 0.4279 0.8422
vn 0.2466 0.3498 0.9038
vn 0.8368 0.0959 0.5391
vn 0.8266 0.1642 0.5383
vn 0.7984 0.2697 0.5383
vn 0.7569 0.3706 0.5383
vn 0.7026 0.4654 0.5383
vn 0.6365 0.5523 0.5383
vn 0.5598 0.6299 0.5383
vn 0.5103 0.6700 0.5391
vn 0.4503 0.6214 0.6412
vn 0.5864 -0.8040 0.0985
vn 0.5078 -0.7104 0.4873
vn 0.5680 -0.7815 0.2582
vn 0.3547 -0.4974 0.7917
vn 0.4294 -0.6015 0.6737
vn 0.2243 -0.3256 0.9185
vn 0.0793 -0.1114 0.9906
vn 0.1077 -0.1389 0.9844
vn 0.1161 -0.1325 0.9844
vn 0.1323 -0.1163 0.9844
vn 0.1462 -0.0983 0.9844
vn 0.1577 -0.0786 0.9844
vn 0.1665 -0.0575 0.9844
vn 0.1725 -0.0355 0.9844
vn 0.1743 -0.0227 0.9844
vn 0.1512 -0.0155 0.9884
vn 0.6300 -0.0639 0.7740
vn 0.9847 -0.1364 0.1086
vn 0.9564 -0.1045 0.2727
vn 0.8792 -0.0964 0.4666
vn 0.9781 -0.1113 0.1757
vn 0.9643 -0.1984 0.1754
vn 0.9305 -0.3214 0.1754
vn 0.5902 -0.7879 0.1758
vn 0.6489 -0.7403 0.1754
vn 0.7392 -0.6502 0.1754
vn 0.7892 -0.5884 0.1758
vn 0.8016 -0.5388 0.2590
vn 0.8257 -0.5361 0.1756
vn 0.8812 -0.4390 0.1754
vn 0.8510 -0.4411 0.2850
vn 0.9015 -0.3955 0.1758
vn 0.3248 -0.4304 0.8422
vn 0.3559 -0.4060 0.8417
vn 0.4054 -0.3566 0.8417
vn 0.4481 -0.3012 0.8417
vn 0.4833 -0.2408 0.8417
vn 0.5104 -0.1763 0.8417
vn 0.5289 -0.1088 0.8417
vn 0.5346 -0.0702 0.8422
vn 0.4262 -0.0386 0.9038
vn 0.5014 -0.6767 0.5391
vn 0.5555 -0.6337 0.5383
vn 0.6328 -0.5566 0.5383
vn 0.6994 -0.4701 0.5383
vn 0.7543 -0.3758 0.5383
vn 0.7966 -0.2751 0.5383
vn 0.8254 -0.1699 0.5383
vn 0.8354 -0.1069 0.5391
vn 0.7673 -0.0808 0.6361
vn -0.0567 -0.1668 0.9844
vn -0.0346 -0.1727 0.9844
vn -0.0120 -0.1757 0.9844
vn 0.0108 -0.1758 0.9844
vn 0.0334 -0.1729 0.9844
vn 0.0334 -0.1730 0.9844
vn 0.0555 -0.1672 0.9844
vn 0.0675 -0.1623 0.9844
vn 0.0622 -0.1387 0.9884
vn 0.2596 -0.5775 0.7740
vn 0.3877 -0.8805 0.2727
vn 0.3561 -0.8096 0.4666
vn 0.1083 -0.9785 0.1758
vn 0.1869 -0.9666 0.1754
vn 0.3103 -0.9343 0.1754
vn 0.3926 -0.9027 0.1757
vn 0.3742 -0.9210 0.1086
vn -0.3613 -0.7950 0.4873
vn -0.3928 -0.8826 0.2582
vn 0.0435 -0.9575 0.2850
vn 0.0604 -0.9826 0.1754
vn -0.0514 -0.9831 0.1756
vn -0.0659 -0.9636 0.2590
vn -0.1150 -0.9777 0.1758
vn -0.1935 -0.9653 0.1754
vn -0.3167 -0.9322 0.1754
vn -0.3872 -0.9051 0.1758
vn -0.4031 -0.9098 0.0985
vn -0.2534 -0.5559 0.7917
vn -0.3062 -0.6726 0.6737
vn -0.0731 -0.1600 0.9844
vn -0.0498 -0.1312 0.9901
vn -0.1698 -0.3570 0.9185
vn -0.2103 -0.4964 0.8422
vn -0.1737 -0.5112 0.8417
vn -0.1061 -0.5294 0.8417
vn -0.0368 -0.5387 0.8417
vn 0.0331 -0.5389 0.8417
vn 0.1025 -0.5301 0.8417
vn 0.1702 -0.5124 0.8417
vn 0.2065 -0.4980 0.8422
vn 0.1797 -0.3884 0.9038
vn -0.3354 -0.7726 0.5391
vn -0.2711 -0.7979 0.5383
vn -0.1657 -0.8263 0.5383
vn -0.0575 -0.8408 0.5383
vn 0.0517 -0.8411 0.5383
vn 0.1600 -0.8274 0.5383
vn 0.2656 -0.7998 0.5383
vn 0.3251 -0.7770 0.5391
vn 0.3137 -0.7049 0.6361
vn -0.7932 -0.5830 0.1758
vn -0.7436 -0.6452 0.1754
vn -0.6540 -0.7359 0.1754
vn -0.5855 -0.7914 0.1757
vn -0.8691 -0.0846 0.4873
vn -0.9608 -0.1011 0.2582
vn -0.8075 -0.5164 0.2850
vn -0.8208 -0.5436 0.1754
vn -0.8771 -0.4471 0.1756
vn -0.8675 -0.4248 0.2590
vn -0.9042 -0.3893 0.1758
vn -0.9327 -0.3150 0.1754
vn -0.9656 -0.1918 0.1754
vn -0.9774 -0.1172 0.1758
vn -0.9895 -0.1058 0.0985
vn -0.6081 -0.0585 0.7917
vn -0.7356 -0.0712 0.6737
vn -0.3941 -0.0315 0.9185
vn -0.1362 -0.0130 0.9906
vn -0.1742 -0.0238 0.9844
vn -0.1728 -0.0343 0.9844
vn -0.1669 -0.0564 0.9844
vn -0.1582 -0.0775 0.9844
vn -0.1469 -0.0973 0.9844
vn -0.1331 -0.1154 0.9844
vn -0.1170 -0.1317 0.9844
vn -0.1068 -0.1396 0.9844
vn -0.0890 -0.1232 0.9884
vn -0.3703 -0.5136 0.7740
vn -0.6105 -0.7846 0.1086
vn -0.5687 -0.7760 0.2727
vn -0.5231 -0.7132 0.4666
vn -0.5351 -0.0661 0.8422
vn -0.5296 -0.1052 0.8417
vn -0.5116 -0.1728 0.8417
vn -0.5115 -0.1728 0.8417
vn -0.4849 -0.2375 0.8417
vn -0.4502 -0.2982 0.8417
vn -0.4078 -0.3538 0.8417
vn -0.3587 -0.4036 0.8417
vn -0.3281 -0.4279 0.8422
vn -0.2466 -0.3498 0.9038
vn -0.8368 -0.0959 0.5391
vn -0.8266 -0.1642 0.5383
vn -0.7984 -0.2697 0.5383
vn -0.7569 -0.3706 0.5383
vn -0.7026 -0.4654 0.5383
vn -0.6365 -0.5523 0.5383
vn -0.5598 -0.6299 0.5383
vn -0.5103 -0.6700 0.5391
vn -0.4536 -0.6242 0.6361
vn -0.5864 0.8040 0.0985
vn -0.5078 0.7104 0.4873
vn -0.5680 0.7815 0.2582
vn -0.3547 0.4974 0.7917
vn -0.4294 0.6015 0.6737
vn -0.2243 0.3256 0.9185
vn -0.0793 0.1114 0.9906
vn -0.1077 0.1389 0.9844
vn -0.1161 0.1325 0.9844
vn -0.1323 0.1163 0.9844
vn -0.1462 0.0983 0.9844
vn -0.1577 0.0786 0.9844
vn -0.1665 0.0575 0.9844
vn -0.1725 0.0355 0.9844
vn -0.1743 0.0227 0.9844
vn -0.1512 0.0155 0.9884
vn -0.6241 0.0643 0.7787
vn -0.9847 0.1364 0.1086
vn -0.9564 0.1045 0.2727
vn -0.8792 0.0964 0.4666
vn -0.9781 0.1113 0.1757
vn -0.9643 0.1984 0.1754
vn -0.9305 0.3214 0.1754
vn -0.5902 0.7879 0.1758
vn -0.6489 0.7403 0.1754
vn -0.7392 0.6502 0.1754
vn -0.7892 0.5884 0.1758
vn -0.8016 0.5388 0.2590
vn -0.8257 0.5361 0.1756
vn -0.8812 0.4390 0.1754
vn -0.8510 0.4411 0.2850
vn -0.9015 0.3955 0.1758
vn -0.3248 0.4304 0.8422
vn -0.3559 0.4060 0.8417
vn -0.4054 0.3566 0.8417
vn -0.4481 0.3012 0.8417
vn -0.4833 0.2408 0.8417
vn -0.5104 0.1763 0.8417
vn -0.5289 0.1088 0.8417
vn -0.5346 0.0702 0.8422
vn -0.4262 0.0386 0.9038
vn -0.5014 0.6767 0.5391
vn -0.5555 0.6337 0.5383
vn -0.6328 0.5566 0.5383
vn -0.6994 0.4701 0.5383
vn -0.7543 0.3758 0.5383
vn -0.7966 0.2751 0.5383
vn -0.8254 0.1699 0.5383
vn -0.8354 0.1069 0.5391
vn -0.7633 0.0793 0.6412
vn 0.3983 0.9143 0.0739
vn 0.5986 -0.7966 0.0846
vn 0.4966 -0.8680 -0.0000
vn 0.4894 -0.8719 0.0167
vn 0.5119 -0.8590 -0.0014
vn 0.5261 -0.8504 0.0017
vn 0.5525 -0.8333 0.0214
vn -0.4704 0.8825 -0.0000
vn -0.4560 0.8899 0.0084
vn 0.5174 0.8557 0.0075
vn 0.4806 0.8733 0.0793
vn 0.4399 0.8783 0.1871
vn 0.4281 0.9002 0.0796
vn 0.6290 0.7743 0.0698
vn 0.5474 0.8369 -0.0009
vn 0.5312 0.8473 0.0003
vn 0.9897 0.0926 0.1095
vn 0.9874 0.0891 0.1307
vn 0.9999 0.0113 0.0051
vn 0.9890 -0.1125 0.0956
vn 0.9990 -0.0411 0.0166
vn 0.9998 -0.0189 -0.0024
vn 0.4017 0.9158 -0.0000
vn -0.4360 0.8999 -0.0000
vn -0.4503 0.8929 0.0006
vn 0.6191 0.7853 -0.0000
vn 0.9921 0.1253 -0.0000
vn 0.9872 0.1273 0.0962
vn 0.6188 -0.7856 -0.0000
vn 0.8679 -0.4967 -0.0000
vn 0.9898 -0.1427 -0.0000
vn 0.9881 -0.1106 0.1069
vn -0.3983 -0.9143 0.0739
vn -0.5525 0.8333 0.0214
vn -0.5986 0.7966 0.0846
vn -0.4966 0.8680 -0.0000
vn -0.4894 0.8719 0.0167
vn -0.5166 0.8562 -0.0053
vn 0.4704 -0.8825 -0.0000
vn 0.4560 -0.8899 0.0084
vn -0.5174 -0.8557 0.0075
vn -0.4806 -0.8733 0.0793
vn -0.4399 -0.8783 0.1871
vn -0.4281 -0.9002 0.0796
vn -0.6290 -0.7743 0.0698
vn -0.5474 -0.8369 -0.0009
vn -0.5312 -0.8473 0.0003
vn -0.9897 -0.0926 0.1095
vn -0.9874 -0.0891 0.1307
vn -0.9999 -0.0113 0.0051
vn -0.9890 0.1125 0.0956
vn -0.9990 0.0411 0.0166
vn -0.9998 0.0189 -0.0024
vn -0.4017 -0.9158 -0.0000
vn 0.4360 -0.8999 -0.0000
vn 0.4503 -0.8929 0.0006
vn -0.6191 -0.7853 -0.0000
vn -0.9921 -0.1253 -0.0000
vn -0.9872 -0.1273 0.0962
vn -0.6188 0.7856 -0.0000
vn -0.9898 0.1427 -0.0000
vn -0.9881 0.1106 0.1069
vn 0.2587 -0.9566 0.1342
vn 0.2149 -0.9633 -0.1606
vn 0.3021 -0.9174 -0.2591
vn 0.2627 -0.9023 -0.3418
vn 0.2379 -0.8755 -0.4207
vn 0.2401 -0.6860 0.6868
vn 0.2639 -0.7473 0.6098
vn 0.3017 -0.7752 0.5550
vn 0.2692 -0.8159 0.5117
vn 0.2377 -0.8757 0.4203
vn 0.2380 -0.9077 0.3455
vn 0.2371 -0.9096 0.3413
vn 0.2386 -0.9586 0.1556
vn 0.1911 -0.4584 0.8680
vn 0.1957 -0.4574 0.8675
vn 0.5802 -0.2493 0.7754
vn 0.2378 -0.6232 0.7450
vn 0.2590 -0.4637 0.8473
vn 0.2775 -0.4863 0.8286
vn 0.2217 -0.4093 0.8850
vn 0.2332 -0.4005 0.8861
vn 0.2418 -0.1366 0.9607
vn 0.2635 -0.0503 0.9634
vn 0.3232 0.3359 0.8847
vn 0.2226 0.4208 0.8794
vn 0.1886 0.4328 0.8815
vn 0.3450 0.3973 0.8503
vn 0.2373 0.5584 0.7949
vn 0.2582 0.6565 0.7088
vn 0.2443 0.6116 0.7525
vn 0.2304 0.3761 0.8975
vn 0.2599 0.4071 0.8756
vn 0.2290 0.1215 0.9658
vn 0.2379 0.7270 0.6441
vn 0.4065 0.7633 0.5021
vn 0.2956 0.7237 0.6236
vn -0.4491 -0.8848 0.1245
vn -0.4460 -0.7269 0.5222
vn 0.9492 0.2342 0.2102
vn 0.7017 0.5325 0.4734
vn 0.3358 0.7049 0.6248
vn 0.3518 0.7005 0.6209
vn 0.1233 0.7430 0.6578
vn 0.1054 0.7446 0.6592
vn -0.1086 0.7446 0.6586
vn -0.2250 0.7300 0.6453
vn -0.2108 0.7324 0.6474
vn -0.0665 0.7473 0.6611
vn 0.0602 0.7475 0.6616
vn 0.4022 0.6850 0.6074
vn 0.5216 0.6382 0.5663
vn 0.1216 0.7432 0.6580
vn 0.1215 0.7432 0.6580
vn -0.3873 0.6910 0.6103
vn -0.1352 0.7422 0.6564
vn 0.3733 0.6942 0.6154
vn 0.7638 0.4822 0.4290
vn 0.7638 0.4823 0.4290
vn 0.8736 0.3631 0.3239
vn 0.6055 0.5951 0.5284
vn 0.1288 0.7425 0.6574
vn -0.3349 0.7061 0.6238
vn -0.3349 0.7061 0.6239
vn -0.6935 0.5406 0.4762
vn -0.7183 0.5221 0.4598
vn -0.4145 0.6822 0.6024
vn -0.4145 0.6821 0.6024
vn -0.0169 0.7488 0.6625
vn -0.0169 0.7488 0.6626
vn 0.2229 0.7301 0.6460
vn 0.2221 0.7302 0.6461
vn 0.4902 0.6520 0.5784
vn 0.5325 0.6331 0.5618
vn 0.0240 0.7486 0.6625
vn -0.4412 0.6727 0.5939
vn -0.4423 0.3485 0.8263
vn 0.0228 0.3870 0.9218
vn 0.5314 0.3265 0.7817
vn 0.4891 0.3363 0.8048
vn 0.2216 0.3783 0.8988
vn 0.2199 0.3752 0.9005
vn -0.0181 0.3872 0.9218
vn -0.4156 0.3533 0.8381
vn -0.4156 0.3534 0.8381
vn -0.7192 0.2711 0.6398
vn -0.6944 0.2806 0.6626
vn -0.3361 0.3657 0.8680
vn 0.1276 0.3837 0.9146
vn 0.6045 0.3067 0.7352
vn 0.8730 0.1863 0.4507
vn 0.7630 0.2481 0.5969
vn 0.3722 0.3583 0.8562
vn -0.1364 0.3840 0.9132
vn -0.3885 0.3579 0.8491
vn 0.1203 0.3841 0.9154
vn 0.1203 0.3840 0.9154
vn 0.5206 0.3291 0.7879
vn 0.5206 0.3291 0.7878
vn 0.4011 0.3535 0.8451
vn 0.0590 0.3864 0.9205
vn -0.0677 0.3865 0.9198
vn -0.2120 0.3790 0.9008
vn -0.2262 0.3778 0.8978
vn -0.1099 0.3852 0.9163
vn 0.1042 0.3848 0.9171
vn 0.1221 0.3840 0.9152
vn 0.3506 0.3616 0.8639
vn 0.3346 0.3639 0.8692
vn 0.7008 0.2742 0.6586
vn 0.9488 0.1196 0.2924
vn -0.4437 -0.0444 0.8951
vn 0.0213 -0.0512 0.9985
vn 0.5301 -0.0452 0.8467
vn 0.4878 -0.0463 0.8717
vn 0.2200 -0.0508 0.9742
vn 0.2214 -0.0511 0.9738
vn -0.0196 -0.0511 0.9985
vn -0.4170 -0.0451 0.9078
vn -0.7202 -0.0331 0.6930
vn -0.6955 -0.0344 0.7177
vn -0.3375 -0.0470 0.9401
vn -0.3375 -0.0470 0.9402
vn 0.1261 -0.0512 0.9907
vn 0.6033 -0.0429 0.7964
vn 0.8723 -0.0280 0.4882
vn 0.7620 -0.0357 0.6466
vn 0.3708 -0.0488 0.9274
vn -0.1379 -0.0502 0.9892
vn -0.3899 -0.0458 0.9197
vn 0.1188 -0.0512 0.9916
vn 0.5193 -0.0455 0.8534
vn 0.3997 -0.0483 0.9154
vn 0.0575 -0.0513 0.9970
vn -0.0692 -0.0508 0.9963
vn -0.2135 -0.0493 0.9757
vn -0.2277 -0.0491 0.9725
vn -0.1113 -0.0505 0.9925
vn 0.1027 -0.0513 0.9934
vn 0.1206 -0.0512 0.9914
vn 0.3492 -0.0491 0.9357
vn 0.3332 -0.0494 0.9416
vn 0.6997 -0.0389 0.7134
vn 0.9483 -0.0195 0.3167
vn -0.4450 -0.4282 0.7865
vn 0.0199 -0.4794 0.8774
vn 0.5289 -0.4083 0.7440
vn 0.4866 -0.4201 0.7660
vn 0.4865 -0.4201 0.7660
vn 0.2187 -0.4692 0.8556
vn 0.2185 -0.4694 0.8555
vn -0.0210 -0.4793 0.8774
vn -0.4183 -0.4343 0.7977
vn -0.4183 -0.4344 0.7977
vn -0.7212 -0.3302 0.6090
vn -0.7212 -0.3302 0.6089
vn -0.6965 -0.3422 0.6307
vn -0.3389 -0.4502 0.8261
vn 0.1247 -0.4760 0.8706
vn 0.1247 -0.4760 0.8705
vn 0.6021 -0.3843 0.6998
vn 0.6021 -0.3844 0.6998
vn 0.8716 -0.2373 0.4290
vn 0.7611 -0.3130 0.5682
vn 0.3694 -0.4465 0.8150
vn -0.1393 -0.4744 0.8692
vn -0.3912 -0.4402 0.8082
vn 0.1174 -0.4764 0.8713
vn 0.5180 -0.4114 0.7499
vn 0.3984 -0.4408 0.8044
vn 0.0560 -0.4788 0.8761
vn -0.0707 -0.4780 0.8755
vn -0.2149 -0.4677 0.8574
vn -0.2291 -0.4661 0.8546
vn -0.1128 -0.4761 0.8721
vn 0.1012 -0.4772 0.8729
vn 0.1191 -0.4763 0.8712
vn 0.3479 -0.4504 0.8223
vn 0.3318 -0.4531 0.8274
vn 0.6987 -0.3448 0.6269
vn 0.9479 -0.1553 0.2783
vn -0.4553 -0.8318 0.3174
vn -0.3116 -0.9360 0.1639
vn 0.0181 -0.9849 0.1723
vn 0.5274 -0.8369 0.1461
vn 0.4851 -0.8615 0.1504
vn 0.2161 -0.9617 0.1687
vn 0.2170 -0.9615 0.1689
vn -0.0228 -0.9848 0.1723
vn -0.4199 -0.8940 0.1566
vn -0.7224 -0.6810 0.1196
vn -0.6978 -0.7055 0.1238
vn -0.3405 -0.9261 0.1622
vn 0.1230 -0.9776 0.1710
vn 0.6007 -0.7875 0.1374
vn 0.8707 -0.4845 0.0842
vn 0.7599 -0.6403 0.1116
vn 0.3678 -0.9160 0.1600
vn -0.1410 -0.9752 0.1707
vn -0.3928 -0.9058 0.1587
vn 0.1157 -0.9784 0.1711
vn 0.5166 -0.8435 0.1473
vn 0.3968 -0.9042 0.1580
vn 0.0543 -0.9836 0.1720
vn -0.0724 -0.9824 0.1719
vn -0.2166 -0.9616 0.1684
vn -0.2308 -0.9584 0.1678
vn -0.1145 -0.9785 0.1713
vn 0.0995 -0.9802 0.1714
vn 0.1174 -0.9782 0.1711
vn 0.3462 -0.9241 0.1615
vn 0.3302 -0.9298 0.1625
vn 0.6974 -0.7060 0.1231
vn 0.9473 -0.3156 0.0547
vn 0.9473 -0.3084 -0.0863
vn 0.6975 -0.6897 -0.1944
vn 0.3303 -0.9083 -0.2566
vn 0.3463 -0.9028 -0.2550
vn 0.1175 -0.9556 -0.2701
vn 0.0996 -0.9575 -0.2707
vn -0.1144 -0.9559 -0.2704
vn -0.2307 -0.9362 -0.2650
vn -0.2165 -0.9394 -0.2659
vn -0.0723 -0.9597 -0.2715
vn 0.0544 -0.9609 -0.2717
vn 0.3969 -0.8833 -0.2494
vn 0.5166 -0.8240 -0.2325
vn 0.1158 -0.9558 -0.2702
vn -0.3927 -0.8849 -0.2506
vn -0.1410 -0.9526 -0.2695
vn 0.3679 -0.8949 -0.2527
vn 0.7600 -0.6256 -0.1762
vn 0.8708 -0.4733 -0.1330
vn 0.6008 -0.7694 -0.2170
vn 0.1231 -0.9550 -0.2699
vn -0.3404 -0.9047 -0.2562
vn -0.6977 -0.6892 -0.1956
vn -0.7224 -0.6652 -0.1888
vn -0.4198 -0.8733 -0.2473
vn -0.4198 -0.8732 -0.2474
vn -0.0227 -0.9620 -0.2721
vn 0.2167 -0.9397 -0.2646
vn 0.2165 -0.9398 -0.2643
vn 0.4851 -0.8416 -0.2375
vn 0.5275 -0.8176 -0.2307
vn 0.0182 -0.9621 -0.2721
vn -0.4465 -0.8609 -0.2439
vn 0.0187 -0.8126 0.5825
vn 0.5279 -0.6908 0.4940
vn 0.4856 -0.7110 0.5086
vn 0.2172 -0.7939 0.5679
vn 0.2166 -0.7919 0.5709
vn -0.0222 -0.8125 0.5825
vn -0.0222 -0.8125 0.5826
vn -0.4194 -0.7373 0.5296
vn -0.7220 -0.5615 0.4043
vn -0.6974 -0.5817 0.4187
vn -0.3399 -0.7639 0.5485
vn 0.1236 -0.8066 0.5780
vn 0.6012 -0.6501 0.4646
vn 0.8710 -0.4002 0.2848
vn 0.7603 -0.5288 0.3772
vn 0.3684 -0.7560 0.5411
vn -0.1405 -0.8045 0.5771
vn -0.3923 -0.7471 0.5366
vn -0.3922 -0.7471 0.5366
vn 0.1163 -0.8074 0.5785
vn 0.1163 -0.8073 0.5785
vn 0.5171 -0.6962 0.4979
vn 0.3974 -0.7463 0.5340
vn 0.0549 -0.8116 0.5817
vn -0.0718 -0.8105 0.5813
vn -0.2160 -0.7933 0.5692
vn -0.2302 -0.7906 0.5674
vn -0.1139 -0.8073 0.5791
vn -0.1139 -0.8073 0.5790
vn 0.1001 -0.8088 0.5796
vn 0.1180 -0.8072 0.5784
vn 0.3468 -0.7627 0.5459
vn 0.3308 -0.7674 0.5493
vn 0.6979 -0.5829 0.4162
vn 0.9475 -0.2609 0.1848
vn 0.2653 0.9548 -0.1342
vn 0.2214 0.9619 0.1606
vn 0.3084 0.9153 0.2591
vn 0.2689 0.9005 0.3419
vn 0.2438 0.8738 0.4207
vn 0.2447 0.6844 -0.6868
vn 0.2690 0.7455 -0.6098
vn 0.3070 0.7731 -0.5550
vn 0.2748 0.8140 -0.5117
vn 0.2437 0.8741 -0.4203
vn 0.2442 0.9061 -0.3455
vn 0.2433 0.9079 -0.3413
vn 0.2452 0.9569 -0.1556
vn 0.1848 0.4241 -0.8866
vn 0.3810 0.3798 -0.8430
vn 0.2356 0.5543 -0.7983
vn 0.2420 0.6216 -0.7450
vn 0.2622 0.4620 -0.8473
vn 0.2808 0.4844 -0.8286
vn 0.2249 0.4106 -0.8836
vn 0.2370 0.4010 -0.8849
vn 0.2411 0.1003 -0.9653
vn 0.2583 0.0486 -0.9649
vn 0.3252 -0.3241 -0.8884
vn 0.2167 -0.4052 -0.8882
vn 0.5654 -0.2562 -0.7840
vn 0.1999 -0.4673 -0.8612
vn 0.1953 -0.4684 -0.8617
vn 0.2537 -0.6582 -0.7088
vn 0.2401 -0.6132 -0.7525
vn 0.2278 -0.3777 -0.8975
vn 0.2492 -0.4005 -0.8818
vn 0.2359 -0.1418 -0.9614
vn 0.2330 -0.7286 -0.6441
vn 0.4013 -0.7661 -0.5021
vn 0.2906 -0.7257 -0.6236
vn -0.4430 0.8878 -0.1245
vn -0.4410 0.7299 -0.5222
vn 0.9476 -0.2407 -0.2101
vn 0.6980 -0.5373 -0.4733
vn 0.6980 -0.5373 -0.4734
vn 0.3310 -0.7072 -0.6248
vn 0.3470 -0.7029 -0.6209
vn 0.1182 -0.7438 -0.6578
vn 0.1003 -0.7453 -0.6592
vn -0.1137 -0.7439 -0.6586
vn -0.2300 -0.7285 -0.6453
vn -0.2158 -0.7309 -0.6474
vn -0.0716 -0.7469 -0.6611
vn 0.0551 -0.7478 -0.6616
vn 0.3976 -0.6878 -0.6074
vn 0.5173 -0.6417 -0.5663
vn 0.1165 -0.7440 -0.6580
vn -0.3920 -0.6884 -0.6103
vn -0.3921 -0.6884 -0.6103
vn -0.1402 -0.7413 -0.6564
vn -0.1403 -0.7413 -0.6564
vn 0.3686 -0.6967 -0.6154
vn 0.7605 -0.4875 -0.4290
vn 0.7605 -0.4874 -0.4291
vn 0.8711 -0.3690 -0.3239
vn 0.6014 -0.5992 -0.5284
vn 0.1238 -0.7433 -0.6574
vn -0.3397 -0.7038 -0.6238
vn -0.3397 -0.7039 -0.6238
vn -0.6972 -0.5358 -0.4762
vn -0.7219 -0.5172 -0.4598
vn -0.4191 -0.6793 -0.6024
vn -0.0220 -0.7487 -0.6626
vn -0.0220 -0.7487 -0.6625
vn 0.2167 -0.7301 -0.6481
vn 0.2171 -0.7324 -0.6454
vn 0.4858 -0.6553 -0.5784
vn 0.5281 -0.6367 -0.5618
vn 0.0189 -0.7488 -0.6625
vn -0.4458 -0.6697 -0.5939
vn -0.4447 -0.3455 -0.8263
vn 0.0202 -0.3872 -0.9218
vn 0.5292 -0.3301 -0.7817
vn 0.4868 -0.3396 -0.8048
vn 0.2179 -0.3785 -0.8996
vn 0.2190 -0.3795 -0.8989
vn -0.0207 -0.3871 -0.9218
vn -0.4180 -0.3506 -0.8381
vn -0.4180 -0.3505 -0.8381
vn -0.7210 -0.2662 -0.6398
vn -0.7210 -0.2662 -0.6397
vn -0.6963 -0.2759 -0.6626
vn -0.3386 -0.3633 -0.8680
vn -0.3386 -0.3634 -0.8679
vn 0.1250 -0.3845 -0.9146
vn 0.6024 -0.3108 -0.7352
vn 0.8717 -0.1922 -0.4507
vn 0.7613 -0.2533 -0.5969
vn 0.3697 -0.3608 -0.8562
vn -0.1390 -0.3830 -0.9132
vn -0.1390 -0.3831 -0.9132
vn -0.3909 -0.3553 -0.8491
vn 0.1177 -0.3849 -0.9154
vn 0.5183 -0.3326 -0.7878
vn 0.3987 -0.3563 -0.8451
vn 0.0563 -0.3868 -0.9205
vn -0.0704 -0.3860 -0.9198
vn -0.2146 -0.3776 -0.9008
vn -0.2288 -0.3763 -0.8978
vn -0.1125 -0.3844 -0.9163
vn 0.1015 -0.3855 -0.9171
vn 0.1194 -0.3848 -0.9152
vn 0.3482 -0.3640 -0.8639
vn 0.3321 -0.3662 -0.8692
vn 0.6989 -0.2790 -0.6586
vn 0.9480 -0.1260 -0.2924
vn -0.4434 0.0474 -0.8951
vn 0.0217 0.0511 -0.9985
vn 0.5304 0.0416 -0.8467
vn 0.4881 0.0430 -0.8717
vn 0.2204 0.0493 -0.9742
vn 0.2207 0.0493 -0.9741
vn -0.0192 0.0512 -0.9985
vn -0.4167 0.0480 -0.9078
vn -0.4166 0.0479 -0.9078
vn -0.7200 0.0380 -0.6929
vn -0.7200 0.0380 -0.6930
vn -0.6952 0.0392 -0.7177
vn -0.3372 0.0493 -0.9401
vn -0.3372 0.0493 -0.9402
vn 0.1265 0.0503 -0.9907
vn 0.6036 0.0388 -0.7964
vn 0.8725 0.0220 -0.4882
vn 0.7622 0.0305 -0.6466
vn 0.3711 0.0463 -0.9274
vn -0.1376 0.0512 -0.9892
vn -0.1375 0.0512 -0.9892
vn -0.3895 0.0485 -0.9197
vn 0.1192 0.0504 -0.9916
vn 0.5196 0.0420 -0.8534
vn 0.4001 0.0455 -0.9154
vn 0.0578 0.0509 -0.9970
vn -0.0689 0.0513 -0.9963
vn -0.2132 0.0507 -0.9757
vn -0.2274 0.0506 -0.9725
vn -0.1110 0.0512 -0.9925
vn 0.1030 0.0506 -0.9934
vn 0.1209 0.0504 -0.9914
vn 0.3496 0.0468 -0.9357
vn 0.3336 0.0471 -0.9416
vn 0.7000 0.0342 -0.7134
vn 0.9484 0.0130 -0.3167
vn -0.4421 0.4312 -0.7865
vn 0.0231 0.4792 -0.8774
vn 0.5317 0.4047 -0.7440
vn 0.4894 0.4168 -0.7660
vn 0.2219 0.4679 -0.8555
vn 0.2205 0.4666 -0.8565
vn -0.0178 0.4794 -0.8774
vn -0.4153 0.4372 -0.7977
vn -0.7190 0.3351 -0.6089
vn -0.6942 0.3469 -0.6307
vn -0.3358 0.4525 -0.8261
vn 0.1279 0.4752 -0.8705
vn 0.1279 0.4751 -0.8706
vn 0.6047 0.3803 -0.6998
vn 0.6047 0.3802 -0.6998
vn 0.8732 0.2314 -0.4290
vn 0.8732 0.2314 -0.4289
vn 0.7632 0.3078 -0.5682
vn 0.3725 0.4439 -0.8150
vn -0.1361 0.4753 -0.8692
vn -0.3882 0.4428 -0.8082
vn -0.3882 0.4429 -0.8082
vn 0.1206 0.4756 -0.8713
vn 0.5208 0.4079 -0.7499
vn 0.4014 0.4381 -0.8044
vn 0.0593 0.4784 -0.8761
vn -0.0674 0.4785 -0.8755
vn -0.2117 0.4691 -0.8574
vn -0.2259 0.4676 -0.8546
vn -0.1095 0.4768 -0.8721
vn 0.1045 0.4765 -0.8729
vn 0.1224 0.4755 -0.8712
vn 0.3509 0.4480 -0.8223
vn 0.3349 0.4509 -0.8274
vn 0.7010 0.3401 -0.6269
vn 0.9489 0.1488 -0.2783
vn -0.4496 0.8349 -0.3174
vn -0.3052 0.9381 -0.1639
vn 0.0249 0.9847 -0.1723
vn 0.5331 0.8333 -0.1461
vn 0.4909 0.8581 -0.1504
vn 0.2224 0.9602 -0.1691
vn 0.2240 0.9599 -0.1684
vn -0.0161 0.9849 -0.1723
vn -0.0160 0.9849 -0.1723
vn -0.4137 0.8968 -0.1567
vn -0.4138 0.8968 -0.1566
vn -0.7178 0.6859 -0.1196
vn -0.7178 0.6860 -0.1196
vn -0.6929 0.7103 -0.1238
vn -0.3342 0.9284 -0.1622
vn 0.1296 0.9767 -0.1710
vn 0.6061 0.7834 -0.1374
vn 0.8740 0.4785 -0.0842
vn 0.7643 0.6351 -0.1116
vn 0.3741 0.9135 -0.1600
vn -0.1344 0.9761 -0.1707
vn -0.3866 0.9085 -0.1587
vn 0.1223 0.9776 -0.1711
vn 0.5223 0.8399 -0.1473
vn 0.4030 0.9015 -0.1580
vn 0.0610 0.9832 -0.1720
vn -0.0657 0.9829 -0.1719
vn -0.2100 0.9631 -0.1684
vn -0.2243 0.9600 -0.1678
vn -0.1078 0.9793 -0.1713
vn 0.1062 0.9795 -0.1714
vn 0.1241 0.9774 -0.1711
vn 0.3525 0.9218 -0.1615
vn 0.3366 0.9275 -0.1625
vn 0.7022 0.7012 -0.1231
vn 0.9494 0.3091 -0.0546
vn 0.9494 0.3019 0.0863
vn 0.7022 0.6850 0.1944
vn 0.3365 0.9061 0.2566
vn 0.3525 0.9004 0.2550
vn 0.1240 0.9548 0.2701
vn 0.1061 0.9568 0.2707
vn -0.1079 0.9567 0.2704
vn -0.2243 0.9378 0.2650
vn -0.2101 0.9408 0.2659
vn -0.0658 0.9602 0.2715
vn 0.0609 0.9605 0.2717
vn 0.4029 0.8806 0.2494
vn 0.5222 0.8205 0.2325
vn 0.1223 0.9550 0.2702
vn -0.3867 0.8875 0.2506
vn -0.1345 0.9536 0.2695
vn 0.3740 0.8923 0.2527
vn 0.7642 0.6204 0.1762
vn 0.7643 0.6204 0.1762
vn 0.8740 0.4674 0.1330
vn 0.6060 0.7653 0.2170
vn 0.1296 0.9541 0.2699
vn -0.3342 0.9070 0.2562
vn -0.6930 0.6939 0.1956
vn -0.7178 0.6702 0.1888
vn -0.7178 0.6701 0.1888
vn -0.4139 0.8761 0.2473
vn -0.4138 0.8761 0.2474
vn -0.0161 0.9621 0.2721
vn 0.2236 0.9380 0.2648
vn 0.2234 0.9377 0.2660
vn 0.4908 0.8382 0.2375
vn 0.5331 0.8140 0.2307
vn 0.0248 0.9620 0.2721
vn -0.4406 0.8639 0.2439
vn 0.0243 0.8124 -0.5825
vn 0.0243 0.8125 -0.5825
vn 0.5326 0.6872 -0.4940
vn 0.4904 0.7077 -0.5086
vn 0.2218 0.7915 -0.5695
vn 0.2223 0.7926 -0.5678
vn -0.0166 0.8126 -0.5825
vn -0.0166 0.8126 -0.5826
vn -0.4143 0.7402 -0.5296
vn -0.7182 0.5664 -0.4043
vn -0.6934 0.5864 -0.4187
vn -0.3347 0.7662 -0.5485
vn 0.1291 0.8058 -0.5780
vn 0.6056 0.6460 -0.4646
vn 0.8737 0.3943 -0.2848
vn 0.7639 0.5236 -0.3772
vn 0.3735 0.7535 -0.5411
vn -0.1350 0.8054 -0.5771
vn -0.3871 0.7498 -0.5366
vn 0.1218 0.8065 -0.5785
vn 0.5218 0.6927 -0.4979
vn 0.4024 0.7435 -0.5340
vn 0.0604 0.8112 -0.5817
vn -0.0663 0.8110 -0.5813
vn -0.2106 0.7947 -0.5692
vn -0.2248 0.7922 -0.5674
vn -0.1084 0.8081 -0.5790
vn 0.1056 0.8080 -0.5796
vn 0.1056 0.8081 -0.5796
vn 0.1235 0.8064 -0.5784
vn 0.3520 0.7603 -0.5459
vn 0.3360 0.7651 -0.5493
vn 0.7018 0.5781 -0.4162
vn 0.9493 0.2545 -0.1848
vn -0.6990 -0.7024 0.1342
vn -0.7268 -0.6678 -0.1606
vn -0.6434 -0.7203 -0.2591
vn -0.6500 -0.6787 -0.3419
vn -0.6392 -0.6437 -0.4207
vn -0.4741 -0.5509 0.6868
vn -0.5153 -0.6022 0.6098
vn -0.5205 -0.6489 0.5550
vn -0.5720 -0.6411 0.5117
vn -0.6395 -0.6437 0.4203
vn -0.6671 -0.6600 0.3455
vn -0.6692 -0.6601 0.3413
vn -0.7108 -0.6859 0.1556
vn -0.3013 -0.3946 0.8681
vn -0.2982 -0.3980 0.8676
vn 0.1092 -0.6425 0.7585
vn -0.4208 -0.5176 0.7450
vn -0.2721 -0.4562 0.8473
vn -0.2824 -0.4835 0.8286
vn 0.6042 -0.0526 0.7951
vn 0.4150 0.0434 0.9088
vn 0.6976 0.1046 0.7088
vn -0.2284 -0.3847 0.8943
vn -0.2212 -0.3881 0.8947
vn 0.0663 -0.2494 0.9661
vn 0.0840 -0.2462 0.9656
vn 0.2492 -0.1306 0.9596
vn 0.4713 -0.0188 0.8818
vn 0.4425 -0.1226 0.8884
vn 0.4593 0.0117 0.8882
vn 0.5021 -0.3672 0.7830
vn 0.5042 0.0570 0.8617
vn 0.5029 0.0615 0.8622
vn 0.7486 0.1575 0.6441
vn 0.8643 0.0296 0.5021
vn 0.7745 0.1059 0.6236
vn -0.9908 -0.0535 0.1245
vn -0.8525 0.0228 0.5222
vn 0.6775 -0.7049 0.2101
vn 0.8120 -0.3414 0.4734
vn 0.7784 0.0616 0.6248
vn 0.7825 0.0456 0.6209
vn 0.7051 0.2647 0.6578
vn 0.6975 0.2810 0.6592
vn 0.5906 0.4664 0.6586
vn 0.5197 0.5599 0.6453
vn 0.5289 0.5488 0.6474
vn 0.5288 0.5488 0.6474
vn 0.6140 0.4313 0.6611
vn 0.6774 0.3216 0.6616
vn 0.7944 -0.0058 0.6074
vn 0.8135 -0.1327 0.5663
vn 0.7044 0.2663 0.6580
vn 0.4048 0.6810 0.6103
vn 0.5752 0.4882 0.6564
vn 0.7879 0.0238 0.6154
vn 0.7995 -0.4203 0.4290
vn 0.7513 -0.5750 0.3239
vn 0.8181 -0.2268 0.5284
vn 0.8181 -0.2268 0.5285
vn 0.7074 0.2596 0.6574
vn 0.4441 0.6431 0.6238
vn 0.1214 0.8709 0.4762
vn 0.0930 0.8831 0.4598
vn 0.3835 0.7001 0.6024
vn 0.3835 0.7000 0.6024
vn 0.6400 0.3890 0.6626
vn 0.6401 0.3890 0.6625
vn 0.7415 0.1725 0.6484
vn 0.7443 0.1720 0.6453
vn 0.8098 -0.0985 0.5784
vn 0.8145 -0.1446 0.5618
vn 0.6604 0.3535 0.6625
vn 0.3620 0.7185 0.5939
vn 0.0807 0.5574 0.8263
vn 0.3466 0.1738 0.9218
vn 0.5484 -0.2970 0.7817
vn 0.5358 -0.2554 0.8048
vn 0.5358 -0.2555 0.8048
vn 0.4373 -0.0035 0.8993
vn 0.4378 -0.0033 0.8991
vn 0.3263 0.2093 0.9218
vn 0.0982 0.5366 0.8381
vn 0.0983 0.5366 0.8381
vn -0.1248 0.7584 0.6398
vn -0.1042 0.7417 0.6626
vn 0.1486 0.4739 0.8680
vn 0.3961 0.0813 0.9146
vn 0.5678 -0.3701 0.7352
vn 0.5679 -0.3701 0.7352
vn 0.5979 -0.6629 0.4507
vn 0.5978 -0.6629 0.4507
vn 0.5963 -0.5367 0.5969
vn 0.4964 -0.1432 0.8562
vn 0.2643 0.3101 0.9132
vn 0.1157 0.5154 0.8491
vn 0.3928 0.0878 0.9154
vn 0.3927 0.0878 0.9154
vn 0.5453 -0.2863 0.7878
vn 0.5453 -0.2863 0.7879
vn 0.5067 -0.1706 0.8451
vn 0.3641 0.1421 0.9205
vn 0.3009 0.2519 0.9198
vn 0.2222 0.3731 0.9008
vn 0.2141 0.3848 0.8978
vn 0.2786 0.2877 0.9163
vn 0.3853 0.1022 0.9171
vn 0.3935 0.0863 0.9152
vn 0.4885 -0.1229 0.8639
vn 0.4825 -0.1078 0.8692
vn 0.5878 -0.4698 0.6586
vn 0.5779 -0.7619 0.2924
vn -0.2603 0.3621 0.8951
vn -0.0337 -0.0441 0.9985
vn 0.2259 -0.4817 0.8467
vn 0.2038 -0.4456 0.8717
vn 0.0658 -0.2155 0.9743
vn 0.0662 -0.2153 0.9743
vn -0.0541 -0.0086 0.9985
vn -0.0540 -0.0086 0.9985
vn -0.2475 0.3385 0.9078
vn -0.3887 0.6072 0.6930
vn -0.3775 0.5851 0.7177
vn -0.2095 0.2688 0.9402
vn -0.2095 0.2688 0.9401
vn 0.0187 -0.1348 0.9907
vn 0.2645 -0.5439 0.7964
vn 0.4119 -0.7694 0.4882
vn 0.3501 -0.6778 0.6466
vn 0.1431 -0.3455 0.9274
vn -0.1124 0.0943 0.9892
vn -0.2346 0.3147 0.9197
vn 0.0151 -0.1285 0.9916
vn 0.2202 -0.4725 0.8534
vn 0.1581 -0.3703 0.9154
vn -0.0157 -0.0754 0.9970
vn -0.0786 0.0345 0.9963
vn -0.1494 0.1603 0.9757
vn -0.1563 0.1727 0.9725
vn -0.0994 0.0712 0.9925
vn 0.0070 -0.1146 0.9934
vn 0.0159 -0.1300 0.9914
vn 0.1321 -0.3270 0.9357
vn 0.1238 -0.3133 0.9416
vn 0.3161 -0.6254 0.7134
vn 0.4573 -0.8310 0.3167
vn -0.5933 0.1713 0.7865
vn -0.4052 -0.2569 0.8774
vn -0.0891 -0.6622 0.7440
vn -0.1206 -0.6314 0.7660
vn -0.2955 -0.4236 0.8563
vn -0.2978 -0.4227 0.8559
vn -0.4256 -0.2214 0.8774
vn -0.5853 0.1450 0.7977
vn -0.5853 0.1451 0.7977
vn -0.6466 0.4595 0.6089
vn -0.6446 0.4321 0.6307
vn -0.5593 0.0684 0.8261
vn -0.3499 -0.3460 0.8706
vn -0.0318 -0.7136 0.6998
vn 0.2303 -0.8735 0.4290
vn 0.1095 -0.8156 0.5682
vn -0.2020 -0.5432 0.8150
vn -0.4805 -0.1165 0.8692
vn -0.5768 0.1187 0.8082
vn -0.3539 -0.3399 0.8713
vn -0.0973 -0.6544 0.7499
vn -0.1825 -0.5654 0.8044
vn -0.3867 -0.2879 0.8761
vn -0.4493 -0.1778 0.8755
vn -0.5125 -0.0477 0.8574
vn -0.5182 -0.0346 0.8546
vn -0.4687 -0.1404 0.8721
vn -0.3627 -0.3263 0.8729
vn -0.3530 -0.3413 0.8712
vn -0.3529 -0.3413 0.8712
vn -0.2161 -0.5265 0.8223
vn -0.2265 -0.5140 0.8274
vn 0.0507 -0.7775 0.6269
vn 0.3395 -0.8985 0.2783
vn -0.9480 -0.0217 0.3174
vn -0.9664 -0.1982 0.1639
vn -0.8439 -0.5081 0.1723
vn -0.4611 -0.8752 0.1461
vn -0.5035 -0.8508 0.1504
vn -0.7237 -0.6693 0.1683
vn -0.7254 -0.6675 0.1680
vn -0.8642 -0.4727 0.1723
vn -0.9841 -0.0834 0.1566
vn -0.9841 -0.0834 0.1567
vn -0.9510 0.2851 0.1196
vn -0.9599 0.2515 0.1238
vn -0.9723 -0.1682 0.1622
vn -0.7851 -0.5953 0.1710
vn -0.3817 -0.9140 0.1374
vn 0.0158 -0.9963 0.0842
vn -0.1746 -0.9783 0.1116
vn -0.1745 -0.9783 0.1116
vn -0.6094 -0.7766 0.1600
vn -0.9151 -0.3654 0.1707
vn -0.9809 -0.1127 0.1587
vn -0.7895 -0.5894 0.1711
vn -0.4722 -0.8691 0.1473
vn -0.5847 -0.7958 0.1580
vn -0.5847 -0.7958 0.1579
vn -0.8247 -0.5388 0.1720
vn -0.8870 -0.4285 0.1719
vn -0.9411 -0.2932 0.1684
vn -0.9454 -0.2793 0.1678
vn -0.9047 -0.3901 0.1713
vn -0.7991 -0.5763 0.1714
vn -0.7885 -0.5908 0.1711
vn -0.6272 -0.7619 0.1615
vn -0.6401 -0.7509 0.1625
vn -0.2627 -0.9570 0.1231
vn 0.2004 -0.9782 0.0546
vn 0.2066 -0.9746 -0.0863
vn -0.2486 -0.9489 -0.1944
vn -0.6215 -0.7402 -0.2566
vn -0.6087 -0.7513 -0.2550
vn -0.7689 -0.5796 -0.2701
vn -0.7794 -0.5650 -0.2707
vn -0.8851 -0.3789 -0.2704
vn -0.9262 -0.2683 -0.2650
vn -0.9218 -0.2822 -0.2659
vn -0.8673 -0.4172 -0.2715
vn -0.8049 -0.5275 -0.2717
vn -0.5665 -0.7854 -0.2494
vn -0.4553 -0.8594 -0.2325
vn -0.7699 -0.5782 -0.2702
vn -0.9627 -0.1023 -0.2506
vn -0.8955 -0.3542 -0.2695
vn -0.5910 -0.7660 -0.2527
vn -0.1618 -0.9710 -0.1762
vn 0.0255 -0.9908 -0.1330
vn -0.3659 -0.9050 -0.2170
vn -0.7655 -0.5841 -0.2699
vn -0.9537 -0.1575 -0.2562
vn -0.9457 0.2597 -0.1956
vn -0.9373 0.2930 -0.1888
vn -0.9662 -0.0731 -0.2474
vn -0.8445 -0.4614 -0.2721
vn -0.8445 -0.4613 -0.2721
vn -0.7054 -0.6572 -0.2655
vn -0.7042 -0.6584 -0.2657
vn -0.4863 -0.8409 -0.2375
vn -0.4443 -0.8656 -0.2307
vn -0.8241 -0.4968 -0.2721
vn -0.9688 -0.0438 -0.2439
vn -0.6944 -0.4225 0.5825
vn -0.3343 -0.8026 0.4940
vn -0.3730 -0.7760 0.5086
vn -0.5810 -0.5839 0.5670
vn -0.5781 -0.5851 0.5687
vn -0.7147 -0.3870 0.5825
vn -0.8482 -0.0055 0.5297
vn -0.8482 -0.0055 0.5296
vn -0.8473 0.3445 0.4043
vn -0.8524 0.3131 0.4187
vn -0.8315 -0.0876 0.5485
vn -0.8316 -0.0876 0.5485
vn -0.6368 -0.5103 0.5780
vn -0.2624 -0.8457 0.4646
vn 0.0889 -0.9545 0.2848
vn -0.0778 -0.9229 0.3772
vn -0.4705 -0.6970 0.5411
vn -0.7669 -0.2806 0.5771
vn -0.8432 -0.0339 0.5366
vn -0.6411 -0.5044 0.5785
vn -0.6410 -0.5044 0.5785
vn -0.3444 -0.7959 0.4979
vn -0.4476 -0.7173 0.5340
vn -0.4476 -0.7172 0.5340
vn -0.6754 -0.4533 0.5817
vn -0.7378 -0.3431 0.5813
vn -0.7950 -0.2095 0.5692
vn -0.7950 -0.2096 0.5692
vn -0.7998 -0.1959 0.5674
vn -0.7561 -0.3050 0.5790
vn -0.6504 -0.4911 0.5796
vn -0.6503 -0.4911 0.5796
vn -0.6400 -0.5058 0.5784
vn -0.4871 -0.6817 0.5459
vn -0.4992 -0.6701 0.5493
vn -0.1559 -0.8958 0.4162
vn 0.2477 -0.9510 0.1848
vn 0.9595 0.2477 -0.1342
vn 0.9437 0.2892 0.1606
vn 0.9469 0.1906 0.2591
vn 0.9143 0.2174 0.3419
vn 0.8787 0.2258 0.4207
vn 0.7131 0.1299 -0.6889
vn 0.7801 0.1398 -0.6098
vn 0.8230 0.1207 -0.5550
vn 0.8424 0.1690 -0.5117
vn 0.8788 0.2260 -0.4203
vn 0.9068 0.2416 -0.3455
vn 0.9079 0.2433 -0.3413
vn 0.9513 0.2661 -0.1556
vn 0.4930 0.0603 -0.8680
vn 0.4944 0.0559 -0.8675
vn 0.5034 -0.3815 -0.7753
vn 0.6571 0.0993 -0.7473
vn 0.5312 0.0039 -0.8473
vn 0.5599 -0.0010 -0.8286
vn 0.4654 0.0095 -0.8850
vn 0.4634 -0.0049 -0.8861
vn 0.2382 -0.1427 -0.9607
vn 0.1739 -0.2042 -0.9634
vn 0.0408 -0.2489 -0.9677
vn -0.0675 -0.3178 -0.9458
vn -0.0532 -0.3082 -0.9498
vn -0.2406 -0.4106 -0.8795
vn -0.1181 -0.4437 -0.8884
vn -0.2425 -0.3903 -0.8882
vn 0.0687 -0.6225 -0.7796
vn -0.3025 -0.4038 -0.8634
vn -0.3057 -0.4003 -0.8639
vn -0.5145 -0.5661 -0.6441
vn -0.4628 -0.7306 -0.5021
vn -0.4832 -0.6145 -0.6236
vn -0.2949 -0.3190 -0.9007
vn -0.2947 -0.6069 -0.7381
vn -0.2899 -0.5425 -0.7885
vn 0.5474 0.8276 -0.1245
vn 0.4116 0.7469 -0.5222
vn 0.3648 -0.8840 -0.2924
vn 0.2653 -0.9410 -0.2101
vn -0.1163 -0.8732 -0.4734
vn -0.4470 -0.6402 -0.6248
vn -0.4352 -0.6520 -0.6209
vn -0.5851 -0.4743 -0.6578
vn -0.5953 -0.4595 -0.6592
vn -0.7011 -0.2735 -0.6586
vn -0.7459 -0.1650 -0.6453
vn -0.7409 -0.1786 -0.6474
vn -0.6826 -0.3114 -0.6611
vn -0.6201 -0.4217 -0.6616
vn -0.3969 -0.6882 -0.6074
vn -0.2971 -0.7688 -0.5663
vn -0.5861 -0.4729 -0.6580
vn -0.7922 -0.0047 -0.6103
vn -0.7121 -0.2492 -0.6564
vn -0.4191 -0.6676 -0.6154
vn -0.0419 -0.9023 -0.4290
vn 0.1160 -0.9389 -0.3239
vn -0.2183 -0.8204 -0.5284
vn -0.5819 -0.4789 -0.6574
vn -0.7794 -0.0577 -0.6238
vn -0.8126 0.3359 -0.4762
vn -0.8088 0.3666 -0.4598
vn -0.7979 0.0233 -0.6024
vn -0.6594 -0.3553 -0.6626
vn -0.6593 -0.3553 -0.6626
vn -0.5251 -0.5539 -0.6461
vn -0.5238 -0.5541 -0.6470
vn -0.3247 -0.7483 -0.5784
vn -0.2874 -0.7757 -0.5618
vn 0.1078 -0.7447 -0.6586
vn 0.1079 -0.7447 -0.6586
vn -0.1511 -0.4707 -0.8692
vn -0.1411 -0.4835 -0.8639
vn -0.2735 -0.2958 -0.9152
vn -0.2831 -0.2807 -0.9171
vn -0.3892 -0.0948 -0.9163
vn -0.4403 0.0100 -0.8978
vn -0.4343 -0.0029 -0.9008
vn -0.3695 -0.1321 -0.9198
vn -0.3068 -0.2422 -0.9205
vn -0.1092 -0.5234 -0.8451
vn -0.0289 -0.6152 -0.7879
vn -0.2745 -0.2944 -0.9154
vn -0.2744 -0.2944 -0.9154
vn -0.5031 0.1609 -0.8491
vn -0.4012 -0.0711 -0.9132
vn -0.1276 -0.5006 -0.8562
vn 0.1613 -0.7859 -0.5969
vn 0.2694 -0.8511 -0.4507
vn 0.0320 -0.6771 -0.7352
vn -0.2705 -0.3005 -0.9146
vn -0.4840 0.1115 -0.8680
vn -0.5871 0.4651 -0.6626
vn -0.5910 0.4913 -0.6398
vn -0.5126 0.1867 -0.8381
vn -0.5126 0.1868 -0.8381
vn -0.3456 -0.1756 -0.9218
vn -0.2181 -0.3792 -0.8992
vn -0.2178 -0.3784 -0.8997
vn -0.0507 -0.5914 -0.8048
vn -0.0213 -0.6233 -0.7817
vn -0.3252 -0.2111 -0.9218
vn -0.8029 0.0513 -0.5939
vn -0.8029 0.0512 -0.5939
vn -0.6390 -0.3908 -0.6625
vn -0.5216 0.2124 -0.8263
vn -0.4869 0.0425 -0.8724
vn -0.3838 0.3015 -0.8728
vn -0.1807 0.4077 -0.8951
vn 0.0551 0.0068 -0.9985
vn 0.3012 -0.4386 -0.8467
vn 0.2813 -0.4012 -0.8717
vn 0.1527 -0.1652 -0.9744
vn 0.1526 -0.1672 -0.9740
vn 0.0348 0.0423 -0.9985
vn -0.1668 0.3848 -0.9078
vn -0.3271 0.6425 -0.6930
vn -0.3137 0.6217 -0.7177
vn -0.1259 0.3167 -0.9402
vn -0.1259 0.3167 -0.9401
vn 0.1068 -0.0844 -0.9907
vn 0.3353 -0.5033 -0.7964
vn 0.4553 -0.7446 -0.4882
vn 0.4076 -0.6449 -0.6466
vn 0.2256 -0.2983 -0.9274
vn -0.0245 0.1447 -0.9892
vn -0.1528 0.3616 -0.9197
vn 0.1032 -0.0780 -0.9916
vn 0.2961 -0.4290 -0.8534
vn 0.2395 -0.3237 -0.9154
vn 0.0730 -0.0246 -0.9970
vn 0.0100 0.0853 -0.9963
vn -0.0626 0.2100 -0.9757
vn -0.0699 0.2222 -0.9725
vn -0.0698 0.2222 -0.9725
vn -0.0111 0.1217 -0.9925
vn 0.0953 -0.0640 -0.9934
vn 0.1041 -0.0795 -0.9914
vn 0.2153 -0.2793 -0.9357
vn 0.2076 -0.2653 -0.9416
vn 0.3796 -0.5891 -0.7134
vn 0.4855 -0.8149 -0.3167
vn 0.1524 0.5984 -0.7865
vn 0.4266 0.2196 -0.8774
vn 0.6163 -0.2581 -0.7440
vn 0.6057 -0.2154 -0.7660
vn 0.5147 0.0415 -0.8564
vn 0.5160 0.0411 -0.8556
vn 0.4063 0.2551 -0.8774
vn 0.1709 0.5783 -0.7977
vn 0.1710 0.5783 -0.7977
vn -0.0693 0.7902 -0.6089
vn -0.0467 0.7746 -0.6307
vn 0.2240 0.5170 -0.8261
vn 0.4755 0.1268 -0.8706
vn 0.6317 -0.3336 -0.6998
vn 0.6370 -0.6405 -0.4290
vn 0.6481 -0.5070 -0.5682
vn 0.5707 -0.1006 -0.8150
vn 0.3436 0.3555 -0.8692
vn 0.1894 0.5576 -0.8082
vn 0.4722 0.1333 -0.8713
vn 0.6137 -0.2471 -0.7499
vn 0.5801 -0.1286 -0.8044
vn 0.4440 0.1879 -0.8761
vn 0.3807 0.2976 -0.8755
vn 0.3004 0.4179 -0.8574
vn 0.2920 0.4295 -0.8546
vn 0.3582 0.3333 -0.8721
vn 0.4649 0.1478 -0.8729
vn 0.4730 0.1318 -0.8712
vn 0.5635 -0.0799 -0.8223
vn 0.5579 -0.0646 -0.8274
vn 0.6450 -0.4371 -0.6269
vn 0.6450 -0.4370 -0.6269
vn 0.6033 -0.7474 -0.2783
vn 0.4983 0.8068 -0.3175
vn 0.6598 0.7333 -0.1639
vn 0.8652 0.4708 -0.1723
vn 0.9882 -0.0450 -0.1461
vn 0.9882 -0.0451 -0.1461
vn 0.9886 0.0039 -0.1504
vn 0.9427 0.2879 -0.1685
vn 0.9428 0.2879 -0.1683
vn 0.8449 0.5063 -0.1723
vn 0.8449 0.5064 -0.1723
vn 0.5698 0.8067 -0.1567
vn 0.5698 0.8067 -0.1566
vn 0.2352 0.9646 -0.1196
vn 0.2686 0.9552 -0.1239
vn 0.2686 0.9552 -0.1238
vn 0.6370 0.7536 -0.1622
vn 0.9107 0.3761 -0.1709
vn 0.9107 0.3761 -0.1710
vn 0.9815 -0.1332 -0.1374
vn 0.8514 -0.5177 -0.0842
vn 0.9322 -0.3443 -0.1116
vn 0.9781 0.1328 -0.1600
vn 0.7781 0.6045 -0.1707
vn 0.7782 0.6044 -0.1707
vn 0.5935 0.7891 -0.1587
vn 0.9078 0.3829 -0.1711
vn 0.9886 -0.0324 -0.1473
vn 0.9822 0.1018 -0.1580
vn 0.8820 0.4387 -0.1720
vn 0.8820 0.4388 -0.1721
vn 0.8184 0.5483 -0.1719
vn 0.7290 0.6634 -0.1684
vn 0.7192 0.6742 -0.1678
vn 0.7942 0.5830 -0.1713
vn 0.9013 0.3978 -0.1714
vn 0.9085 0.3812 -0.1711
vn 0.9745 0.1556 -0.1615
vn 0.9716 0.1723 -0.1625
vn 0.9584 -0.2575 -0.1231
vn 0.7424 -0.6677 -0.0547
vn 0.7362 -0.6713 0.0863
vn 0.9443 -0.2656 0.1944
vn 0.9529 0.1616 0.2566
vn 0.9560 0.1450 0.2550
vn 0.8889 0.3700 0.2701
vn 0.8817 0.3865 0.2707
vn 0.7745 0.5718 0.2704
vn 0.7000 0.6632 0.2650
vn 0.7097 0.6524 0.2659
vn 0.7987 0.5371 0.2715
vn 0.8623 0.4275 0.2717
vn 0.9641 0.0914 0.2494
vn 0.9717 -0.0420 0.2325
vn 0.8882 0.3716 0.2702
vn 0.5753 0.7786 0.2506
vn 0.7586 0.5932 0.2695
vn 0.9598 0.1223 0.2527
vn 0.9194 -0.3517 0.1762
vn 0.8418 -0.5232 0.1330
vn 0.9658 -0.1422 0.2170
vn 0.8911 0.3648 0.2699
vn 0.6184 0.7430 0.2562
vn 0.2544 0.9471 0.1956
vn 0.2214 0.9567 0.1888
vn 0.2215 0.9567 0.1888
vn 0.5518 0.7965 0.2474
vn 0.5518 0.7964 0.2473
vn 0.8252 0.4950 0.2721
vn 0.9237 0.2765 0.2653
vn 0.9241 0.2751 0.2651
vn 0.9714 -0.0060 0.2375
vn 0.9715 -0.0546 0.2307
vn 0.8455 0.4595 0.2721
vn 0.5279 0.8135 0.2439
vn 0.7157 0.3852 -0.5825
vn 0.8615 -0.1177 -0.4940
vn 0.8581 -0.0708 -0.5086
vn 0.7980 0.2023 -0.5676
vn 0.7959 0.2039 -0.5700
vn 0.6955 0.4207 -0.5825
vn 0.6954 0.4207 -0.5826
vn 0.4338 0.7289 -0.5297
vn 0.4339 0.7289 -0.5296
vn 0.1314 0.9051 -0.4043
vn 0.1612 0.8937 -0.4187
vn 0.4962 0.6730 -0.5485
vn 0.7623 0.2911 -0.5780
vn 0.7624 0.2911 -0.5780
vn 0.8623 -0.2015 -0.4646
vn 0.7783 -0.5595 -0.2848
vn 0.8354 -0.3998 -0.3772
vn 0.8393 0.0533 -0.5411
vn 0.6300 0.5196 -0.5771
vn 0.4558 0.7102 -0.5366
vn 0.7594 0.2978 -0.5785
vn 0.8608 -0.1055 -0.4979
vn 0.8451 0.0232 -0.5340
vn 0.7327 0.3532 -0.5817
vn 0.6692 0.4629 -0.5813
vn 0.5830 0.5798 -0.5692
vn 0.5736 0.5908 -0.5674
vn 0.6456 0.4979 -0.5790
vn 0.7526 0.3126 -0.5796
vn 0.7601 0.2962 -0.5784
vn 0.8344 0.0753 -0.5459
vn 0.8306 0.0916 -0.5493
vn 0.8516 -0.3187 -0.4162
vn 0.6950 -0.6948 -0.1848
vn -0.9578 0.2542 0.1342
vn -0.9417 0.2956 -0.1606
vn -0.9455 0.1970 -0.2591
vn -0.9128 0.2236 -0.3418
vn -0.8771 0.2317 -0.4207
vn -0.7141 0.1351 0.6868
vn -0.7791 0.1451 0.6098
vn -0.8222 0.1263 0.5550
vn -0.8412 0.1748 0.5117
vn -0.8773 0.2320 0.4203
vn -0.9051 0.2477 0.3455
vn -0.9063 0.2495 0.3413
vn -0.9495 0.2726 0.1556
vn -0.4925 0.0637 0.8680
vn -0.4939 0.0593 0.8675
vn -0.5060 -0.3778 0.7754
vn -0.6586 0.1057 0.7450
vn -0.5311 0.0076 0.8473
vn -0.5599 0.0028 0.8286
vn 0.2566 -0.5495 0.7951
vn 0.2451 -0.3377 0.9088
vn 0.4394 -0.5519 0.7088
vn -0.4654 0.0126 0.8850
vn -0.4635 -0.0017 0.8861
vn -0.2392 -0.1411 0.9607
vn -0.1753 -0.2030 0.9634
vn -0.0093 -0.2591 0.9658
vn 0.2226 -0.4286 0.8756
vn 0.1293 -0.4479 0.8847
vn 0.2531 -0.4031 0.8794
vn 0.2805 -0.3797 0.8815
vn 0.1716 -0.4974 0.8504
vn 0.3649 -0.4847 0.7949
vn 0.5107 -0.5696 0.6441
vn 0.4578 -0.7337 0.5021
vn 0.4790 -0.6178 0.6236
vn -0.5417 0.8313 0.1245
vn -0.4065 0.7497 0.5222
vn -0.2717 -0.9392 0.2101
vn 0.1104 -0.8739 0.4734
vn 0.4426 -0.6433 0.6248
vn 0.4308 -0.6549 0.6209
vn 0.5818 -0.4783 0.6578
vn 0.5921 -0.4636 0.6592
vn 0.6992 -0.2782 0.6586
vn 0.7447 -0.1701 0.6453
vn 0.7397 -0.1836 0.6474
vn 0.6805 -0.3161 0.6611
vn 0.6172 -0.4259 0.6616
vn 0.3921 -0.6909 0.6074
vn 0.2919 -0.7708 0.5663
vn 0.5828 -0.4768 0.6580
vn 0.5828 -0.4769 0.6580
vn 0.7921 -0.0101 0.6103
vn 0.7104 -0.2540 0.6564
vn 0.4145 -0.6704 0.6154
vn 0.0357 -0.9026 0.4290
vn -0.1224 -0.9381 0.3239
vn 0.2127 -0.8219 0.5284
vn 0.5786 -0.4828 0.6574
vn 0.7790 -0.0630 0.6238
vn 0.8149 0.3303 0.4762
vn 0.8113 0.3610 0.4598
vn 0.7980 0.0179 0.6024
vn 0.6569 -0.3598 0.6625
vn 0.6569 -0.3598 0.6626
vn 0.5222 -0.5567 0.6460
vn 0.5203 -0.5576 0.6469
vn 0.3195 -0.7505 0.5784
vn 0.2821 -0.7777 0.5618
vn 0.6363 -0.3951 0.6625
vn 0.6363 -0.3952 0.6625
vn 0.8032 0.0458 0.5939
vn 0.5230 0.2088 0.8263
vn 0.3238 -0.2133 0.9218
vn 0.0170 -0.6234 0.7817
vn 0.0467 -0.5918 0.8048
vn 0.2165 -0.3806 0.8990
vn 0.2160 -0.3799 0.8995
vn 0.3444 -0.1779 0.9218
vn 0.5138 0.1832 0.8381
vn 0.5139 0.1832 0.8381
vn 0.5944 0.4873 0.6398
vn 0.5902 0.4611 0.6626
vn 0.4847 0.1082 0.8680
vn 0.2685 -0.3024 0.9146
vn -0.0366 -0.6768 0.7352
vn -0.2752 -0.8492 0.4507
vn -0.1666 -0.7848 0.5969
vn 0.1242 -0.5015 0.8562
vn 0.4007 -0.0739 0.9132
vn 0.5042 0.1575 0.8491
vn 0.2724 -0.2962 0.9154
vn 0.0247 -0.6154 0.7879
vn 0.1056 -0.5241 0.8451
vn 0.3051 -0.2443 0.9205
vn 0.3686 -0.1346 0.9198
vn 0.4343 -0.0059 0.9008
vn 0.4403 0.0070 0.8978
vn 0.3885 -0.0975 0.9163
vn 0.2812 -0.2826 0.9171
vn 0.2715 -0.2977 0.9152
vn 0.1378 -0.4845 0.8639
vn 0.1478 -0.4718 0.8692
vn -0.1129 -0.7440 0.6586
vn -0.3709 -0.8815 0.2924
vn 0.1834 0.4064 0.8951
vn -0.0550 0.0072 0.9985
vn -0.3042 -0.4365 0.8467
vn -0.2840 -0.3993 0.8717
vn -0.1538 -0.1652 0.9742
vn -0.1536 -0.1643 0.9744
vn -0.0345 0.0425 0.9985
vn 0.1694 0.3837 0.9078
vn 0.1694 0.3836 0.9078
vn 0.3315 0.6402 0.6930
vn 0.3179 0.6195 0.7177
vn 0.1280 0.3158 0.9402
vn 0.1280 0.3158 0.9401
vn -0.1074 -0.0836 0.9907
vn -0.3388 -0.5010 0.7964
vn -0.4604 -0.7414 0.4882
vn -0.4120 -0.6421 0.6466
vn -0.2276 -0.2967 0.9274
vn 0.0255 0.1445 0.9892
vn 0.1553 0.3605 0.9197
vn -0.1038 -0.0773 0.9916
vn -0.2991 -0.4270 0.8534
vn -0.2990 -0.4270 0.8534
vn -0.2417 -0.3220 0.9154
vn -0.0732 -0.0241 0.9970
vn -0.0094 0.0854 0.9963
vn 0.0641 0.2095 0.9757
vn 0.0714 0.2217 0.9725
vn 0.0120 0.1217 0.9925
vn -0.0957 -0.0633 0.9934
vn -0.1046 -0.0788 0.9914
vn -0.2172 -0.2779 0.9357
vn -0.2094 -0.2639 0.9416
vn -0.3836 -0.5865 0.7134
vn -0.4910 -0.8116 0.3167
vn -0.1483 0.5995 0.7865
vn -0.4251 0.2225 0.8774
vn -0.6180 -0.2539 0.7440
vn -0.6071 -0.2113 0.7660
vn -0.5149 0.0450 0.8561
vn -0.5148 0.0454 0.8561
vn -0.4045 0.2579 0.8774
vn -0.1670 0.5794 0.7977
vn -0.1671 0.5794 0.7977
vn 0.0747 0.7897 0.6089
vn 0.0746 0.7897 0.6089
vn 0.0519 0.7743 0.6307
vn -0.2204 0.5186 0.8261
vn -0.4746 0.1300 0.8706
vn -0.4746 0.1300 0.8705
vn -0.6339 -0.3293 0.6998
vn -0.6413 -0.6362 0.4290
vn -0.6516 -0.5026 0.5682
vn -0.5714 -0.0967 0.8150
vn -0.3412 0.3579 0.8692
vn -0.1856 0.5589 0.8082
vn -0.4713 0.1365 0.8713
vn -0.6153 -0.2429 0.7499
vn -0.5809 -0.1246 0.8044
vn -0.4427 0.1909 0.8761
vn -0.3787 0.3002 0.8755
vn -0.2975 0.4200 0.8574
vn -0.2891 0.4315 0.8546
vn -0.3559 0.3357 0.8721
vn -0.4639 0.1509 0.8729
vn -0.4721 0.1350 0.8712
vn -0.5640 -0.0761 0.8223
vn -0.5584 -0.0608 0.8274
vn -0.5583 -0.0608 0.8274
vn -0.6480 -0.4326 0.6269
vn -0.6084 -0.7432 0.2783
vn -0.4927 0.8102 0.3175
vn -0.6548 0.7378 0.1639
vn -0.8620 0.4767 0.1723
vn -0.9885 -0.0383 0.1461
vn -0.9886 0.0107 0.1504
vn -0.9412 0.2930 0.1684
vn -0.9412 0.2932 0.1679
vn -0.8414 0.5122 0.1723
vn -0.8415 0.5121 0.1723
vn -0.5643 0.8106 0.1567
vn -0.5642 0.8106 0.1566
vn -0.2286 0.9662 0.1196
vn -0.2621 0.9571 0.1238
vn -0.2621 0.9571 0.1239
vn -0.6318 0.7580 0.1622
vn -0.6318 0.7579 0.1622
vn -0.9081 0.3823 0.1710
vn -0.9824 -0.1265 0.1374
vn -0.8549 -0.5119 0.0842
vn -0.9345 -0.3380 0.1116
vn -0.9772 0.1395 0.1600
vn -0.7740 0.6097 0.1707
vn -0.5881 0.7931 0.1587
vn -0.9052 0.3891 0.1711
vn -0.9052 0.3890 0.1711
vn -0.9888 -0.0256 0.1473
vn -0.9815 0.1085 0.1580
vn -0.8790 0.4448 0.1720
vn -0.8790 0.4448 0.1721
vn -0.8146 0.5539 0.1719
vn -0.7245 0.6684 0.1684
vn -0.7146 0.6791 0.1678
vn -0.7902 0.5884 0.1713
vn -0.8986 0.4039 0.1714
vn -0.9059 0.3874 0.1711
vn -0.9735 0.1622 0.1615
vn -0.9704 0.1789 0.1625
vn -0.9601 -0.2510 0.1231
vn -0.7470 -0.6626 0.0547
vn -0.7407 -0.6662 -0.0863
vn -0.9461 -0.2592 -0.1944
vn -0.9518 0.1681 -0.2566
vn -0.9550 0.1515 -0.2550
vn -0.8863 0.3761 -0.2701
vn -0.8790 0.3925 -0.2707
vn -0.7706 0.5771 -0.2704
vn -0.6954 0.6679 -0.2650
vn -0.7053 0.6572 -0.2659
vn -0.7950 0.5425 -0.2715
vn -0.8593 0.4333 -0.2717
vn -0.9634 0.0980 -0.2494
vn -0.9719 -0.0354 -0.2325
vn -0.8856 0.3777 -0.2702
vn -0.8857 0.3777 -0.2702
vn -0.5699 0.7825 -0.2506
vn -0.7545 0.5984 -0.2695
vn -0.9589 0.1288 -0.2527
vn -0.9218 -0.3454 -0.1762
vn -0.8453 -0.5175 -0.1330
vn -0.8453 -0.5174 -0.1330
vn -0.9667 -0.1356 -0.2170
vn -0.8886 0.3709 -0.2699
vn -0.6133 0.7472 -0.2562
vn -0.2480 0.9488 -0.1956
vn -0.2149 0.9582 -0.1888
vn -0.5464 0.8002 -0.2474
vn -0.5463 0.8002 -0.2474
vn -0.8218 0.5006 -0.2721
vn -0.8218 0.5007 -0.2721
vn -0.9224 0.2813 -0.2647
vn -0.9218 0.2819 -0.2660
vn -0.9714 0.0007 -0.2375
vn -0.9718 -0.0480 -0.2307
vn -0.8423 0.4653 -0.2721
vn -0.5223 0.8171 -0.2439
vn -0.7131 0.3901 0.5825
vn -0.8623 -0.1118 0.4940
vn -0.8586 -0.0650 0.5086
vn -0.7954 0.2087 0.5690
vn -0.7951 0.2085 0.5695
vn -0.6926 0.4254 0.5825
vn -0.6925 0.4255 0.5825
vn -0.4289 0.7318 0.5296
vn -0.1252 0.9060 0.4043
vn -0.1551 0.8948 0.4187
vn -0.4916 0.6764 0.5485
vn -0.7603 0.2963 0.5780
vn -0.7604 0.2963 0.5780
vn -0.8636 -0.1956 0.4646
vn -0.7821 -0.5542 0.2848
vn -0.8381 -0.3941 0.3772
vn -0.8389 0.0590 0.5411
vn -0.6265 0.5239 0.5771
vn -0.4509 0.7133 0.5366
vn -0.7573 0.3030 0.5785
vn -0.8615 -0.0997 0.4979
vn -0.8450 0.0290 0.5340
vn -0.7303 0.3582 0.5817
vn -0.6660 0.4675 0.5813
vn -0.6660 0.4674 0.5813
vn -0.5790 0.5837 0.5692
vn -0.5696 0.5947 0.5674
vn -0.6422 0.5023 0.5790
vn -0.7504 0.3177 0.5796
vn -0.7505 0.3177 0.5796
vn -0.7580 0.3014 0.5784
vn -0.8339 0.0810 0.5459
vn -0.8299 0.0972 0.5493
vn -0.8537 -0.3129 0.4162
vn -0.6997 -0.6901 0.1848
vn 0.6942 -0.7071 -0.1342
vn 0.7223 -0.6727 0.1606
vn 0.6385 -0.7247 0.2591
vn 0.6454 -0.6831 0.3419
vn 0.6348 -0.6481 0.4207
vn 0.4691 -0.5526 -0.6889
vn 0.5111 -0.6057 -0.6098
vn 0.5160 -0.6524 -0.5550
vn 0.5676 -0.6450 -0.5117
vn 0.6351 -0.6481 -0.4203
vn 0.6626 -0.6645 -0.3455
vn 0.6646 -0.6647 -0.3413
vn 0.7061 -0.6908 -0.1556
vn 0.2749 -0.3721 -0.8866
vn 0.1384 -0.5198 -0.8430
vn 0.3622 -0.4811 -0.7983
vn 0.4145 -0.5194 -0.7473
vn 0.2690 -0.4580 -0.8473
vn 0.2791 -0.4854 -0.8286
vn 0.2431 -0.4001 -0.8836
vn 0.2287 -0.4058 -0.8849
vn -0.0337 -0.2590 -0.9653
vn -0.0871 -0.2479 -0.9649
vn -0.4433 -0.1196 -0.8884
vn -0.4592 0.0149 -0.8882
vn -0.5046 -0.3616 -0.7840
vn -0.5046 0.0605 -0.8612
vn -0.5032 0.0651 -0.8617
vn -0.6969 0.1093 -0.7088
vn -0.6511 0.0987 -0.7525
vn -0.4410 -0.0084 -0.8975
vn -0.4714 -0.0156 -0.8818
vn -0.2407 -0.1334 -0.9614
vn -0.7475 0.1626 -0.6441
vn -0.8641 0.0355 -0.5021
vn -0.7738 0.1112 -0.6236
vn 0.9904 -0.0602 -0.1245
vn 0.8526 0.0170 -0.5222
vn -0.6822 -0.7003 -0.2102
vn -0.8143 -0.3358 -0.4734
vn -0.7779 0.0670 -0.6248
vn -0.7822 0.0509 -0.6209
vn -0.7033 0.2695 -0.6578
vn -0.6956 0.2858 -0.6592
vn -0.5874 0.4704 -0.6586
vn -0.5159 0.5634 -0.6453
vn -0.5251 0.5524 -0.6474
vn -0.6110 0.4354 -0.6611
vn -0.6752 0.3262 -0.6616
vn -0.7944 -0.0004 -0.6074
vn -0.8144 -0.1271 -0.5663
vn -0.7025 0.2711 -0.6580
vn -0.4001 0.6837 -0.6103
vn -0.5718 0.4921 -0.6564
vn -0.7877 0.0292 -0.6154
vn -0.8024 -0.4149 -0.4290
vn -0.7552 -0.5699 -0.3239
vn -0.8197 -0.2212 -0.5284
vn -0.8196 -0.2212 -0.5284
vn -0.7056 0.2645 -0.6574
vn -0.4397 0.6461 -0.6238
vn -0.1154 0.8717 -0.4762
vn -0.0870 0.8837 -0.4598
vn -0.0869 0.8837 -0.4598
vn -0.3788 0.7026 -0.6024
vn -0.3787 0.7027 -0.6024
vn -0.6374 0.3934 -0.6626
vn -0.7421 0.1768 -0.6466
vn -0.7422 0.1785 -0.6459
vn -0.8104 -0.0930 -0.5784
vn -0.8155 -0.1390 -0.5618
vn -0.6579 0.3580 -0.6625
vn -0.3571 0.7209 -0.5939
vn -0.0769 0.5579 -0.8263
vn -0.3454 0.1761 -0.9218
vn -0.5504 -0.2932 -0.7817
vn -0.5375 -0.2518 -0.8048
vn -0.4371 0.0007 -0.8994
vn -0.4366 -0.0013 -0.8997
vn -0.3248 0.2115 -0.9218
vn -0.3249 0.2115 -0.9218
vn -0.0945 0.5373 -0.8381
vn -0.0946 0.5372 -0.8381
vn 0.1300 0.7575 -0.6397
vn 0.1092 0.7410 -0.6626
vn -0.1454 0.4749 -0.8680
vn -0.3955 0.0840 -0.9146
vn -0.5704 -0.3662 -0.7352
vn -0.5704 -0.3663 -0.7352
vn -0.6024 -0.6588 -0.4507
vn -0.6000 -0.5326 -0.5969
vn -0.4974 -0.1398 -0.8562
vn -0.2622 0.3119 -0.9132
vn -0.1122 0.5162 -0.8491
vn -0.3921 0.0905 -0.9154
vn -0.5472 -0.2825 -0.7878
vn -0.5472 -0.2825 -0.7879
vn -0.5079 -0.1671 -0.8451
vn -0.3631 0.1446 -0.9205
vn -0.2991 0.2540 -0.9198
vn -0.2197 0.3746 -0.9008
vn -0.2115 0.3863 -0.8978
vn -0.2114 0.3863 -0.8978
vn -0.2767 0.2896 -0.9163
vn -0.3846 0.1048 -0.9171
vn -0.3929 0.0890 -0.9152
vn -0.4893 -0.1195 -0.8639
vn -0.4832 -0.1046 -0.8692
vn -0.5910 -0.4658 -0.6586
vn -0.5831 -0.7580 -0.2924
vn 0.2627 0.3603 -0.8951
vn 0.0334 -0.0443 -0.9985
vn -0.2292 -0.4802 -0.8467
vn -0.2068 -0.4442 -0.8717
vn -0.0675 -0.2144 -0.9744
vn -0.0676 -0.2160 -0.9741
vn 0.0540 -0.0090 -0.9985
vn 0.0540 -0.0089 -0.9985
vn 0.2498 0.3368 -0.9078
vn 0.2498 0.3369 -0.9078
vn 0.3929 0.6045 -0.6930
vn 0.3815 0.5825 -0.7177
vn 0.2113 0.2673 -0.9402
vn 0.2113 0.2673 -0.9401
vn -0.0197 -0.1347 -0.9907
vn -0.2682 -0.5421 -0.7964
vn -0.4171 -0.7666 -0.4882
vn -0.3547 -0.6754 -0.6466
vn -0.1455 -0.3445 -0.9274
vn 0.1131 0.0935 -0.9892
vn 0.2367 0.3131 -0.9197
vn -0.0159 -0.1284 -0.9916
vn -0.2235 -0.4710 -0.8534
vn -0.1606 -0.3692 -0.9154
vn 0.0152 -0.0755 -0.9970
vn 0.0789 0.0340 -0.9963
vn 0.1505 0.1592 -0.9757
vn 0.1575 0.1716 -0.9725
vn 0.0999 0.0705 -0.9925
vn -0.0077 -0.1145 -0.9934
vn -0.0168 -0.1299 -0.9914
vn -0.1343 -0.3261 -0.9357
vn -0.1260 -0.3124 -0.9416
vn -0.3204 -0.6233 -0.7134
vn -0.4630 -0.8279 -0.3167
vn 0.5945 0.1672 -0.7865
vn 0.4035 -0.2596 -0.8774
vn 0.4035 -0.2597 -0.8774
vn 0.0846 -0.6628 -0.7440
vn 0.1163 -0.6322 -0.7660
vn 0.2937 -0.4258 -0.8558
vn 0.2939 -0.4246 -0.8564
vn 0.4241 -0.2243 -0.8774
vn 0.5863 0.1411 -0.7977
vn 0.6497 0.4551 -0.6089
vn 0.6475 0.4277 -0.6307
vn 0.5597 0.0646 -0.8261
vn 0.3475 -0.3484 -0.8706
vn 0.0269 -0.7138 -0.6998
vn -0.2362 -0.8719 -0.4290
vn -0.1150 -0.8148 -0.5682
vn 0.1982 -0.5445 -0.8150
vn 0.4797 -0.1198 -0.8692
vn 0.5776 0.1148 -0.8082
vn 0.3516 -0.3423 -0.8713
vn 0.0928 -0.6550 -0.7499
vn 0.1787 -0.5666 -0.8044
vn 0.3847 -0.2906 -0.8761
vn 0.4481 -0.1809 -0.8755
vn 0.5121 -0.0512 -0.8574
vn 0.5179 -0.0381 -0.8546
vn 0.4677 -0.1435 -0.8721
vn 0.3604 -0.3288 -0.8729
vn 0.3506 -0.3437 -0.8712
vn 0.2125 -0.5279 -0.8223
vn 0.2230 -0.5155 -0.8274
vn -0.0560 -0.7771 -0.6269
vn -0.3456 -0.8962 -0.2783
vn 0.9479 -0.0281 -0.3175
vn 0.9650 -0.2048 -0.1639
vn 0.8404 -0.5139 -0.1723
vn 0.4551 -0.8784 -0.1461
vn 0.4977 -0.8542 -0.1504
vn 0.7203 -0.6730 -0.1679
vn 0.7183 -0.6751 -0.1684
vn 0.8610 -0.4786 -0.1723
vn 0.9835 -0.0901 -0.1566
vn 0.9835 -0.0901 -0.1567
vn 0.9529 0.2786 -0.1196
vn 0.9616 0.2450 -0.1238
vn 0.9711 -0.1748 -0.1622
vn 0.7810 -0.6006 -0.1710
vn 0.3754 -0.9166 -0.1374
vn -0.0226 -0.9962 -0.0842
vn 0.1679 -0.9795 -0.1116
vn 0.6041 -0.7807 -0.1600
vn 0.9125 -0.3717 -0.1707
vn 0.9801 -0.1194 -0.1587
vn 0.7855 -0.5948 -0.1711
vn 0.4663 -0.8723 -0.1473
vn 0.5792 -0.7997 -0.1580
vn 0.8210 -0.5444 -0.1720
vn 0.8210 -0.5444 -0.1721
vn 0.8841 -0.4346 -0.1719
vn 0.9391 -0.2996 -0.1684
vn 0.9435 -0.2858 -0.1678
vn 0.9020 -0.3963 -0.1713
vn 0.7951 -0.5817 -0.1714
vn 0.7844 -0.5962 -0.1711
vn 0.6220 -0.7662 -0.1615
vn 0.6350 -0.7552 -0.1625
vn 0.2562 -0.9588 -0.1231
vn -0.2070 -0.9768 -0.0546
vn -0.2133 -0.9732 0.0863
vn 0.2421 -0.9506 0.1944
vn 0.6164 -0.7444 0.2566
vn 0.6035 -0.7555 0.2550
vn 0.6036 -0.7555 0.2550
vn 0.7649 -0.5848 0.2701
vn 0.7756 -0.5703 0.2707
vn 0.8825 -0.3849 0.2704
vn 0.9243 -0.2746 0.2650
vn 0.9198 -0.2885 0.2659
vn 0.8644 -0.4231 0.2715
vn 0.8013 -0.5330 0.2717
vn 0.5612 -0.7892 0.2494
vn 0.4494 -0.8625 0.2325
vn 0.7659 -0.5834 0.2702
vn 0.9619 -0.1089 0.2506
vn 0.8930 -0.3603 0.2695
vn 0.5858 -0.7701 0.2527
vn 0.1551 -0.9721 0.1762
vn -0.0322 -0.9906 0.1330
vn 0.3597 -0.9075 0.2170
vn 0.7615 -0.5893 0.2699
vn 0.9526 -0.1640 0.2562
vn 0.9474 0.2532 0.1956
vn 0.9393 0.2866 0.1888
vn 0.9656 -0.0797 0.2474
vn 0.8413 -0.4671 0.2721
vn 0.7004 -0.6625 0.2654
vn 0.7007 -0.6620 0.2659
vn 0.4805 -0.8442 0.2375
vn 0.4384 -0.8687 0.2307
vn 0.8207 -0.5024 0.2721
vn 0.9685 -0.0504 0.2439
vn 0.8527 0.0170 -0.5222
vn 0.6915 -0.4272 -0.5825
vn 0.3288 -0.8049 -0.4940
vn 0.3677 -0.7786 -0.5086
vn 0.5758 -0.5881 -0.5680
vn 0.5735 -0.5893 -0.5690
vn 0.7121 -0.3919 -0.5826
vn 0.7121 -0.3919 -0.5825
vn 0.8481 -0.0113 -0.5296
vn 0.8481 -0.0113 -0.5297
vn 0.8496 0.3388 -0.4043
vn 0.8545 0.3073 -0.4187
vn 0.8546 0.3073 -0.4187
vn 0.8309 -0.0932 -0.5485
vn 0.6333 -0.5147 -0.5780
vn 0.2567 -0.8475 -0.4646
vn 0.2566 -0.8475 -0.4646
vn -0.0954 -0.9538 -0.2848
vn 0.0715 -0.9234 -0.3772
vn 0.4658 -0.7002 -0.5411
vn 0.4657 -0.7002 -0.5411
vn 0.7650 -0.2858 -0.5771
vn 0.8429 -0.0396 -0.5366
vn 0.6376 -0.5087 -0.5785
vn 0.3390 -0.7982 -0.4979
vn 0.4427 -0.7203 -0.5340
vn 0.6723 -0.4579 -0.5817
vn 0.7355 -0.3481 -0.5813
vn 0.7936 -0.2150 -0.5692
vn 0.7985 -0.2014 -0.5674
vn 0.7540 -0.3101 -0.5791
vn 0.7540 -0.3101 -0.5790
vn 0.6470 -0.4955 -0.5796
vn 0.6366 -0.5101 -0.5784
vn 0.4824 -0.6850 -0.5459
vn 0.4946 -0.6735 -0.5493
vn 0.1498 -0.8969 -0.4162
vn -0.2542 -0.9493 -0.1848
vn -0.5029 -0.0615 0.8622
vn -0.0811 0.2414 0.9670
vn 0.6990 0.7024 0.1342
vn 0.7268 0.6678 -0.1606
vn 0.6434 0.7203 -0.2591
vn 0.6500 0.6787 -0.3419
vn 0.6392 0.6437 -0.4207
vn 0.5153 0.6022 0.6098
vn 0.5205 0.6489 0.5550
vn 0.5720 0.6411 0.5117
vn 0.6395 0.6437 0.4203
vn 0.6671 0.6600 0.3455
vn 0.6692 0.6601 0.3413
vn 0.7108 0.6859 0.1556
vn 0.3013 0.3946 0.8681
vn 0.2982 0.3980 0.8676
vn -0.1092 0.6425 0.7585
vn 0.2284 0.3847 0.8943
vn 0.2212 0.3881 0.8947
vn 0.2824 0.4835 0.8286
vn 0.2721 0.4562 0.8473
vn 0.4181 0.5165 0.7473
vn 0.4728 0.5494 0.6889
vn -0.3924 0.1736 0.9032
vn -0.3898 0.2861 0.8753
vn -0.5070 -0.0291 0.8615
vn -0.5042 -0.0570 0.8617
vn -0.6976 -0.1046 0.7088
vn -0.6518 -0.0942 0.7525
vn -0.4409 0.0114 0.8975
vn -0.4110 0.0043 0.9116
vn -0.0699 0.2555 0.9643
vn -0.7486 -0.1575 0.6441
vn -0.8643 -0.0296 0.5021
vn -0.7745 -0.1059 0.6236
vn 0.9908 0.0535 0.1245
vn 0.8525 -0.0228 0.5222
vn -0.6775 0.7049 0.2101
vn -0.8120 0.3414 0.4734
vn -0.7784 -0.0616 0.6248
vn -0.7825 -0.0456 0.6209
vn -0.7051 -0.2647 0.6578
vn -0.6975 -0.2810 0.6592
vn -0.5906 -0.4664 0.6586
vn -0.5197 -0.5599 0.6453
vn -0.5289 -0.5488 0.6474
vn -0.5288 -0.5488 0.6474
vn -0.6140 -0.4313 0.6611
vn -0.6774 -0.3216 0.6616
vn -0.7944 0.0058 0.6074
vn -0.8135 0.1327 0.5663
vn -0.7044 -0.2663 0.6580
vn -0.4048 -0.6810 0.6103
vn -0.5752 -0.4882 0.6564
vn -0.7879 -0.0238 0.6154
vn -0.7995 0.4203 0.4290
vn -0.7513 0.5750 0.3239
vn -0.8181 0.2268 0.5284
vn -0.8181 0.2268 0.5285
vn -0.7074 -0.2596 0.6574
vn -0.4441 -0.6431 0.6238
vn -0.1214 -0.8709 0.4762
vn -0.0930 -0.8831 0.4598
vn -0.3835 -0.7001 0.6024
vn -0.3835 -0.7000 0.6024
vn -0.6400 -0.3890 0.6626
vn -0.6401 -0.3890 0.6625
vn -0.7415 -0.1725 0.6484
vn -0.7443 -0.1720 0.6453
vn -0.8098 0.0985 0.5784
vn -0.8145 0.1446 0.5618
vn -0.6604 -0.3535 0.6625
vn -0.3620 -0.7185 0.5939
vn -0.0807 -0.5574 0.8263
vn -0.3466 -0.1738 0.9218
vn -0.5484 0.2970 0.7817
vn -0.5358 0.2554 0.8048
vn -0.5358 0.2555 0.8048
vn -0.4373 0.0035 0.8993
vn -0.4378 0.0033 0.8991
vn -0.3263 -0.2093 0.9218
vn -0.0982 -0.5366 0.8381
vn -0.0983 -0.5366 0.8381
vn 0.1248 -0.7584 0.6398
vn 0.1042 -0.7417 0.6626
vn -0.1486 -0.4739 0.8680
vn -0.3961 -0.0813 0.9146
vn -0.5678 0.3701 0.7352
vn -0.5679 0.3701 0.7352
vn -0.5979 0.6629 0.4507
vn -0.5978 0.6629 0.4507
vn -0.5963 0.5367 0.5969
vn -0.4964 0.1432 0.8562
vn -0.2643 -0.3101 0.9132
vn -0.1157 -0.5154 0.8491
vn -0.3928 -0.0878 0.9154
vn -0.3927 -0.0878 0.9154
vn -0.5453 0.2863 0.7878
vn -0.5453 0.2863 0.7879
vn -0.5067 0.1706 0.8451
vn -0.3641 -0.1421 0.9205
vn -0.3009 -0.2519 0.9198
vn -0.2222 -0.3731 0.9008
vn -0.2141 -0.3848 0.8978
vn -0.2786 -0.2877 0.9163
vn -0.3853 -0.1022 0.9171
vn -0.3935 -0.0863 0.9152
vn -0.4885 0.1229 0.8639
vn -0.4825 0.1078 0.8692
vn -0.5878 0.4698 0.6586
vn -0.5779 0.7619 0.2924
vn 0.2603 -0.3621 0.8951
vn 0.0337 0.0441 0.9985
vn -0.2259 0.4817 0.8467
vn -0.2038 0.4456 0.8717
vn -0.0658 0.2155 0.9743
vn -0.0662 0.2153 0.9743
vn 0.0541 0.0086 0.9985
vn 0.0540 0.0086 0.9985
vn 0.2475 -0.3385 0.9078
vn 0.3887 -0.6072 0.6930
vn 0.3775 -0.5851 0.7177
vn 0.2095 -0.2688 0.9402
vn 0.2095 -0.2688 0.9401
vn -0.0187 0.1348 0.9907
vn -0.2645 0.5439 0.7964
vn -0.4119 0.7694 0.4882
vn -0.3501 0.6778 0.6466
vn -0.1431 0.3455 0.9274
vn 0.1124 -0.0943 0.9892
vn 0.2346 -0.3147 0.9197
vn -0.0151 0.1285 0.9916
vn -0.2202 0.4725 0.8534
vn -0.1581 0.3703 0.9154
vn 0.0157 0.0754 0.9970
vn 0.0786 -0.0345 0.9963
vn 0.1494 -0.1603 0.9757
vn 0.1563 -0.1727 0.9725
vn 0.0994 -0.0712 0.9925
vn -0.0070 0.1146 0.9934
vn -0.0159 0.1300 0.9914
vn -0.1321 0.3270 0.9357
vn -0.1238 0.3133 0.9416
vn -0.3161 0.6254 0.7134
vn -0.4573 0.8310 0.3167
vn 0.5933 -0.1713 0.7865
vn 0.4052 0.2569 0.8774
vn 0.0891 0.6622 0.7440
vn 0.1206 0.6314 0.7660
vn 0.2955 0.4236 0.8563
vn 0.2978 0.4227 0.8559
vn 0.4256 0.2214 0.8774
vn 0.5853 -0.1450 0.7977
vn 0.5853 -0.1451 0.7977
vn 0.6466 -0.4595 0.6089
vn 0.6446 -0.4321 0.6307
vn 0.5593 -0.0684 0.8261
vn 0.3499 0.3460 0.8706
vn 0.0318 0.7136 0.6998
vn -0.2303 0.8735 0.4290
vn -0.1095 0.8156 0.5682
vn 0.2020 0.5432 0.8150
vn 0.4805 0.1165 0.8692
vn 0.5768 -0.1187 0.8082
vn 0.3539 0.3399 0.8713
vn 0.0973 0.6544 0.7499
vn 0.1825 0.5654 0.8044
vn 0.3867 0.2879 0.8761
vn 0.4493 0.1778 0.8755
vn 0.5125 0.0477 0.8574
vn 0.5182 0.0346 0.8546
vn 0.4687 0.1404 0.8721
vn 0.3627 0.3263 0.8729
vn 0.3530 0.3413 0.8712
vn 0.3529 0.3413 0.8712
vn 0.2161 0.5265 0.8223
vn 0.2265 0.5140 0.8274
vn -0.0507 0.7775 0.6269
vn -0.3395 0.8985 0.2783
vn 0.9480 0.0217 0.3174
vn 0.9664 0.1982 0.1639
vn 0.8439 0.5081 0.1723
vn 0.4611 0.8752 0.1461
vn 0.5035 0.8508 0.1504
vn 0.7237 0.6693 0.1683
vn 0.7254 0.6675 0.1680
vn 0.8642 0.4727 0.1723
vn 0.9841 0.0834 0.1566
vn 0.9841 0.0834 0.1567
vn 0.9510 -0.2851 0.1196
vn 0.9599 -0.2515 0.1238
vn 0.9723 0.1682 0.1622
vn 0.7851 0.5953 0.1710
vn 0.3817 0.9140 0.1374
vn -0.0158 0.9963 0.0842
vn 0.1746 0.9783 0.1116
vn 0.1745 0.9783 0.1116
vn 0.6094 0.7766 0.1600
vn 0.9151 0.3654 0.1707
vn 0.9809 0.1127 0.1587
vn 0.7895 0.5894 0.1711
vn 0.4722 0.8691 0.1473
vn 0.5847 0.7958 0.1580
vn 0.5847 0.7958 0.1579
vn 0.8247 0.5388 0.1720
vn 0.8870 0.4285 0.1719
vn 0.9411 0.2932 0.1684
vn 0.9454 0.2793 0.1678
vn 0.9047 0.3901 0.1713
vn 0.7991 0.5763 0.1714
vn 0.7885 0.5908 0.1711
vn 0.6272 0.7619 0.1615
vn 0.6401 0.7509 0.1625
vn 0.2627 0.9570 0.1231
vn -0.2004 0.9782 0.0546
vn -0.2066 0.9746 -0.0863
vn 0.2486 0.9489 -0.1944
vn 0.6215 0.7402 -0.2566
vn 0.6087 0.7513 -0.2550
vn 0.7689 0.5796 -0.2701
vn 0.7794 0.5650 -0.2707
vn 0.8851 0.3789 -0.2704
vn 0.9262 0.2683 -0.2650
vn 0.9218 0.2822 -0.2659
vn 0.8673 0.4172 -0.2715
vn 0.8049 0.5275 -0.2717
vn 0.5665 0.7854 -0.2494
vn 0.4553 0.8594 -0.2325
vn 0.7699 0.5782 -0.2702
vn 0.9627 0.1023 -0.2506
vn 0.8955 0.3542 -0.2695
vn 0.5910 0.7660 -0.2527
vn 0.1618 0.9710 -0.1762
vn -0.0255 0.9908 -0.1330
vn 0.3659 0.9050 -0.2170
vn 0.7655 0.5841 -0.2699
vn 0.9537 0.1575 -0.2562
vn 0.9457 -0.2597 -0.1956
vn 0.9373 -0.2930 -0.1888
vn 0.9662 0.0731 -0.2474
vn 0.8445 0.4614 -0.2721
vn 0.8445 0.4613 -0.2721
vn 0.7054 0.6572 -0.2655
vn 0.7042 0.6584 -0.2657
vn 0.4863 0.8409 -0.2375
vn 0.4443 0.8656 -0.2307
vn 0.8241 0.4968 -0.2721
vn 0.9688 0.0438 -0.2439
vn 0.6944 0.4225 0.5825
vn 0.3343 0.8026 0.4940
vn 0.3730 0.7760 0.5086
vn 0.5810 0.5839 0.5670
vn 0.5781 0.5851 0.5687
vn 0.7147 0.3870 0.5825
vn 0.8482 0.0055 0.5297
vn 0.8482 0.0055 0.5296
vn 0.8473 -0.3445 0.4043
vn 0.8524 -0.3131 0.4187
vn 0.8315 0.0876 0.5485
vn 0.8316 0.0876 0.5485
vn 0.6368 0.5103 0.5780
vn 0.2624 0.8457 0.4646
vn -0.0889 0.9545 0.2848
vn 0.0778 0.9229 0.3772
vn 0.4705 0.6970 0.5411
vn 0.7669 0.2806 0.5771
vn 0.8432 0.0339 0.5366
vn 0.6411 0.5044 0.5785
vn 0.6410 0.5044 0.5785
vn 0.3444 0.7959 0.4979
vn 0.4476 0.7173 0.5340
vn 0.4476 0.7172 0.5340
vn 0.6754 0.4533 0.5817
vn 0.7378 0.3431 0.5813
vn 0.7950 0.2095 0.5692
vn 0.7950 0.2096 0.5692
vn 0.7998 0.1959 0.5674
vn 0.7561 0.3050 0.5790
vn 0.6504 0.4911 0.5796
vn 0.6503 0.4911 0.5796
vn 0.6400 0.5058 0.5784
vn 0.4871 0.6817 0.5459
vn 0.4992 0.6701 0.5493
vn 0.1559 0.8958 0.4162
vn -0.2477 0.9510 0.1848
vn 0.4431 0.5489 -0.7088
vn -0.9595 -0.2477 -0.1342
vn -0.9437 -0.2892 0.1606
vn -0.9469 -0.1906 0.2591
vn -0.9143 -0.2174 0.3419
vn -0.8787 -0.2258 0.4207
vn -0.7151 -0.1302 -0.6868
vn -0.7801 -0.1398 -0.6098
vn -0.8230 -0.1207 -0.5550
vn -0.8424 -0.1690 -0.5117
vn -0.8788 -0.2260 -0.4203
vn -0.9068 -0.2416 -0.3455
vn -0.9079 -0.2433 -0.3413
vn -0.9513 -0.2661 -0.1556
vn -0.4930 -0.0603 -0.8680
vn -0.4944 -0.0559 -0.8675
vn -0.5034 0.3815 -0.7753
vn -0.6593 -0.1012 -0.7450
vn -0.5312 -0.0039 -0.8473
vn -0.5599 0.0010 -0.8286
vn 0.2683 0.3592 -0.8939
vn 0.2899 0.5425 -0.7885
vn 0.2368 0.4006 -0.8851
vn 0.0528 0.3088 -0.9497
vn -0.0408 0.2489 -0.9677
vn -0.1739 0.2042 -0.9634
vn -0.2382 0.1427 -0.9607
vn -0.4634 0.0049 -0.8861
vn -0.4654 -0.0095 -0.8850
vn 0.1061 0.4408 -0.8913
vn 0.2319 0.3814 -0.8949
vn -0.0934 0.6330 -0.7685
vn 0.3025 0.4038 -0.8634
vn 0.3057 0.4003 -0.8639
vn 0.5145 0.5661 -0.6441
vn 0.4628 0.7306 -0.5021
vn 0.4832 0.6145 -0.6236
vn -0.5474 -0.8276 -0.1245
vn -0.4116 -0.7469 -0.5222
vn -0.3648 0.8840 -0.2924
vn -0.2653 0.9410 -0.2101
vn 0.1163 0.8732 -0.4734
vn 0.4470 0.6402 -0.6248
vn 0.4352 0.6520 -0.6209
vn 0.5851 0.4743 -0.6578
vn 0.5953 0.4595 -0.6592
vn 0.7011 0.2735 -0.6586
vn 0.7459 0.1650 -0.6453
vn 0.7409 0.1786 -0.6474
vn 0.6826 0.3114 -0.6611
vn 0.6201 0.4217 -0.6616
vn 0.3969 0.6882 -0.6074
vn 0.2971 0.7688 -0.5663
vn 0.5861 0.4729 -0.6580
vn 0.7922 0.0047 -0.6103
vn 0.7121 0.2492 -0.6564
vn 0.4191 0.6676 -0.6154
vn 0.0419 0.9023 -0.4290
vn -0.1160 0.9389 -0.3239
vn 0.2183 0.8204 -0.5284
vn 0.5819 0.4789 -0.6574
vn 0.7794 0.0577 -0.6238
vn 0.8126 -0.3359 -0.4762
vn 0.8088 -0.3666 -0.4598
vn 0.7979 -0.0233 -0.6024
vn 0.6594 0.3553 -0.6626
vn 0.6593 0.3553 -0.6626
vn 0.5251 0.5539 -0.6461
vn 0.5238 0.5541 -0.6470
vn 0.3247 0.7483 -0.5784
vn 0.2874 0.7757 -0.5618
vn -0.1078 0.7447 -0.6586
vn -0.1079 0.7447 -0.6586
vn 0.1511 0.4707 -0.8692
vn 0.1411 0.4835 -0.8639
vn 0.2735 0.2958 -0.9152
vn 0.2831 0.2807 -0.9171
vn 0.3892 0.0948 -0.9163
vn 0.4403 -0.0100 -0.8978
vn 0.4343 0.0029 -0.9008
vn 0.3695 0.1321 -0.9198
vn 0.3068 0.2422 -0.9205
vn 0.1092 0.5234 -0.8451
vn 0.0289 0.6152 -0.7879
vn 0.2745 0.2944 -0.9154
vn 0.2744 0.2944 -0.9154
vn 0.5031 -0.1609 -0.8491
vn 0.4012 0.0711 -0.9132
vn 0.1276 0.5006 -0.8562
vn -0.1613 0.7859 -0.5969
vn -0.2694 0.8511 -0.4507
vn -0.0320 0.6771 -0.7352
vn 0.2705 0.3005 -0.9146
vn 0.4840 -0.1115 -0.8680
vn 0.5871 -0.4651 -0.6626
vn 0.5910 -0.4913 -0.6398
vn 0.5126 -0.1867 -0.8381
vn 0.5126 -0.1868 -0.8381
vn 0.3456 0.1756 -0.9218
vn 0.2181 0.3792 -0.8992
vn 0.2178 0.3784 -0.8997
vn 0.0507 0.5914 -0.8048
vn 0.0213 0.6233 -0.7817
vn 0.3252 0.2111 -0.9218
vn 0.8029 -0.0513 -0.5939
vn 0.8029 -0.0512 -0.5939
vn 0.6390 0.3908 -0.6625
vn 0.5216 -0.2124 -0.8263
vn 0.4869 -0.0425 -0.8724
vn 0.3838 -0.3015 -0.8728
vn 0.1807 -0.4077 -0.8951
vn -0.0551 -0.0068 -0.9985
vn -0.3012 0.4386 -0.8467
vn -0.2813 0.4012 -0.8717
vn -0.1527 0.1652 -0.9744
vn -0.1526 0.1672 -0.9740
vn -0.0348 -0.0423 -0.9985
vn 0.1668 -0.3848 -0.9078
vn 0.3271 -0.6425 -0.6930
vn 0.3137 -0.6217 -0.7177
vn 0.1259 -0.3167 -0.9402
vn 0.1259 -0.3167 -0.9401
vn -0.1068 0.0844 -0.9907
vn -0.3353 0.5033 -0.7964
vn -0.4553 0.7446 -0.4882
vn -0.4076 0.6449 -0.6466
vn -0.2256 0.2983 -0.9274
vn 0.0245 -0.1447 -0.9892
vn 0.1528 -0.3616 -0.9197
vn -0.1032 0.0780 -0.9916
vn -0.2961 0.4290 -0.8534
vn -0.2395 0.3237 -0.9154
vn -0.0730 0.0246 -0.9970
vn -0.0100 -0.0853 -0.9963
vn 0.0626 -0.2100 -0.9757
vn 0.0699 -0.2222 -0.9725
vn 0.0698 -0.2222 -0.9725
vn 0.0111 -0.1217 -0.9925
vn -0.0953 0.0640 -0.9934
vn -0.1041 0.0795 -0.9914
vn -0.2153 0.2793 -0.9357
vn -0.2076 0.2653 -0.9416
vn -0.3796 0.5891 -0.7134
vn -0.4855 0.8149 -0.3167
vn -0.1524 -0.5984 -0.7865
vn -0.4266 -0.2196 -0.8774
vn -0.6163 0.2581 -0.7440
vn -0.6057 0.2154 -0.7660
vn -0.5147 -0.0415 -0.8564
vn -0.5160 -0.0411 -0.8556
vn -0.4063 -0.2551 -0.8774
vn -0.1709 -0.5783 -0.7977
vn -0.1710 -0.5783 -0.7977
vn 0.0693 -0.7902 -0.6089
vn 0.0467 -0.7746 -0.6307
vn -0.2240 -0.5170 -0.8261
vn -0.4755 -0.1268 -0.8706
vn -0.6317 0.3336 -0.6998
vn -0.6370 0.6405 -0.4290
vn -0.6481 0.5070 -0.5682
vn -0.5707 0.1006 -0.8150
vn -0.3436 -0.3555 -0.8692
vn -0.1894 -0.5576 -0.8082
vn -0.4722 -0.1333 -0.8713
vn -0.6137 0.2471 -0.7499
vn -0.5801 0.1286 -0.8044
vn -0.4440 -0.1879 -0.8761
vn -0.3807 -0.2976 -0.8755
vn -0.3004 -0.4179 -0.8574
vn -0.2920 -0.4295 -0.8546
vn -0.3582 -0.3333 -0.8721
vn -0.4649 -0.1478 -0.8729
vn -0.4730 -0.1318 -0.8712
vn -0.5635 0.0799 -0.8223
vn -0.5579 0.0646 -0.8274
vn -0.6450 0.4371 -0.6269
vn -0.6450 0.4370 -0.6269
vn -0.6033 0.7474 -0.2783
vn -0.4983 -0.8068 -0.3175
vn -0.6598 -0.7333 -0.1639
vn -0.8652 -0.4708 -0.1723
vn -0.9882 0.0450 -0.1461
vn -0.9882 0.0451 -0.1461
vn -0.9886 -0.0039 -0.1504
vn -0.9427 -0.2879 -0.1685
vn -0.9428 -0.2879 -0.1683
vn -0.8449 -0.5063 -0.1723
vn -0.8449 -0.5064 -0.1723
vn -0.5698 -0.8067 -0.1567
vn -0.5698 -0.8067 -0.1566
vn -0.2352 -0.9646 -0.1196
vn -0.2686 -0.9552 -0.1239
vn -0.2686 -0.9552 -0.1238
vn -0.6370 -0.7536 -0.1622
vn -0.9107 -0.3761 -0.1709
vn -0.9107 -0.3761 -0.1710
vn -0.9815 0.1332 -0.1374
vn -0.8514 0.5177 -0.0842
vn -0.9322 0.3443 -0.1116
vn -0.9781 -0.1328 -0.1600
vn -0.7781 -0.6045 -0.1707
vn -0.7782 -0.6044 -0.1707
vn -0.5935 -0.7891 -0.1587
vn -0.9078 -0.3829 -0.1711
vn -0.9886 0.0324 -0.1473
vn -0.9822 -0.1018 -0.1580
vn -0.8820 -0.4388 -0.1720
vn -0.8820 -0.4388 -0.1721
vn -0.8184 -0.5483 -0.1719
vn -0.7290 -0.6634 -0.1684
vn -0.7192 -0.6742 -0.1678
vn -0.7942 -0.5830 -0.1713
vn -0.9013 -0.3978 -0.1714
vn -0.9085 -0.3812 -0.1711
vn -0.9745 -0.1556 -0.1615
vn -0.9716 -0.1723 -0.1625
vn -0.9584 0.2575 -0.1231
vn -0.7424 0.6677 -0.0547
vn -0.7362 0.6713 0.0863
vn -0.9443 0.2656 0.1944
vn -0.9529 -0.1616 0.2566
vn -0.9560 -0.1450 0.2550
vn -0.8889 -0.3700 0.2701
vn -0.8817 -0.3865 0.2707
vn -0.7745 -0.5718 0.2704
vn -0.7000 -0.6632 0.2650
vn -0.7097 -0.6524 0.2659
vn -0.7987 -0.5371 0.2715
vn -0.8623 -0.4275 0.2717
vn -0.9641 -0.0914 0.2494
vn -0.9717 0.0420 0.2325
vn -0.8882 -0.3716 0.2702
vn -0.5753 -0.7786 0.2506
vn -0.7586 -0.5932 0.2695
vn -0.9598 -0.1223 0.2527
vn -0.9194 0.3517 0.1762
vn -0.8418 0.5232 0.1330
vn -0.9658 0.1422 0.2170
vn -0.8911 -0.3648 0.2699
vn -0.6184 -0.7430 0.2562
vn -0.2544 -0.9471 0.1956
vn -0.2214 -0.9567 0.1888
vn -0.2215 -0.9567 0.1888
vn -0.5518 -0.7965 0.2474
vn -0.5518 -0.7964 0.2473
vn -0.8252 -0.4950 0.2721
vn -0.9237 -0.2765 0.2653
vn -0.9241 -0.2751 0.2651
vn -0.9714 0.0060 0.2375
vn -0.9715 0.0546 0.2307
vn -0.8455 -0.4595 0.2721
vn -0.5279 -0.8135 0.2439
vn -0.7157 -0.3852 -0.5825
vn -0.8615 0.1177 -0.4940
vn -0.8581 0.0708 -0.5086
vn -0.7980 -0.2023 -0.5676
vn -0.7959 -0.2039 -0.5700
vn -0.6955 -0.4207 -0.5825
vn -0.6954 -0.4207 -0.5826
vn -0.4338 -0.7289 -0.5297
vn -0.4339 -0.7289 -0.5296
vn -0.1314 -0.9051 -0.4043
vn -0.1612 -0.8937 -0.4187
vn -0.4962 -0.6730 -0.5485
vn -0.7623 -0.2911 -0.5780
vn -0.7624 -0.2911 -0.5780
vn -0.8623 0.2015 -0.4646
vn -0.7783 0.5595 -0.2848
vn -0.8354 0.3998 -0.3772
vn -0.8393 -0.0533 -0.5411
vn -0.6300 -0.5196 -0.5771
vn -0.4558 -0.7102 -0.5366
vn -0.7594 -0.2978 -0.5785
vn -0.8608 0.1055 -0.4979
vn -0.8451 -0.0232 -0.5340
vn -0.7327 -0.3532 -0.5817
vn -0.6692 -0.4629 -0.5813
vn -0.5830 -0.5798 -0.5692
vn -0.5736 -0.5908 -0.5674
vn -0.6456 -0.4979 -0.5790
vn -0.7526 -0.3126 -0.5796
vn -0.7601 -0.2962 -0.5784
vn -0.8344 -0.0753 -0.5459
vn -0.8306 -0.0916 -0.5493
vn -0.8516 0.3187 -0.4162
vn -0.6950 0.6948 -0.1848
vn -0.2587 0.9566 0.1342
vn -0.2149 0.9633 -0.1606
vn -0.3021 0.9174 -0.2591
vn -0.2627 0.9023 -0.3418
vn -0.2379 0.8755 -0.4207
vn -0.2393 0.6842 0.6889
vn -0.2639 0.7473 0.6098
vn -0.3017 0.7752 0.5550
vn -0.2692 0.8159 0.5117
vn -0.2377 0.8757 0.4203
vn -0.2380 0.9077 0.3455
vn -0.2371 0.9096 0.3413
vn -0.2386 0.9586 0.1556
vn -0.1911 0.4584 0.8680
vn -0.1957 0.4574 0.8675
vn -0.5802 0.2493 0.7754
vn -0.2383 0.6203 0.7473
vn -0.2590 0.4637 0.8473
vn -0.2775 0.4863 0.8286
vn -0.2217 0.4093 0.8850
vn -0.2332 0.4005 0.8861
vn -0.2418 0.1366 0.9607
vn -0.2635 0.0503 0.9634
vn -0.3232 -0.3359 0.8847
vn -0.2226 -0.4208 0.8794
vn -0.1886 -0.4328 0.8815
vn -0.3450 -0.3973 0.8503
vn -0.2373 -0.5584 0.7949
vn -0.2582 -0.6565 0.7088
vn -0.2443 -0.6116 0.7525
vn -0.2304 -0.3761 0.8975
vn -0.2599 -0.4071 0.8756
vn -0.2290 -0.1215 0.9658
vn -0.2379 -0.7270 0.6441
vn -0.4065 -0.7633 0.5021
vn -0.2956 -0.7237 0.6236
vn -0.2653 -0.9548 -0.1342
vn -0.2214 -0.9619 0.1606
vn -0.3084 -0.9153 0.2591
vn -0.2689 -0.9005 0.3419
vn -0.2438 -0.8738 0.4207
vn -0.2447 -0.6844 -0.6868
vn -0.2690 -0.7455 -0.6098
vn -0.3070 -0.7731 -0.5550
vn -0.2748 -0.8140 -0.5117
vn -0.2437 -0.8741 -0.4203
vn -0.2442 -0.9061 -0.3455
vn -0.2433 -0.9079 -0.3413
vn -0.2452 -0.9569 -0.1556
vn -0.1848 -0.4241 -0.8866
vn -0.3810 -0.3798 -0.8430
vn -0.2356 -0.5543 -0.7983
vn -0.2420 -0.6216 -0.7450
vn -0.2622 -0.4620 -0.8473
vn -0.2808 -0.4844 -0.8286
vn -0.3442 0.4993 -0.7951
vn -0.1673 0.3822 -0.9088
vn -0.2537 0.6582 -0.7088
vn -0.2249 -0.4106 -0.8836
vn -0.2370 -0.4010 -0.8849
vn -0.2411 -0.1003 -0.9653
vn -0.2583 -0.0486 -0.9649
vn -0.2359 0.1418 -0.9614
vn -0.2492 0.4005 -0.8818
vn -0.3252 0.3241 -0.8884
vn -0.2167 0.4052 -0.8882
vn -0.5654 0.2562 -0.7840
vn -0.1999 0.4673 -0.8612
vn -0.1953 0.4684 -0.8617
vn -0.2330 0.7286 -0.6441
vn -0.4013 0.7661 -0.5021
vn -0.2906 0.7257 -0.6236
vn 0.4491 0.8848 0.1245
vn 0.4460 0.7269 0.5222
vn -0.9492 -0.2342 0.2102
vn -0.7017 -0.5325 0.4734
vn -0.3358 -0.7049 0.6248
vn -0.3518 -0.7005 0.6209
vn -0.1233 -0.7430 0.6578
vn -0.1054 -0.7446 0.6592
vn 0.1086 -0.7446 0.6586
vn 0.2250 -0.7300 0.6453
vn 0.2108 -0.7324 0.6474
vn 0.0665 -0.7473 0.6611
vn -0.0602 -0.7475 0.6616
vn -0.4022 -0.6850 0.6074
vn -0.5216 -0.6382 0.5663
vn -0.1216 -0.7432 0.6580
vn -0.1215 -0.7432 0.6580
vn 0.3873 -0.6910 0.6103
vn 0.1352 -0.7422 0.6564
vn -0.3733 -0.6942 0.6154
vn -0.7638 -0.4822 0.4290
vn -0.7638 -0.4823 0.4290
vn -0.8736 -0.3631 0.3239
vn -0.6055 -0.5951 0.5284
vn -0.1288 -0.7425 0.6574
vn 0.3349 -0.7061 0.6238
vn 0.3349 -0.7061 0.6239
vn 0.6935 -0.5406 0.4762
vn 0.7183 -0.5221 0.4598
vn 0.4145 -0.6822 0.6024
vn 0.4145 -0.6821 0.6024
vn 0.0169 -0.7488 0.6625
vn 0.0169 -0.7488 0.6626
vn -0.2229 -0.7301 0.6460
vn -0.2221 -0.7302 0.6461
vn -0.4902 -0.6520 0.5784
vn -0.5325 -0.6331 0.5618
vn -0.0240 -0.7486 0.6625
vn 0.4412 -0.6727 0.5939
vn 0.4423 -0.3485 0.8263
vn -0.0228 -0.3870 0.9218
vn -0.5314 -0.3265 0.7817
vn -0.4891 -0.3363 0.8048
vn -0.2216 -0.3783 0.8988
vn -0.2199 -0.3752 0.9005
vn 0.0181 -0.3872 0.9218
vn 0.4156 -0.3533 0.8381
vn 0.4156 -0.3534 0.8381
vn 0.7192 -0.2711 0.6398
vn 0.6944 -0.2806 0.6626
vn 0.3361 -0.3657 0.8680
vn -0.1276 -0.3837 0.9146
vn -0.6045 -0.3067 0.7352
vn -0.8730 -0.1863 0.4507
vn -0.7630 -0.2481 0.5969
vn -0.3722 -0.3583 0.8562
vn 0.1364 -0.3840 0.9132
vn 0.3885 -0.3579 0.8491
vn -0.1203 -0.3841 0.9154
vn -0.1203 -0.3840 0.9154
vn -0.5206 -0.3291 0.7879
vn -0.5206 -0.3291 0.7878
vn -0.4011 -0.3535 0.8451
vn -0.0590 -0.3864 0.9205
vn 0.0677 -0.3865 0.9198
vn 0.2120 -0.3790 0.9008
vn 0.2262 -0.3778 0.8978
vn 0.1099 -0.3852 0.9163
vn -0.1042 -0.3848 0.9171
vn -0.1221 -0.3840 0.9152
vn -0.3506 -0.3616 0.8639
vn -0.3346 -0.3639 0.8692
vn -0.7008 -0.2742 0.6586
vn -0.9488 -0.1196 0.2924
vn 0.4437 0.0444 0.8951
vn -0.0213 0.0512 0.9985
vn -0.5301 0.0452 0.8467
vn -0.4878 0.0463 0.8717
vn -0.2200 0.0508 0.9742
vn -0.2214 0.0511 0.9738
vn 0.0196 0.0511 0.9985
vn 0.4170 0.0451 0.9078
vn 0.7202 0.0331 0.6930
vn 0.6955 0.0344 0.7177
vn 0.3375 0.0470 0.9401
vn 0.3375 0.0470 0.9402
vn -0.1261 0.0512 0.9907
vn -0.6033 0.0429 0.7964
vn -0.8723 0.0280 0.4882
vn -0.7620 0.0357 0.6466
vn -0.3708 0.0488 0.9274
vn 0.1379 0.0502 0.9892
vn 0.3899 0.0458 0.9197
vn -0.1188 0.0512 0.9916
vn -0.5193 0.0455 0.8534
vn -0.3997 0.0483 0.9154
vn -0.0575 0.0513 0.9970
vn 0.0692 0.0508 0.9963
vn 0.2135 0.0493 0.9757
vn 0.2277 0.0491 0.9725
vn 0.1113 0.0505 0.9925
vn -0.1027 0.0513 0.9934
vn -0.1206 0.0512 0.9914
vn -0.3492 0.0491 0.9357
vn -0.3332 0.0494 0.9416
vn -0.6997 0.0389 0.7134
vn -0.9483 0.0195 0.3167
vn 0.4450 0.4282 0.7865
vn -0.0199 0.4794 0.8774
vn -0.5289 0.4083 0.7440
vn -0.4866 0.4201 0.7660
vn -0.4865 0.4201 0.7660
vn -0.2187 0.4692 0.8556
vn -0.2185 0.4694 0.8555
vn 0.0210 0.4793 0.8774
vn 0.4183 0.4343 0.7977
vn 0.4183 0.4344 0.7977
vn 0.7212 0.3302 0.6090
vn 0.7212 0.3302 0.6089
vn 0.6965 0.3422 0.6307
vn 0.3389 0.4502 0.8261
vn -0.1247 0.4760 0.8706
vn -0.1247 0.4760 0.8705
vn -0.6021 0.3843 0.6998
vn -0.6021 0.3844 0.6998
vn -0.8716 0.2373 0.4290
vn -0.7611 0.3130 0.5682
vn -0.3694 0.4465 0.8150
vn 0.1393 0.4744 0.8692
vn 0.3912 0.4402 0.8082
vn -0.1174 0.4764 0.8713
vn -0.5180 0.4114 0.7499
vn -0.3984 0.4408 0.8044
vn -0.0560 0.4788 0.8761
vn 0.0707 0.4780 0.8755
vn 0.2149 0.4677 0.8574
vn 0.2291 0.4661 0.8546
vn 0.1128 0.4761 0.8721
vn -0.1012 0.4772 0.8729
vn -0.1191 0.4763 0.8712
vn -0.3479 0.4504 0.8223
vn -0.3318 0.4531 0.8274
vn -0.6987 0.3448 0.6269
vn -0.9479 0.1553 0.2783
vn 0.4553 0.8318 0.3174
vn 0.3116 0.9360 0.1639
vn -0.0181 0.9849 0.1723
vn -0.5274 0.8369 0.1461
vn -0.4851 0.8615 0.1504
vn -0.2161 0.9617 0.1687
vn -0.2170 0.9615 0.1689
vn 0.0228 0.9848 0.1723
vn 0.4199 0.8940 0.1566
vn 0.7224 0.6810 0.1196
vn 0.6978 0.7055 0.1238
vn 0.3405 0.9261 0.1622
vn -0.1230 0.9776 0.1710
vn -0.6007 0.7875 0.1374
vn -0.8707 0.4845 0.0842
vn -0.7599 0.6403 0.1116
vn -0.3678 0.9160 0.1600
vn 0.1410 0.9752 0.1707
vn 0.3928 0.9058 0.1587
vn -0.1157 0.9784 0.1711
vn -0.5166 0.8435 0.1473
vn -0.3968 0.9042 0.1580
vn -0.0543 0.9836 0.1720
vn 0.0724 0.9824 0.1719
vn 0.2166 0.9616 0.1684
vn 0.2308 0.9584 0.1678
vn 0.1145 0.9785 0.1713
vn -0.0995 0.9802 0.1714
vn -0.1174 0.9782 0.1711
vn -0.3462 0.9241 0.1615
vn -0.3302 0.9298 0.1625
vn -0.6974 0.7060 0.1231
vn -0.9473 0.3156 0.0547
vn -0.9473 0.3084 -0.0863
vn -0.6975 0.6897 -0.1944
vn -0.3303 0.9083 -0.2566
vn -0.3463 0.9028 -0.2550
vn -0.1175 0.9556 -0.2701
vn -0.0996 0.9575 -0.2707
vn 0.1144 0.9559 -0.2704
vn 0.2307 0.9362 -0.2650
vn 0.2165 0.9394 -0.2659
vn 0.0723 0.9597 -0.2715
vn -0.0544 0.9609 -0.2717
vn -0.3969 0.8833 -0.2494
vn -0.5166 0.8240 -0.2325
vn -0.1158 0.9558 -0.2702
vn 0.3927 0.8849 -0.2506
vn 0.1410 0.9526 -0.2695
vn -0.3679 0.8949 -0.2527
vn -0.7600 0.6256 -0.1762
vn -0.8708 0.4733 -0.1330
vn -0.6008 0.7694 -0.2170
vn -0.1231 0.9550 -0.2699
vn 0.3404 0.9047 -0.2562
vn 0.6977 0.6892 -0.1956
vn 0.7224 0.6652 -0.1888
vn 0.4198 0.8733 -0.2473
vn 0.4198 0.8732 -0.2474
vn 0.0227 0.9620 -0.2721
vn -0.2167 0.9397 -0.2646
vn -0.2165 0.9398 -0.2643
vn -0.4851 0.8416 -0.2375
vn -0.5275 0.8176 -0.2307
vn -0.0182 0.9621 -0.2721
vn 0.4465 0.8609 -0.2439
vn -0.0187 0.8126 0.5825
vn -0.5279 0.6908 0.4940
vn -0.4856 0.7110 0.5086
vn -0.2172 0.7939 0.5679
vn -0.2166 0.7919 0.5709
vn 0.0222 0.8125 0.5825
vn 0.0222 0.8125 0.5826
vn 0.4194 0.7373 0.5296
vn 0.7220 0.5615 0.4043
vn 0.6974 0.5817 0.4187
vn 0.3399 0.7639 0.5485
vn -0.1236 0.8066 0.5780
vn -0.6012 0.6501 0.4646
vn -0.8710 0.4002 0.2848
vn -0.7603 0.5288 0.3772
vn -0.3684 0.7560 0.5411
vn 0.1405 0.8045 0.5771
vn 0.3923 0.7471 0.5366
vn 0.3922 0.7471 0.5366
vn -0.1163 0.8074 0.5785
vn -0.1163 0.8073 0.5785
vn -0.5171 0.6962 0.4979
vn -0.3974 0.7463 0.5340
vn -0.0549 0.8116 0.5817
vn 0.0718 0.8105 0.5813
vn 0.2160 0.7933 0.5692
vn 0.2302 0.7906 0.5674
vn 0.1139 0.8073 0.5791
vn 0.1139 0.8073 0.5790
vn -0.1001 0.8088 0.5796
vn -0.1180 0.8072 0.5784
vn -0.3468 0.7627 0.5459
vn -0.3308 0.7674 0.5493
vn -0.6979 0.5829 0.4162
vn -0.9475 0.2609 0.1848
vn 0.4430 -0.8878 -0.1245
vn 0.4410 -0.7299 -0.5222
vn -0.9476 0.2407 -0.2101
vn -0.6980 0.5373 -0.4733
vn -0.6980 0.5373 -0.4734
vn -0.3310 0.7072 -0.6248
vn -0.3470 0.7029 -0.6209
vn -0.1182 0.7438 -0.6578
vn -0.1003 0.7453 -0.6592
vn 0.1137 0.7439 -0.6586
vn 0.2300 0.7285 -0.6453
vn 0.2158 0.7309 -0.6474
vn 0.0716 0.7469 -0.6611
vn -0.0551 0.7478 -0.6616
vn -0.3976 0.6878 -0.6074
vn -0.5173 0.6417 -0.5663
vn -0.1165 0.7440 -0.6580
vn 0.3920 0.6884 -0.6103
vn 0.3921 0.6884 -0.6103
vn 0.1402 0.7413 -0.6564
vn 0.1403 0.7413 -0.6564
vn -0.3686 0.6967 -0.6154
vn -0.7605 0.4875 -0.4290
vn -0.7605 0.4874 -0.4291
vn -0.8711 0.3690 -0.3239
vn -0.6014 0.5992 -0.5284
vn -0.1238 0.7433 -0.6574
vn 0.3397 0.7038 -0.6238
vn 0.3397 0.7039 -0.6238
vn 0.6972 0.5358 -0.4762
vn 0.7219 0.5172 -0.4598
vn 0.4191 0.6793 -0.6024
vn 0.0220 0.7487 -0.6626
vn 0.0220 0.7487 -0.6625
vn -0.2167 0.7301 -0.6481
vn -0.2171 0.7324 -0.6454
vn -0.4858 0.6553 -0.5784
vn -0.5281 0.6367 -0.5618
vn -0.0189 0.7488 -0.6625
vn 0.4458 0.6697 -0.5939
vn 0.4447 0.3455 -0.8263
vn -0.0202 0.3872 -0.9218
vn -0.5292 0.3301 -0.7817
vn -0.4868 0.3396 -0.8048
vn -0.2179 0.3785 -0.8996
vn -0.2190 0.3795 -0.8989
vn 0.0207 0.3871 -0.9218
vn 0.4180 0.3506 -0.8381
vn 0.4180 0.3505 -0.8381
vn 0.7210 0.2662 -0.6398
vn 0.7210 0.2662 -0.6397
vn 0.6963 0.2759 -0.6626
vn 0.3386 0.3633 -0.8680
vn 0.3386 0.3634 -0.8679
vn -0.1250 0.3845 -0.9146
vn -0.6024 0.3108 -0.7352
vn -0.8717 0.1922 -0.4507
vn -0.7613 0.2533 -0.5969
vn -0.3697 0.3608 -0.8562
vn 0.1390 0.3830 -0.9132
vn 0.1390 0.3831 -0.9132
vn 0.3909 0.3553 -0.8491
vn -0.1177 0.3849 -0.9154
vn -0.5183 0.3326 -0.7878
vn -0.3987 0.3563 -0.8451
vn -0.0563 0.3868 -0.9205
vn 0.0704 0.3860 -0.9198
vn 0.2146 0.3776 -0.9008
vn 0.2288 0.3763 -0.8978
vn 0.1125 0.3844 -0.9163
vn -0.1015 0.3855 -0.9171
vn -0.1194 0.3848 -0.9152
vn -0.3482 0.3640 -0.8639
vn -0.3321 0.3662 -0.8692
vn -0.6989 0.2790 -0.6586
vn -0.9480 0.1260 -0.2924
vn 0.4434 -0.0474 -0.8951
vn -0.0217 -0.0511 -0.9985
vn -0.5304 -0.0416 -0.8467
vn -0.4881 -0.0430 -0.8717
vn -0.2204 -0.0493 -0.9742
vn -0.2207 -0.0493 -0.9741
vn 0.0192 -0.0512 -0.9985
vn 0.4167 -0.0480 -0.9078
vn 0.4166 -0.0479 -0.9078
vn 0.7200 -0.0380 -0.6929
vn 0.7200 -0.0380 -0.6930
vn 0.6952 -0.0392 -0.7177
vn 0.3372 -0.0493 -0.9401
vn 0.3372 -0.0493 -0.9402
vn -0.1265 -0.0503 -0.9907
vn -0.6036 -0.0388 -0.7964
vn -0.8725 -0.0220 -0.4882
vn -0.7622 -0.0305 -0.6466
vn -0.3711 -0.0463 -0.9274
vn 0.1376 -0.0512 -0.9892
vn 0.1375 -0.0512 -0.9892
vn 0.3895 -0.0485 -0.9197
vn -0.1192 -0.0504 -0.9916
vn -0.5196 -0.0420 -0.8534
vn -0.4001 -0.0455 -0.9154
vn -0.0578 -0.0509 -0.9970
vn 0.0689 -0.0513 -0.9963
vn 0.2132 -0.0507 -0.9757
vn 0.2274 -0.0506 -0.9725
vn 0.1110 -0.0512 -0.9925
vn -0.1030 -0.0506 -0.9934
vn -0.1209 -0.0504 -0.9914
vn -0.3496 -0.0468 -0.9357
vn -0.3336 -0.0471 -0.9416
vn -0.7000 -0.0342 -0.7134
vn -0.9484 -0.0130 -0.3167
vn 0.4421 -0.4312 -0.7865
vn -0.0231 -0.4792 -0.8774
vn -0.5317 -0.4047 -0.7440
vn -0.4894 -0.4168 -0.7660
vn -0.2219 -0.4679 -0.8555
vn -0.2205 -0.4666 -0.8565
vn 0.0178 -0.4794 -0.8774
vn 0.4153 -0.4372 -0.7977
vn 0.7190 -0.3351 -0.6089
vn 0.6942 -0.3469 -0.6307
vn 0.3358 -0.4525 -0.8261
vn -0.1279 -0.4752 -0.8705
vn -0.1279 -0.4751 -0.8706
vn -0.6047 -0.3803 -0.6998
vn -0.6047 -0.3802 -0.6998
vn -0.8732 -0.2314 -0.4290
vn -0.8732 -0.2314 -0.4289
vn -0.7632 -0.3078 -0.5682
vn -0.3725 -0.4439 -0.8150
vn 0.1361 -0.4753 -0.8692
vn 0.3882 -0.4428 -0.8082
vn 0.3882 -0.4429 -0.8082
vn -0.1206 -0.4756 -0.8713
vn -0.5208 -0.4079 -0.7499
vn -0.4014 -0.4381 -0.8044
vn -0.0593 -0.4784 -0.8761
vn 0.0674 -0.4785 -0.8755
vn 0.2117 -0.4691 -0.8574
vn 0.2259 -0.4676 -0.8546
vn 0.1095 -0.4768 -0.8721
vn -0.1045 -0.4765 -0.8729
vn -0.1224 -0.4755 -0.8712
vn -0.3509 -0.4480 -0.8223
vn -0.3349 -0.4509 -0.8274
vn -0.7010 -0.3401 -0.6269
vn -0.9489 -0.1488 -0.2783
vn 0.4496 -0.8349 -0.3174
vn 0.3052 -0.9381 -0.1639
vn -0.0249 -0.9847 -0.1723
vn -0.5331 -0.8333 -0.1461
vn -0.4909 -0.8581 -0.1504
vn -0.2224 -0.9602 -0.1691
vn -0.2240 -0.9599 -0.1684
vn 0.0161 -0.9849 -0.1723
vn 0.0160 -0.9849 -0.1723
vn 0.4137 -0.8968 -0.1567
vn 0.4138 -0.8968 -0.1566
vn 0.7178 -0.6859 -0.1196
vn 0.7178 -0.6860 -0.1196
vn 0.6929 -0.7103 -0.1238
vn 0.3342 -0.9284 -0.1622
vn -0.1296 -0.9767 -0.1710
vn -0.6061 -0.7834 -0.1374
vn -0.8740 -0.4785 -0.0842
vn -0.7643 -0.6351 -0.1116
vn -0.3741 -0.9135 -0.1600
vn 0.1344 -0.9761 -0.1707
vn 0.3866 -0.9085 -0.1587
vn -0.1223 -0.9776 -0.1711
vn -0.5223 -0.8399 -0.1473
vn -0.4030 -0.9015 -0.1580
vn -0.0610 -0.9832 -0.1720
vn 0.0657 -0.9829 -0.1719
vn 0.2100 -0.9631 -0.1684
vn 0.2243 -0.9600 -0.1678
vn 0.1078 -0.9793 -0.1713
vn -0.1062 -0.9795 -0.1714
vn -0.1241 -0.9774 -0.1711
vn -0.3525 -0.9218 -0.1615
vn -0.3366 -0.9275 -0.1625
vn -0.7022 -0.7012 -0.1231
vn -0.9494 -0.3091 -0.0546
vn -0.9494 -0.3019 0.0863
vn -0.7022 -0.6850 0.1944
vn -0.3365 -0.9061 0.2566
vn -0.3525 -0.9004 0.2550
vn -0.1240 -0.9548 0.2701
vn -0.1061 -0.9568 0.2707
vn 0.1079 -0.9567 0.2704
vn 0.2243 -0.9378 0.2650
vn 0.2101 -0.9408 0.2659
vn 0.0658 -0.9602 0.2715
vn -0.0609 -0.9605 0.2717
vn -0.4029 -0.8806 0.2494
vn -0.5222 -0.8205 0.2325
vn -0.1223 -0.9550 0.2702
vn 0.3867 -0.8875 0.2506
vn 0.1345 -0.9536 0.2695
vn -0.3740 -0.8923 0.2527
vn -0.7642 -0.6204 0.1762
vn -0.7643 -0.6204 0.1762
vn -0.8740 -0.4674 0.1330
vn -0.6060 -0.7653 0.2170
vn -0.1296 -0.9541 0.2699
vn 0.3342 -0.9070 0.2562
vn 0.6930 -0.6939 0.1956
vn 0.7178 -0.6702 0.1888
vn 0.7178 -0.6701 0.1888
vn 0.4139 -0.8761 0.2473
vn 0.4138 -0.8761 0.2474
vn 0.0161 -0.9621 0.2721
vn -0.2236 -0.9380 0.2648
vn -0.2234 -0.9377 0.2660
vn -0.4908 -0.8382 0.2375
vn -0.5331 -0.8140 0.2307
vn -0.0248 -0.9620 0.2721
vn 0.4406 -0.8639 0.2439
vn -0.0243 -0.8124 -0.5825
vn -0.0243 -0.8125 -0.5825
vn -0.5326 -0.6872 -0.4940
vn -0.4904 -0.7077 -0.5086
vn -0.2218 -0.7915 -0.5695
vn -0.2223 -0.7926 -0.5678
vn 0.0166 -0.8126 -0.5825
vn 0.0166 -0.8126 -0.5826
vn 0.4143 -0.7402 -0.5296
vn 0.7182 -0.5664 -0.4043
vn 0.6934 -0.5864 -0.4187
vn 0.3347 -0.7662 -0.5485
vn -0.1291 -0.8058 -0.5780
vn -0.6056 -0.6460 -0.4646
vn -0.8737 -0.3943 -0.2848
vn -0.7639 -0.5236 -0.3772
vn -0.3735 -0.7535 -0.5411
vn 0.1350 -0.8054 -0.5771
vn 0.3871 -0.7498 -0.5366
vn -0.1218 -0.8065 -0.5785
vn -0.5218 -0.6927 -0.4979
vn -0.4024 -0.7435 -0.5340
vn -0.0604 -0.8112 -0.5817
vn 0.0663 -0.8110 -0.5813
vn 0.2106 -0.7947 -0.5692
vn 0.2248 -0.7922 -0.5674
vn 0.1084 -0.8081 -0.5790
vn -0.1056 -0.8080 -0.5796
vn -0.1056 -0.8081 -0.5796
vn -0.1235 -0.8064 -0.5784
vn -0.3520 -0.7603 -0.5459
vn -0.3360 -0.7651 -0.5493
vn -0.7018 -0.5781 -0.4162
vn -0.9493 -0.2545 -0.1848
vn 0.9578 -0.2542 0.1342
vn 0.9417 -0.2956 -0.1606
vn 0.9455 -0.1970 -0.2591
vn 0.9128 -0.2236 -0.3418
vn 0.8771 -0.2317 -0.4207
vn 0.7122 -0.1348 0.6889
vn 0.7791 -0.1451 0.6098
vn 0.8222 -0.1263 0.5550
vn 0.8412 -0.1748 0.5117
vn 0.8773 -0.2320 0.4203
vn 0.9051 -0.2477 0.3455
vn 0.9063 -0.2495 0.3413
vn 0.9495 -0.2726 0.1556
vn 0.4925 -0.0637 0.8680
vn 0.4939 -0.0593 0.8675
vn 0.5060 0.3778 0.7754
vn 0.6564 -0.1038 0.7473
vn 0.5311 -0.0076 0.8473
vn 0.5599 -0.0028 0.8286
vn 0.4654 -0.0126 0.8850
vn 0.4635 0.0017 0.8861
vn 0.2392 0.1411 0.9607
vn 0.1753 0.2030 0.9634
vn -0.1293 0.4479 0.8847
vn -0.2531 0.4031 0.8794
vn -0.2805 0.3797 0.8815
vn -0.1716 0.4974 0.8504
vn -0.3649 0.4847 0.7949
vn -0.4394 0.5519 0.7088
vn -0.4075 0.5173 0.7525
vn -0.2106 0.3876 0.8975
vn -0.2226 0.4286 0.8756
vn 0.0093 0.2591 0.9658
vn -0.5107 0.5696 0.6441
vn -0.4578 0.7337 0.5021
vn -0.4790 0.6178 0.6236
vn 0.5417 -0.8313 0.1245
vn 0.4065 -0.7497 0.5222
vn 0.2717 0.9392 0.2101
vn -0.1104 0.8739 0.4734
vn -0.4426 0.6433 0.6248
vn -0.4308 0.6549 0.6209
vn -0.5818 0.4783 0.6578
vn -0.5921 0.4636 0.6592
vn -0.6992 0.2782 0.6586
vn -0.7447 0.1701 0.6453
vn -0.7397 0.1836 0.6474
vn -0.6805 0.3161 0.6611
vn -0.6172 0.4259 0.6616
vn -0.3921 0.6909 0.6074
vn -0.2919 0.7708 0.5663
vn -0.5828 0.4768 0.6580
vn -0.5828 0.4769 0.6580
vn -0.7921 0.0101 0.6103
vn -0.7104 0.2540 0.6564
vn -0.4145 0.6704 0.6154
vn -0.0357 0.9026 0.4290
vn 0.1224 0.9381 0.3239
vn -0.2127 0.8219 0.5284
vn -0.5786 0.4828 0.6574
vn -0.7790 0.0630 0.6238
vn -0.8149 -0.3303 0.4762
vn -0.8113 -0.3610 0.4598
vn -0.7980 -0.0179 0.6024
vn -0.6569 0.3598 0.6625
vn -0.6569 0.3598 0.6626
vn -0.5222 0.5567 0.6460
vn -0.5203 0.5576 0.6469
vn -0.3195 0.7505 0.5784
vn -0.2821 0.7777 0.5618
vn -0.6363 0.3951 0.6625
vn -0.6363 0.3952 0.6625
vn -0.8032 -0.0458 0.5939
vn -0.5230 -0.2088 0.8263
vn -0.3238 0.2133 0.9218
vn -0.0170 0.6234 0.7817
vn -0.0467 0.5918 0.8048
vn -0.2165 0.3806 0.8990
vn -0.2160 0.3799 0.8995
vn -0.3444 0.1779 0.9218
vn -0.5138 -0.1832 0.8381
vn -0.5139 -0.1832 0.8381
vn -0.5944 -0.4873 0.6398
vn -0.5902 -0.4611 0.6626
vn -0.4847 -0.1082 0.8680
vn -0.2685 0.3024 0.9146
vn 0.0366 0.6768 0.7352
vn 0.2752 0.8492 0.4507
vn 0.1666 0.7848 0.5969
vn -0.1242 0.5015 0.8562
vn -0.4007 0.0739 0.9132
vn -0.5042 -0.1575 0.8491
vn -0.2724 0.2962 0.9154
vn -0.0247 0.6154 0.7879
vn -0.1056 0.5241 0.8451
vn -0.3051 0.2443 0.9205
vn -0.3686 0.1346 0.9198
vn -0.4343 0.0059 0.9008
vn -0.4403 -0.0070 0.8978
vn -0.3885 0.0975 0.9163
vn -0.2812 0.2826 0.9171
vn -0.2715 0.2977 0.9152
vn -0.1378 0.4845 0.8639
vn -0.1478 0.4718 0.8692
vn 0.1129 0.7440 0.6586
vn 0.3709 0.8815 0.2924
vn -0.1834 -0.4064 0.8951
vn 0.0550 -0.0072 0.9985
vn 0.3042 0.4365 0.8467
vn 0.2840 0.3993 0.8717
vn 0.1538 0.1652 0.9742
vn 0.1536 0.1643 0.9744
vn 0.0345 -0.0425 0.9985
vn -0.1694 -0.3837 0.9078
vn -0.1694 -0.3836 0.9078
vn -0.3315 -0.6402 0.6930
vn -0.3179 -0.6195 0.7177
vn -0.1280 -0.3158 0.9402
vn -0.1280 -0.3158 0.9401
vn 0.1074 0.0836 0.9907
vn 0.3388 0.5010 0.7964
vn 0.4604 0.7414 0.4882
vn 0.4120 0.6421 0.6466
vn 0.2276 0.2967 0.9274
vn -0.0255 -0.1445 0.9892
vn -0.1553 -0.3605 0.9197
vn 0.1038 0.0773 0.9916
vn 0.2991 0.4270 0.8534
vn 0.2990 0.4270 0.8534
vn 0.2417 0.3220 0.9154
vn 0.0732 0.0241 0.9970
vn 0.0094 -0.0854 0.9963
vn -0.0641 -0.2095 0.9757
vn -0.0714 -0.2217 0.9725
vn -0.0120 -0.1217 0.9925
vn 0.0957 0.0633 0.9934
vn 0.1046 0.0788 0.9914
vn 0.2172 0.2779 0.9357
vn 0.2094 0.2639 0.9416
vn 0.3836 0.5865 0.7134
vn 0.4910 0.8116 0.3167
vn 0.1483 -0.5995 0.7865
vn 0.4251 -0.2225 0.8774
vn 0.6180 0.2539 0.7440
vn 0.6071 0.2113 0.7660
vn 0.5149 -0.0450 0.8561
vn 0.5148 -0.0454 0.8561
vn 0.4045 -0.2579 0.8774
vn 0.1670 -0.5794 0.7977
vn 0.1671 -0.5794 0.7977
vn -0.0747 -0.7897 0.6089
vn -0.0746 -0.7897 0.6089
vn -0.0519 -0.7743 0.6307
vn 0.2204 -0.5186 0.8261
vn 0.4746 -0.1300 0.8706
vn 0.4746 -0.1300 0.8705
vn 0.6339 0.3293 0.6998
vn 0.6413 0.6362 0.4290
vn 0.6516 0.5026 0.5682
vn 0.5714 0.0967 0.8150
vn 0.3412 -0.3579 0.8692
vn 0.1856 -0.5589 0.8082
vn 0.4713 -0.1365 0.8713
vn 0.6153 0.2429 0.7499
vn 0.5809 0.1246 0.8044
vn 0.4427 -0.1909 0.8761
vn 0.3787 -0.3002 0.8755
vn 0.2975 -0.4200 0.8574
vn 0.2891 -0.4315 0.8546
vn 0.3559 -0.3357 0.8721
vn 0.4639 -0.1509 0.8729
vn 0.4721 -0.1350 0.8712
vn 0.5640 0.0761 0.8223
vn 0.5584 0.0608 0.8274
vn 0.5583 0.0608 0.8274
vn 0.6480 0.4326 0.6269
vn 0.6084 0.7432 0.2783
vn 0.4927 -0.8102 0.3175
vn 0.6548 -0.7378 0.1639
vn 0.8620 -0.4767 0.1723
vn 0.9885 0.0383 0.1461
vn 0.9886 -0.0107 0.1504
vn 0.9412 -0.2930 0.1684
vn 0.9412 -0.2932 0.1679
vn 0.8414 -0.5122 0.1723
vn 0.8415 -0.5121 0.1723
vn 0.5643 -0.8106 0.1567
vn 0.5642 -0.8106 0.1566
vn 0.2286 -0.9662 0.1196
vn 0.2621 -0.9571 0.1238
vn 0.2621 -0.9571 0.1239
vn 0.6318 -0.7580 0.1622
vn 0.6318 -0.7579 0.1622
vn 0.9081 -0.3823 0.1710
vn 0.9824 0.1265 0.1374
vn 0.8549 0.5119 0.0842
vn 0.9345 0.3380 0.1116
vn 0.9772 -0.1395 0.1600
vn 0.7740 -0.6097 0.1707
vn 0.5881 -0.7931 0.1587
vn 0.9052 -0.3891 0.1711
vn 0.9052 -0.3890 0.1711
vn 0.9888 0.0256 0.1473
vn 0.9815 -0.1085 0.1580
vn 0.8790 -0.4448 0.1720
vn 0.8790 -0.4448 0.1721
vn 0.8146 -0.5539 0.1719
vn 0.7245 -0.6684 0.1684
vn 0.7146 -0.6791 0.1678
vn 0.7902 -0.5884 0.1713
vn 0.8986 -0.4039 0.1714
vn 0.9059 -0.3874 0.1711
vn 0.9735 -0.1622 0.1615
vn 0.9704 -0.1789 0.1625
vn 0.9601 0.2510 0.1231
vn 0.7470 0.6626 0.0547
vn 0.7407 0.6662 -0.0863
vn 0.9461 0.2592 -0.1944
vn 0.9518 -0.1681 -0.2566
vn 0.9550 -0.1515 -0.2550
vn 0.8863 -0.3761 -0.2701
vn 0.8790 -0.3925 -0.2707
vn 0.7706 -0.5771 -0.2704
vn 0.6954 -0.6679 -0.2650
vn 0.7053 -0.6572 -0.2659
vn 0.7950 -0.5425 -0.2715
vn 0.8593 -0.4333 -0.2717
vn 0.9634 -0.0980 -0.2494
vn 0.9719 0.0354 -0.2325
vn 0.8856 -0.3777 -0.2702
vn 0.8857 -0.3777 -0.2702
vn 0.5699 -0.7825 -0.2506
vn 0.7545 -0.5984 -0.2695
vn 0.9589 -0.1288 -0.2527
vn 0.9218 0.3454 -0.1762
vn 0.8453 0.5175 -0.1330
vn 0.8453 0.5174 -0.1330
vn 0.9667 0.1356 -0.2170
vn 0.8886 -0.3709 -0.2699
vn 0.6133 -0.7472 -0.2562
vn 0.2480 -0.9488 -0.1956
vn 0.2149 -0.9582 -0.1888
vn 0.5464 -0.8002 -0.2474
vn 0.5463 -0.8002 -0.2474
vn 0.8218 -0.5006 -0.2721
vn 0.8218 -0.5007 -0.2721
vn 0.9224 -0.2813 -0.2647
vn 0.9218 -0.2819 -0.2660
vn 0.9714 -0.0007 -0.2375
vn 0.9718 0.0480 -0.2307
vn 0.8423 -0.4653 -0.2721
vn 0.5223 -0.8171 -0.2439
vn 0.7131 -0.3901 0.5825
vn 0.8623 0.1118 0.4940
vn 0.8586 0.0650 0.5086
vn 0.7954 -0.2087 0.5690
vn 0.7951 -0.2085 0.5695
vn 0.6926 -0.4254 0.5825
vn 0.6925 -0.4255 0.5825
vn 0.4289 -0.7318 0.5296
vn 0.1252 -0.9060 0.4043
vn 0.1551 -0.8948 0.4187
vn 0.4916 -0.6764 0.5485
vn 0.7603 -0.2963 0.5780
vn 0.7604 -0.2963 0.5780
vn 0.8636 0.1956 0.4646
vn 0.7821 0.5542 0.2848
vn 0.8381 0.3941 0.3772
vn 0.8389 -0.0590 0.5411
vn 0.6265 -0.5239 0.5771
vn 0.4509 -0.7133 0.5366
vn 0.7573 -0.3030 0.5785
vn 0.8615 0.0997 0.4979
vn 0.8450 -0.0290 0.5340
vn 0.7303 -0.3582 0.5817
vn 0.6660 -0.4675 0.5813
vn 0.6660 -0.4674 0.5813
vn 0.5790 -0.5837 0.5692
vn 0.5696 -0.5947 0.5674
vn 0.6422 -0.5023 0.5790
vn 0.7504 -0.3177 0.5796
vn 0.7505 -0.3177 0.5796
vn 0.7580 -0.3014 0.5784
vn 0.8339 -0.0810 0.5459
vn 0.8299 -0.0972 0.5493
vn 0.8537 0.3129 0.4162
vn 0.6997 0.6901 0.1848
vn -0.6942 0.7071 -0.1342
vn -0.7223 0.6727 0.1606
vn -0.6385 0.7247 0.2591
vn -0.6454 0.6831 0.3419
vn -0.6348 0.6481 0.4207
vn -0.4703 0.5541 -0.6868
vn -0.5111 0.6057 -0.6098
vn -0.5160 0.6524 -0.5550
vn -0.5676 0.6450 -0.5117
vn -0.6351 0.6481 -0.4203
vn -0.6626 0.6645 -0.3455
vn -0.6646 0.6647 -0.3413
vn -0.7061 0.6908 -0.1556
vn -0.2749 0.3721 -0.8866
vn -0.1384 0.5198 -0.8430
vn -0.3622 0.4811 -0.7983
vn -0.4173 0.5204 -0.7450
vn -0.2690 0.4580 -0.8473
vn -0.2791 0.4854 -0.8286
vn 0.6046 0.0485 -0.7951
vn 0.4147 -0.0462 -0.9088
vn 0.6969 -0.1093 -0.7088
vn -0.2431 0.4001 -0.8836
vn -0.2287 0.4058 -0.8849
vn 0.0337 0.2590 -0.9653
vn 0.0871 0.2479 -0.9649
vn 0.2407 0.1334 -0.9614
vn 0.4714 0.0156 -0.8818
vn 0.4433 0.1196 -0.8884
vn 0.4592 -0.0149 -0.8882
vn 0.5046 0.3616 -0.7840
vn 0.5046 -0.0605 -0.8612
vn 0.5032 -0.0651 -0.8617
vn 0.7475 -0.1626 -0.6441
vn 0.8641 -0.0355 -0.5021
vn 0.7738 -0.1112 -0.6236
vn -0.9904 0.0602 -0.1245
vn -0.8526 -0.0170 -0.5222
vn 0.6822 0.7003 -0.2102
vn 0.8143 0.3358 -0.4734
vn 0.7779 -0.0670 -0.6248
vn 0.7822 -0.0509 -0.6209
vn 0.7033 -0.2695 -0.6578
vn 0.6956 -0.2858 -0.6592
vn 0.5874 -0.4704 -0.6586
vn 0.5159 -0.5634 -0.6453
vn 0.5251 -0.5524 -0.6474
vn 0.6110 -0.4354 -0.6611
vn 0.6752 -0.3262 -0.6616
vn 0.7944 0.0004 -0.6074
vn 0.8144 0.1271 -0.5663
vn 0.7025 -0.2711 -0.6580
vn 0.4001 -0.6837 -0.6103
vn 0.5718 -0.4921 -0.6564
vn 0.7877 -0.0292 -0.6154
vn 0.8024 0.4149 -0.4290
vn 0.7552 0.5699 -0.3239
vn 0.8197 0.2212 -0.5284
vn 0.8196 0.2212 -0.5284
vn 0.7056 -0.2645 -0.6574
vn 0.4397 -0.6461 -0.6238
vn 0.1154 -0.8717 -0.4762
vn 0.0870 -0.8837 -0.4598
vn 0.0869 -0.8837 -0.4598
vn 0.3788 -0.7026 -0.6024
vn 0.3787 -0.7027 -0.6024
vn 0.6374 -0.3934 -0.6626
vn 0.7421 -0.1768 -0.6466
vn 0.7422 -0.1785 -0.6459
vn 0.8104 0.0930 -0.5784
vn 0.8155 0.1390 -0.5618
vn 0.6579 -0.3580 -0.6625
vn 0.3571 -0.7209 -0.5939
vn 0.0769 -0.5579 -0.8263
vn 0.3454 -0.1761 -0.9218
vn 0.5504 0.2932 -0.7817
vn 0.5375 0.2518 -0.8048
vn 0.4371 -0.0007 -0.8994
vn 0.4366 0.0013 -0.8997
vn 0.3248 -0.2115 -0.9218
vn 0.3249 -0.2115 -0.9218
vn 0.0945 -0.5373 -0.8381
vn 0.0946 -0.5372 -0.8381
vn -0.1300 -0.7575 -0.6397
vn -0.1092 -0.7410 -0.6626
vn 0.1454 -0.4749 -0.8680
vn 0.3955 -0.0840 -0.9146
vn 0.5704 0.3662 -0.7352
vn 0.5704 0.3663 -0.7352
vn 0.6024 0.6588 -0.4507
vn 0.6000 0.5326 -0.5969
vn 0.4974 0.1398 -0.8562
vn 0.2622 -0.3119 -0.9132
vn 0.1122 -0.5162 -0.8491
vn 0.3921 -0.0905 -0.9154
vn 0.5472 0.2825 -0.7878
vn 0.5472 0.2825 -0.7879
vn 0.5079 0.1671 -0.8451
vn 0.3631 -0.1446 -0.9205
vn 0.2991 -0.2540 -0.9198
vn 0.2197 -0.3746 -0.9008
vn 0.2115 -0.3863 -0.8978
vn 0.2114 -0.3863 -0.8978
vn 0.2767 -0.2896 -0.9163
vn 0.3846 -0.1048 -0.9171
vn 0.3929 -0.0890 -0.9152
vn 0.4893 0.1195 -0.8639
vn 0.4832 0.1046 -0.8692
vn 0.5910 0.4658 -0.6586
vn 0.5831 0.7579 -0.2924
vn -0.2627 -0.3603 -0.8951
vn -0.0334 0.0443 -0.9985
vn 0.2292 0.4802 -0.8467
vn 0.2068 0.4442 -0.8717
vn 0.0675 0.2144 -0.9744
vn 0.0676 0.2160 -0.9741
vn -0.0540 0.0090 -0.9985
vn -0.0540 0.0089 -0.9985
vn -0.2498 -0.3368 -0.9078
vn -0.2498 -0.3369 -0.9078
vn -0.3929 -0.6045 -0.6930
vn -0.3815 -0.5825 -0.7177
vn -0.2113 -0.2673 -0.9402
vn -0.2113 -0.2673 -0.9401
vn 0.0197 0.1347 -0.9907
vn 0.2682 0.5421 -0.7964
vn 0.4171 0.7666 -0.4882
vn 0.3547 0.6754 -0.6466
vn 0.1455 0.3445 -0.9274
vn -0.1131 -0.0935 -0.9892
vn -0.2367 -0.3131 -0.9197
vn 0.0159 0.1284 -0.9916
vn 0.2235 0.4710 -0.8534
vn 0.1606 0.3692 -0.9154
vn -0.0152 0.0755 -0.9970
vn -0.0789 -0.0340 -0.9963
vn -0.1505 -0.1592 -0.9757
vn -0.1575 -0.1716 -0.9725
vn -0.0999 -0.0705 -0.9925
vn 0.0077 0.1145 -0.9934
vn 0.0168 0.1299 -0.9914
vn 0.1343 0.3261 -0.9357
vn 0.1260 0.3124 -0.9416
vn 0.3204 0.6233 -0.7134
vn 0.4630 0.8279 -0.3167
vn -0.5945 -0.1672 -0.7865
vn -0.4035 0.2596 -0.8774
vn -0.4035 0.2597 -0.8774
vn -0.0846 0.6628 -0.7440
vn -0.1163 0.6322 -0.7660
vn -0.2937 0.4258 -0.8558
vn -0.2939 0.4246 -0.8564
vn -0.4241 0.2243 -0.8774
vn -0.5863 -0.1411 -0.7977
vn -0.6497 -0.4551 -0.6089
vn -0.6475 -0.4277 -0.6307
vn -0.5597 -0.0646 -0.8261
vn -0.3475 0.3484 -0.8706
vn -0.0269 0.7138 -0.6998
vn 0.2362 0.8719 -0.4290
vn 0.1150 0.8148 -0.5682
vn -0.1982 0.5445 -0.8150
vn -0.4797 0.1198 -0.8692
vn -0.5776 -0.1148 -0.8082
vn -0.3516 0.3423 -0.8713
vn -0.0928 0.6550 -0.7499
vn -0.1787 0.5666 -0.8044
vn -0.3847 0.2906 -0.8761
vn -0.4481 0.1809 -0.8755
vn -0.5121 0.0512 -0.8574
vn -0.5179 0.0381 -0.8546
vn -0.4677 0.1435 -0.8721
vn -0.3604 0.3288 -0.8729
vn -0.3506 0.3437 -0.8712
vn -0.2125 0.5279 -0.8223
vn -0.2230 0.5155 -0.8274
vn 0.0560 0.7771 -0.6269
vn 0.3456 0.8962 -0.2783
vn -0.9479 0.0281 -0.3175
vn -0.9650 0.2048 -0.1639
vn -0.8404 0.5139 -0.1723
vn -0.4551 0.8784 -0.1461
vn -0.4977 0.8542 -0.1504
vn -0.7203 0.6730 -0.1679
vn -0.7183 0.6751 -0.1684
vn -0.8610 0.4786 -0.1723
vn -0.9835 0.0901 -0.1566
vn -0.9835 0.0901 -0.1567
vn -0.9529 -0.2786 -0.1196
vn -0.9616 -0.2450 -0.1238
vn -0.9711 0.1748 -0.1622
vn -0.7810 0.6006 -0.1710
vn -0.3754 0.9166 -0.1374
vn 0.0226 0.9962 -0.0842
vn -0.1679 0.9795 -0.1116
vn -0.6041 0.7807 -0.1600
vn -0.9125 0.3717 -0.1707
vn -0.9801 0.1194 -0.1587
vn -0.7855 0.5948 -0.1711
vn -0.4663 0.8723 -0.1473
vn -0.5792 0.7997 -0.1580
vn -0.8210 0.5444 -0.1720
vn -0.8210 0.5444 -0.1721
vn -0.8841 0.4346 -0.1719
vn -0.9391 0.2996 -0.1684
vn -0.9435 0.2858 -0.1678
vn -0.9020 0.3963 -0.1713
vn -0.7951 0.5817 -0.1714
vn -0.7844 0.5962 -0.1711
vn -0.6220 0.7662 -0.1615
vn -0.6350 0.7552 -0.1625
vn -0.2562 0.9588 -0.1231
vn 0.2070 0.9768 -0.0546
vn 0.2133 0.9732 0.0863
vn -0.2421 0.9506 0.1944
vn -0.6164 0.7444 0.2566
vn -0.6036 0.7555 0.2550
vn -0.7649 0.5848 0.2701
vn -0.7756 0.5703 0.2707
vn -0.8825 0.3849 0.2704
vn -0.9243 0.2746 0.2650
vn -0.9198 0.2885 0.2659
vn -0.8644 0.4231 0.2715
vn -0.8013 0.5330 0.2717
vn -0.5612 0.7892 0.2494
vn -0.4494 0.8625 0.2325
vn -0.7659 0.5834 0.2702
vn -0.9619 0.1089 0.2506
vn -0.8930 0.3603 0.2695
vn -0.5858 0.7701 0.2527
vn -0.1551 0.9721 0.1762
vn 0.0322 0.9906 0.1330
vn -0.3597 0.9075 0.2170
vn -0.7615 0.5893 0.2699
vn -0.9526 0.1640 0.2562
vn -0.9474 -0.2532 0.1956
vn -0.9393 -0.2866 0.1888
vn -0.9656 0.0797 0.2474
vn -0.8413 0.4671 0.2721
vn -0.7004 0.6625 0.2654
vn -0.7007 0.6620 0.2659
vn -0.4805 0.8442 0.2375
vn -0.4384 0.8687 0.2307
vn -0.8207 0.5024 0.2721
vn -0.9685 0.0504 0.2439
vn -0.8527 -0.0170 -0.5222
vn -0.6915 0.4272 -0.5825
vn -0.3288 0.8049 -0.4940
vn -0.3677 0.7786 -0.5086
vn -0.5758 0.5881 -0.5680
vn -0.5735 0.5893 -0.5690
vn -0.7121 0.3919 -0.5826
vn -0.7121 0.3919 -0.5825
vn -0.8481 0.0113 -0.5296
vn -0.8481 0.0113 -0.5297
vn -0.8496 -0.3388 -0.4043
vn -0.8545 -0.3073 -0.4187
vn -0.8546 -0.3073 -0.4187
vn -0.8309 0.0932 -0.5485
vn -0.6333 0.5147 -0.5780
vn -0.2567 0.8475 -0.4646
vn -0.2566 0.8475 -0.4646
vn 0.0954 0.9538 -0.2848
vn -0.0715 0.9234 -0.3772
vn -0.4658 0.7002 -0.5411
vn -0.4657 0.7002 -0.5411
vn -0.7650 0.2858 -0.5771
vn -0.8429 0.0396 -0.5366
vn -0.6376 0.5087 -0.5785
vn -0.3390 0.7982 -0.4979
vn -0.4427 0.7203 -0.5340
vn -0.6723 0.4579 -0.5817
vn -0.7355 0.3481 -0.5813
vn -0.7936 0.2150 -0.5692
vn -0.7985 0.2014 -0.5674
vn -0.7540 0.3101 -0.5791
vn -0.7540 0.3101 -0.5790
vn -0.6470 0.4955 -0.5796
vn -0.6366 0.5101 -0.5784
vn -0.4824 0.6850 -0.5459
vn -0.4946 0.6735 -0.5493
vn -0.1498 0.8969 -0.4162
vn 0.2542 0.9493 -0.1848
vn 0.9276 0.3735 -0.0000
vn 0.5457 0.8380 -0.0000
vn -0.7873 0.6166 -0.0000
vn -0.9986 0.0536 -0.0000
vn -0.1404 -0.9901 -0.0000
vn 0.8218 -0.5698 -0.0000
vn 0.7481 -0.6597 0.0718
vn 0.8001 -0.5999 -0.0000
vn 0.6779 -0.7352 -0.0000
vn 0.6400 -0.7680 0.0260
vn 0.5880 -0.8089 -0.0000
vn 0.4529 -0.8916 -0.0000
vn 0.1336 -0.9910 -0.0000
vn -0.4590 -0.8885 -0.0000
vn -0.2339 -0.9723 -0.0000
vn -0.4088 -0.9126 -0.0000
vn -0.3525 -0.9352 0.0326
vn -0.4909 -0.8703 -0.0400
vn -0.5309 -0.8444 -0.0713
vn -0.8256 -0.5642 -0.0000
vn -0.5935 -0.8049 -0.0000
vn -0.6822 -0.7298 0.0455
vn -0.6454 -0.7638 -0.0000
vn -0.7546 -0.6562 -0.0000
vn -0.8013 -0.5978 0.0217
vn -0.8646 -0.5003 -0.0463
vn -0.9044 -0.4268 -0.0000
vn -0.9453 -0.3181 0.0718
vn -0.9196 -0.3929 -0.0000
vn -0.9756 -0.2195 -0.0000
vn -0.9851 -0.1702 0.0260
vn -0.9945 -0.1047 -0.0000
vn -0.9251 0.3798 -0.0000
vn -0.9974 -0.0255 -0.0668
vn -0.9842 0.1689 0.0538
vn -0.9959 0.0907 -0.0000
vn -0.9629 0.2698 -0.0000
vn -0.9569 0.2900 0.0157
vn -0.5399 0.8417 -0.0000
vn -0.4758 0.8773 -0.0620
vn -0.6333 0.7725 0.0466
vn -0.5756 0.8177 -0.0000
vn -0.7250 0.6887 -0.0000
vn -0.4003 0.9164 -0.0000
vn -0.2909 0.9557 0.0455
vn -0.3388 0.9409 -0.0000
vn -0.1910 0.9816 -0.0000
vn -0.1127 0.9934 0.0230
vn -0.0758 0.9971 -0.0000
vn 0.0826 0.9966 -0.0000
vn 0.1972 0.9777 0.0718
vn 0.1195 0.9928 -0.0000
vn 0.2977 0.9547 -0.0000
vn 0.3451 0.9382 0.0260
vn 0.4065 0.9136 -0.0000
vn 0.7914 0.6112 -0.0000
vn 0.9989 0.0467 -0.0000
vn 0.9985 0.0547 0.0068
vn 0.9867 0.1624 -0.0000
vn 0.9590 0.2835 -0.0000
vn 0.9938 -0.1115 -0.0000
vn 0.9731 -0.2259 0.0455
vn 0.9842 -0.1770 -0.0000
vn 0.9456 -0.3254 -0.0000
vn 0.9166 -0.3991 0.0230
vn 0.9014 -0.4329 -0.0000
vn -0.7102 0.7037 0.0192
vn -0.8303 0.5573 -0.0000
vn -0.8641 0.5028 -0.0203
vn -0.8702 0.4925 -0.0157
vn -0.9001 0.4357 -0.0000
vn -0.2543 -0.9669 0.0192
vn -0.0615 -0.9981 -0.0000
vn -0.0034 -0.9998 -0.0205
vn 0.0547 -0.9985 -0.0000
vn 0.2273 -0.9737 0.0157
vn 0.2478 -0.9688 -0.0000
vn 0.4026 -0.9154 -0.0000
vn 0.3462 -0.9376 0.0326
vn 0.4850 -0.8736 -0.0400
vn 0.5252 -0.8480 -0.0713
vn 0.9645 0.2632 0.0192
vn 0.8925 0.4511 -0.0000
vn 0.8675 0.4969 -0.0203
vn 0.8341 0.5517 -0.0000
vn 0.7296 0.6837 0.0157
vn 0.7151 0.6990 -0.0000
vn 0.5812 0.8138 -0.0000
vn 0.6386 0.7682 0.0466
vn 0.4818 0.8741 -0.0620
vn -0.2555 0.9668 -0.0000
vn -0.7047 0.7095 -0.0000
vn -0.9650 0.2621 -0.0000
vn -0.9668 -0.2555 -0.0000
vn -0.7095 -0.7047 -0.0000
vn -0.2621 -0.9650 -0.0000
vn 0.2555 -0.9668 -0.0000
vn 0.7047 -0.7095 -0.0000
vn 0.9650 -0.2621 -0.0000
vn 0.9668 0.2555 -0.0000
vn 0.7095 0.7047 -0.0000
vn 0.2621 0.9650 -0.0000
vn 0.3775 -0.9260 -0.0000
vn 0.7629 -0.6465 -0.0000
vn 0.9754 -0.2205 -0.0000
vn 0.7391 0.6736 -0.0000
vn 0.3439 0.9390 -0.0000
vn -0.1293 0.9916 -0.0000
vn 0.3374 -0.9413 -0.0000
vn 0.3374 -0.9414 -0.0000
vn 0.6735 -0.7392 -0.0000
vn 0.9060 -0.4233 -0.0000
vn 0.9991 -0.0423 -0.0000
vn -0.1717 0.9851 -0.0000
vn 0.2204 0.9754 -0.0000
vn 0.5786 0.8156 -0.0000
vn 0.8478 0.5304 -0.0000
vn -0.6132 -0.7900 -0.0000
vn -0.1784 -0.9840 -0.0000
vn 0.2968 -0.9549 -0.0000
vn 0.9529 -0.3033 -0.0000
vn 0.9851 0.1717 -0.0000
vn 0.7941 0.6078 -0.0000
vn -0.6465 -0.7629 -0.0000
vn -0.3034 -0.9529 -0.0000
vn 0.0864 -0.9963 -0.0000
vn 0.4630 -0.8864 -0.0000
vn 0.7673 0.6413 -0.0000
vn 0.9549 0.2969 -0.0000
vn 0.9956 -0.0932 -0.0000
vn 0.8832 -0.4690 -0.0000
vn -0.9260 -0.3775 -0.0000
vn -0.2205 -0.9754 -0.0000
vn 0.6736 -0.7391 -0.0000
vn 0.9390 -0.3439 -0.0000
vn 0.9916 0.1293 -0.0000
vn -0.9414 -0.3374 -0.0000
vn -0.7392 -0.6735 -0.0000
vn -0.4233 -0.9060 -0.0000
vn -0.0423 -0.9991 -0.0000
vn 0.9754 -0.2204 -0.0000
vn 0.8156 -0.5786 -0.0000
vn 0.5304 -0.8478 -0.0000
vn -0.9907 0.1360 -0.0000
vn -0.9413 -0.3375 -0.0000
vn -0.6786 -0.7345 -0.0000
vn 0.2138 -0.9769 -0.0000
vn 0.6413 -0.7673 -0.0000
vn 0.9234 -0.3838 -0.0000
vn -0.9839 0.1785 -0.0000
vn -0.9769 -0.2137 -0.0000
vn -0.8196 -0.5730 -0.0000
vn -0.5362 -0.8441 -0.0000
vn -0.5361 -0.8441 -0.0000
vn 0.9390 -0.3438 -0.0000
vn 0.7346 -0.6785 -0.0000
vn 0.7346 -0.6786 -0.0000
vn 0.4171 -0.9089 -0.0000
vn 0.0354 -0.9994 -0.0000
vn -0.7900 0.6132 -0.0000
vn -0.9840 0.1784 -0.0000
vn -0.9549 -0.2968 -0.0000
vn -0.3033 -0.9529 -0.0000
vn 0.1717 -0.9851 -0.0000
vn 0.6078 -0.7941 -0.0000
vn -0.7629 0.6465 -0.0000
vn -0.9529 0.3034 -0.0000
vn -0.9963 -0.0864 -0.0000
vn -0.8864 -0.4630 -0.0000
vn 0.2969 -0.9549 -0.0000
vn -0.0932 -0.9956 -0.0000
vn -0.4690 -0.8832 -0.0000
vn -0.3775 0.9260 -0.0000
vn -0.9754 0.2205 -0.0000
vn -0.7391 -0.6736 -0.0000
vn -0.3439 -0.9390 -0.0000
vn 0.1293 -0.9916 -0.0000
vn -0.3374 0.9413 -0.0000
vn -0.3374 0.9414 -0.0000
vn -0.6735 0.7392 -0.0000
vn -0.9060 0.4233 -0.0000
vn -0.9991 0.0423 -0.0000
vn -0.2204 -0.9754 -0.0000
vn -0.5786 -0.8156 -0.0000
vn -0.8478 -0.5304 -0.0000
vn 0.1360 0.9907 -0.0000
vn -0.3375 0.9413 -0.0000
vn -0.7345 0.6786 -0.0000
vn -0.9769 -0.2138 -0.0000
vn -0.7673 -0.6413 -0.0000
vn -0.3838 -0.9234 -0.0000
vn 0.1785 0.9839 -0.0000
vn 0.1784 0.9839 -0.0000
vn -0.2137 0.9769 -0.0000
vn -0.5730 0.8196 -0.0000
vn -0.8441 0.5362 -0.0000
vn -0.3438 -0.9390 -0.0000
vn -0.6785 -0.7346 -0.0000
vn -0.9089 -0.4171 -0.0000
vn -0.9994 -0.0354 -0.0000
vn 0.6132 0.7900 -0.0000
vn 0.1784 0.9840 -0.0000
vn -0.2968 0.9549 -0.0000
vn -0.9529 0.3033 -0.0000
vn -0.9851 -0.1717 -0.0000
vn -0.7941 -0.6078 -0.0000
vn 0.6465 0.7629 -0.0000
vn 0.3034 0.9529 -0.0000
vn -0.0864 0.9963 -0.0000
vn -0.4630 0.8864 -0.0000
vn -0.9549 -0.2969 -0.0000
vn -0.9956 0.0932 -0.0000
vn -0.8832 0.4690 -0.0000
vn 0.9260 0.3775 -0.0000
vn 0.2205 0.9754 -0.0000
vn -0.6736 0.7391 -0.0000
vn -0.9390 0.3439 -0.0000
vn -0.9916 -0.1293 -0.0000
vn 0.9414 0.3374 -0.0000
vn 0.7392 0.6735 -0.0000
vn 0.4233 0.9060 -0.0000
vn 0.0423 0.9991 -0.0000
vn -0.9754 0.2204 -0.0000
vn -0.8156 0.5786 -0.0000
vn -0.5304 0.8478 -0.0000
vn 0.9907 -0.1360 -0.0000
vn 0.9413 0.3375 -0.0000
vn 0.6786 0.7345 -0.0000
vn -0.2138 0.9769 -0.0000
vn -0.6413 0.7673 -0.0000
vn -0.9234 0.3838 -0.0000
vn 0.9839 -0.1785 -0.0000
vn 0.9769 0.2137 -0.0000
vn 0.8196 0.5730 -0.0000
vn 0.5362 0.8441 -0.0000
vn 0.5361 0.8441 -0.0000
vn -0.9390 0.3438 -0.0000
vn -0.7346 0.6785 -0.0000
vn -0.7346 0.6786 -0.0000
vn -0.4171 0.9089 -0.0000
vn -0.0354 0.9994 -0.0000
vn 0.7900 -0.6132 -0.0000
vn 0.9840 -0.1784 -0.0000
vn 0.9549 0.2968 -0.0000
vn 0.3033 0.9529 -0.0000
vn -0.6078 0.7941 -0.0000
vn 0.9529 -0.3034 -0.0000
vn 0.9963 0.0864 -0.0000
vn 0.8864 0.4630 -0.0000
vn -0.2969 0.9549 -0.0000
vn 0.0932 0.9956 -0.0000
vn 0.4690 0.8832 -0.0000
vn -0.1360 -0.9907 -0.0000
vn 0.3375 -0.9413 -0.0000
vn 0.7345 -0.6786 -0.0000
vn 0.9769 0.2138 -0.0000
vn 0.3838 0.9234 -0.0000
vn -0.1785 -0.9839 -0.0000
vn -0.1784 -0.9839 -0.0000
vn 0.2137 -0.9769 -0.0000
vn 0.5730 -0.8196 -0.0000
vn 0.8441 -0.5362 -0.0000
vn 0.3438 0.9390 -0.0000
vn 0.6785 0.7346 -0.0000
vn 0.9089 0.4171 -0.0000
vn 0.9994 0.0354 -0.0000
s 0
usemtl 材质
f 1//1 2//1 3//1
f 3//1 4//1 1//1
f 1//1 4//1 5//1
f 1//1 5//1 6//1
f 7//1 8//1 9//1
f 9//1 8//1 10//1
f 9//1 10//1 2//1
f 11//1 12//1 13//1
f 13//1 14//1 11//1
f 11//1 14//1 15//1
f 11//1 15//1 7//1
f 16//1 17//1 18//1
f 18//1 17//1 19//1
f 18//1 19//1 12//1
f 20//1 21//1 22//1
f 22//1 23//1 20//1
f 20//1 23//1 24//1
f 20//1 24//1 16//1
f 6//1 25//1 26//1
f 26//1 25//1 27//1
f 26//1 27//1 21//1
f 28//1 29//1 30//1
f 29//1 28//1 31//1
f 32//1 33//1 34//1
f 30//1 35//1 28//1
f 28//1 35//1 36//1
f 28//1 36//1 37//1
f 37//1 36//1 38//1
f 37//1 38//1 39//1
f 40//1 41//1 42//1
f 42//1 41//1 43//1
f 44//1 45//1 46//1
f 44//1 47//1 42//1
f 42//1 47//1 48//1
f 42//1 48//1 40//1
f 39//1 49//1 37//1
f 37//1 49//1 50//1
f 37//1 50//1 51//1
f 52//1 53//1 54//1
f 54//1 53//1 55//1
f 54//1 55//1 56//1
f 32//1 34//1 57//1
f 43//1 58//1 42//1
f 42//1 58//1 59//1
f 42//1 59//1 54//1
f 54//1 59//1 60//1
f 54//1 60//1 52//1
f 46//1 61//1 44//1
f 44//1 61//1 62//1
f 44//1 62//1 47//1
f 63//1 64//1 44//1
f 44//1 64//1 65//1
f 44//1 65//1 45//1
f 33//1 66//1 34//1
f 34//1 66//1 67//1
f 34//1 67//1 68//1
f 68//1 69//1 34//1
f 34//1 69//1 70//1
f 34//1 70//1 28//1
f 28//1 70//1 71//1
f 28//1 71//1 31//1
f 51//1 72//1 37//1
f 37//1 72//1 73//1
f 37//1 73//1 44//1
f 44//1 73//1 74//1
f 44//1 74//1 63//1
f 56//1 75//1 54//1
f 54//1 75//1 76//1
f 54//1 76//1 34//1
f 34//1 76//1 77//1
f 34//1 77//1 57//1
f 78//2 79//2 80//2
f 80//2 79//2 81//2
f 80//2 81//2 82//2
f 83//2 84//2 85//2
f 85//2 84//2 86//2
f 85//2 86//2 87//2
f 87//2 86//2 88//2
f 87//2 88//2 78//2
f 78//2 88//2 89//2
f 78//2 89//2 79//2
f 90//2 91//2 92//2
f 92//2 91//2 93//2
f 92//2 93//2 94//2
f 94//2 93//2 95//2
f 94//2 95//2 83//2
f 83//2 95//2 96//2
f 83//2 96//2 84//2
f 97//2 98//2 99//2
f 99//2 98//2 100//2
f 99//2 100//2 101//2
f 101//2 100//2 102//2
f 101//2 102//2 103//2
f 81//2 104//2 82//2
f 82//2 104//2 105//2
f 82//2 105//2 106//2
f 106//2 105//2 107//2
f 106//2 107//2 108//2
f 108//2 107//2 109//2
f 108//2 109//2 97//2
f 97//2 109//2 110//2
f 97//2 110//2 98//2
f 102//2 111//2 103//2
f 103//2 111//2 112//2
f 103//2 112//2 113//2
f 113//2 112//2 114//2
f 113//2 114//2 90//2
f 90//2 114//2 115//2
f 90//2 115//2 91//2
f 116//3 110//3 109//3
f 116//4 117//4 110//4
f 110//5 117//5 118//5
f 110//6 118//6 98//6
f 118//7 119//7 98//7
f 98//8 119//8 120//8
f 98//9 120//9 100//9
f 120//10 121//10 100//10
f 100//11 121//11 122//11
f 100//12 122//12 102//12
f 122//13 123//13 102//13
f 102//14 123//14 124//14
f 102//15 124//15 111//15
f 124//16 125//16 111//16
f 111//17 125//17 126//17
f 111//18 126//18 112//18
f 126//19 127//19 112//19
f 112//20 127//20 128//20
f 112//21 128//21 114//21
f 128//22 129//22 114//22
f 114//23 129//23 130//23
f 114//24 130//24 115//24
f 130//25 131//25 115//25
f 115//26 131//26 132//26
f 115//27 132//27 91//27
f 132//28 133//28 91//28
f 91//29 133//29 134//29
f 91//30 134//30 93//30
f 134//31 135//31 93//31
f 93//32 135//32 136//32
f 93//33 136//33 95//33
f 136//34 137//34 95//34
f 95//35 137//35 138//35
f 95//36 138//36 96//36
f 138//37 139//37 96//37
f 96//38 139//38 140//38
f 96//39 140//39 84//39
f 140//40 141//40 84//40
f 84//41 141//41 142//41
f 84//42 142//42 86//42
f 142//43 143//43 86//43
f 86//44 143//44 144//44
f 86//45 144//45 88//45
f 144//46 145//46 88//46
f 88//47 145//47 146//47
f 88//48 146//48 89//48
f 146//49 147//49 89//49
f 89//50 147//50 148//50
f 89//51 148//51 79//51
f 148//52 149//52 79//52
f 79//53 149//53 150//53
f 79//54 150//54 81//54
f 150//55 151//55 81//55
f 81//56 151//56 152//56
f 81//57 152//57 104//57
f 152//58 153//58 104//58
f 104//59 153//59 154//59
f 104//60 154//60 105//60
f 154//61 155//61 105//61
f 105//62 155//62 156//62
f 105//63 156//63 107//63
f 156//64 157//64 107//64
f 107//65 157//65 158//65
f 107//66 158//66 109//66
f 109//67 158//67 159//67
f 109//68 159//68 116//68
f 108//69 160//69 106//69
f 106//70 160//70 161//70
f 106//71 161//71 82//71
f 82//72 161//72 162//72
f 82//72 162//72 80//72
f 80//73 162//73 163//73
f 80//73 163//73 78//73
f 78//74 163//74 164//74
f 78//74 164//74 87//74
f 87//75 164//75 165//75
f 87//75 165//75 85//75
f 85//76 165//76 166//76
f 85//76 166//76 83//76
f 83//77 166//77 167//77
f 83//77 167//77 94//77
f 94//78 167//78 168//78
f 94//78 168//78 92//78
f 92//79 168//79 169//79
f 92//80 169//80 90//80
f 90//81 169//81 170//81
f 90//81 170//81 113//81
f 113//82 170//82 171//82
f 113//82 171//82 103//82
f 103//83 171//83 172//83
f 103//83 172//83 101//83
f 101//84 172//84 173//84
f 101//85 173//85 99//85
f 99//86 173//86 174//86
f 99//86 174//86 97//86
f 97//87 174//87 175//87
f 97//88 175//88 108//88
f 108//69 175//69 160//69
f 176//2 177//2 178//2
f 179//2 180//2 178//2
f 178//2 180//2 181//2
f 178//2 181//2 176//2
f 182//2 183//2 178//2
f 178//2 183//2 184//2
f 178//2 184//2 179//2
f 185//2 186//2 178//2
f 178//2 186//2 187//2
f 178//2 187//2 182//2
f 188//2 189//2 178//2
f 178//2 189//2 190//2
f 178//2 190//2 185//2
f 177//2 191//2 178//2
f 178//2 191//2 192//2
f 178//2 192//2 188//2
f 26//89 28//89 6//89
f 6//89 28//89 37//89
f 6//89 37//89 1//89
f 20//90 34//90 21//90
f 21//90 34//90 28//90
f 21//90 28//90 26//90
f 18//91 54//91 16//91
f 16//91 54//91 34//91
f 16//91 34//91 20//91
f 11//92 42//92 12//92
f 12//92 42//92 54//92
f 12//92 54//92 18//92
f 9//93 44//93 7//93
f 7//93 44//93 42//93
f 7//93 42//93 11//93
f 1//94 37//94 2//94
f 2//94 37//94 44//94
f 2//94 44//94 9//94
f 193//95 19//95 17//95
f 12//96 19//96 193//96
f 193//97 23//97 22//97
f 24//98 23//98 193//98
f 16//99 24//99 193//99
f 193//100 27//100 25//100
f 21//101 27//101 193//101
f 193//102 4//102 3//102
f 5//103 4//103 193//103
f 6//104 5//104 193//104
f 193//105 10//105 8//105
f 2//106 10//106 193//106
f 193//107 15//107 14//107
f 13//108 193//108 14//108
f 7//109 15//109 193//109
f 8//110 7//110 193//110
f 3//111 2//111 193//111
f 25//112 6//112 193//112
f 22//113 21//113 193//113
f 17//114 16//114 193//114
f 13//115 12//115 193//115
f 137//116 194//116 138//116
f 138//117 194//117 195//117
f 138//117 195//117 139//117
f 139//118 195//118 196//118
f 139//118 196//118 140//118
f 140//119 196//119 197//119
f 140//119 197//119 141//119
f 141//120 197//120 198//120
f 141//121 198//121 142//121
f 142//122 198//122 199//122
f 142//122 199//122 143//122
f 143//123 199//123 200//123
f 143//124 200//124 144//124
f 144//125 200//125 201//125
f 144//125 201//125 145//125
f 145//126 201//126 202//126
f 145//126 202//126 146//126
f 146//127 202//127 203//127
f 146//127 203//127 147//127
f 147//128 203//128 204//128
f 147//128 204//128 148//128
f 148//129 204//129 205//129
f 148//129 205//129 149//129
f 149//130 205//130 206//130
f 149//130 206//130 150//130
f 150//131 206//131 207//131
f 150//131 207//131 151//131
f 151//132 207//132 208//132
f 151//132 208//132 152//132
f 152//133 208//133 209//133
f 152//133 209//133 153//133
f 153//134 209//134 210//134
f 153//135 210//135 154//135
f 154//136 210//136 211//136
f 154//137 211//137 155//137
f 155//138 211//138 212//138
f 155//138 212//138 156//138
f 156//139 212//139 213//139
f 156//139 213//139 157//139
f 157//140 213//140 214//140
f 157//140 214//140 158//140
f 158//141 214//141 215//141
f 158//141 215//141 159//141
f 159//142 215//142 216//142
f 159//142 216//142 116//142
f 116//143 216//143 217//143
f 116//143 217//143 117//143
f 117//144 217//144 218//144
f 117//144 218//144 118//144
f 118//145 218//145 219//145
f 118//145 219//145 119//145
f 119//146 219//146 220//146
f 119//147 220//147 120//147
f 120//148 220//148 221//148
f 120//149 221//149 121//149
f 121//150 221//150 222//150
f 121//151 222//151 122//151
f 122//152 222//152 223//152
f 122//152 223//152 123//152
f 123//153 223//153 224//153
f 123//153 224//153 124//153
f 124//154 224//154 225//154
f 124//154 225//154 125//154
f 125//155 225//155 226//155
f 125//155 226//155 126//155
f 126//156 226//156 227//156
f 126//156 227//156 127//156
f 127//157 227//157 228//157
f 127//157 228//157 128//157
f 128//158 228//158 229//158
f 128//158 229//158 129//158
f 129//159 229//159 230//159
f 129//159 230//159 130//159
f 130//160 230//160 231//160
f 130//160 231//160 131//160
f 131//161 231//161 232//161
f 131//162 232//162 132//162
f 132//163 232//163 233//163
f 132//163 233//163 133//163
f 133//164 233//164 234//164
f 133//164 234//164 134//164
f 134//165 234//165 235//165
f 134//165 235//165 135//165
f 135//166 235//166 236//166
f 135//166 236//166 136//166
f 136//167 236//167 237//167
f 136//167 237//167 137//167
f 137//116 237//116 194//116
f 237//168 238//168 194//168
f 194//169 238//169 239//169
f 194//169 239//169 195//169
f 195//170 239//170 240//170
f 195//170 240//170 196//170
f 196//171 240//171 241//171
f 196//171 241//171 197//171
f 197//172 241//172 242//172
f 197//173 242//173 198//173
f 198//174 242//174 243//174
f 198//175 243//175 199//175
f 199//176 243//176 244//176
f 199//176 244//176 200//176
f 200//177 244//177 245//177
f 200//177 245//177 201//177
f 201//178 245//178 246//178
f 201//178 246//178 202//178
f 202//179 246//179 247//179
f 202//179 247//179 203//179
f 203//180 247//180 248//180
f 203//180 248//180 204//180
f 204//181 248//181 249//181
f 204//181 249//181 205//181
f 205//182 249//182 250//182
f 205//182 250//182 206//182
f 206//183 250//183 251//183
f 206//183 251//183 207//183
f 207//184 251//184 252//184
f 207//184 252//184 208//184
f 208//185 252//185 253//185
f 208//186 253//186 209//186
f 209//187 253//187 254//187
f 209//187 254//187 210//187
f 210//188 254//188 255//188
f 210//188 255//188 211//188
f 211//189 255//189 256//189
f 211//189 256//189 212//189
f 212//190 256//190 257//190
f 212//190 257//190 213//190
f 213//191 257//191 258//191
f 213//191 258//191 214//191
f 214//192 258//192 259//192
f 214//192 259//192 215//192
f 215//193 259//193 260//193
f 215//193 260//193 216//193
f 216//194 260//194 261//194
f 216//194 261//194 217//194
f 217//195 261//195 262//195
f 217//195 262//195 218//195
f 218//196 262//196 263//196
f 218//196 263//196 219//196
f 219//197 263//197 264//197
f 219//197 264//197 220//197
f 220//198 264//198 265//198
f 220//199 265//199 221//199
f 221//200 265//200 266//200
f 221//200 266//200 222//200
f 222//201 266//201 267//201
f 222//201 267//201 223//201
f 223//202 267//202 268//202
f 223//202 268//202 224//202
f 224//203 268//203 269//203
f 224//203 269//203 225//203
f 225//204 269//204 270//204
f 225//204 270//204 226//204
f 226//205 270//205 271//205
f 226//205 271//205 227//205
f 227//206 271//206 272//206
f 227//206 272//206 228//206
f 228//207 272//207 273//207
f 228//207 273//207 229//207
f 229//208 273//208 274//208
f 229//208 274//208 230//208
f 230//209 274//209 275//209
f 230//210 275//210 231//210
f 231//211 275//211 276//211
f 231//211 276//211 232//211
f 232//212 276//212 277//212
f 232//212 277//212 233//212
f 233//213 277//213 278//213
f 233//213 278//213 234//213
f 234//214 278//214 279//214
f 234//214 279//214 235//214
f 235//215 279//215 280//215
f 235//215 280//215 236//215
f 236//216 280//216 281//216
f 236//216 281//216 237//216
f 237//168 281//168 238//168
f 281//217 31//217 238//217
f 238//218 31//218 71//218
f 238//218 71//218 239//218
f 239//219 71//219 70//219
f 239//219 70//219 240//219
f 240//220 70//220 69//220
f 240//220 69//220 241//220
f 241//221 69//221 68//221
f 241//221 68//221 242//221
f 242//222 68//222 67//222
f 242//222 67//222 243//222
f 243//223 67//223 66//223
f 243//223 66//223 244//223
f 244//224 66//224 33//224
f 244//224 33//224 245//224
f 245//225 33//225 32//225
f 245//225 32//225 246//225
f 246//226 32//226 57//226
f 246//227 57//227 247//227
f 247//228 57//228 77//228
f 247//228 77//228 248//228
f 248//229 77//229 76//229
f 248//229 76//229 249//229
f 249//230 76//230 75//230
f 249//230 75//230 250//230
f 250//231 75//231 56//231
f 250//231 56//231 251//231
f 251//232 56//232 55//232
f 251//232 55//232 252//232
f 252//233 55//233 53//233
f 252//233 53//233 253//233
f 253//234 53//234 52//234
f 253//234 52//234 254//234
f 254//235 52//235 60//235
f 254//236 60//236 255//236
f 255//237 60//237 59//237
f 255//237 59//237 256//237
f 256//238 59//238 58//238
f 256//238 58//238 257//238
f 257//239 58//239 43//239
f 257//239 43//239 258//239
f 258//240 43//240 41//240
f 258//240 41//240 259//240
f 259//241 41//241 40//241
f 259//241 40//241 260//241
f 260//242 40//242 48//242
f 260//242 48//242 261//242
f 261//243 48//243 47//243
f 261//243 47//243 262//243
f 262//244 47//244 62//244
f 262//244 62//244 263//244
f 263//245 62//245 61//245
f 263//245 61//245 264//245
f 264//246 61//246 46//246
f 264//246 46//246 265//246
f 265//247 46//247 45//247
f 265//248 45//248 266//248
f 266//249 45//249 65//249
f 266//249 65//249 267//249
f 267//250 65//250 64//250
f 267//250 64//250 268//250
f 268//251 64//251 63//251
f 268//252 63//252 269//252
f 269//253 63//253 74//253
f 269//253 74//253 270//253
f 270//254 74//254 73//254
f 270//254 73//254 271//254
f 271//255 73//255 72//255
f 271//255 72//255 272//255
f 272//256 72//256 51//256
f 272//256 51//256 273//256
f 273//257 51//257 50//257
f 273//257 50//257 274//257
f 274//258 50//258 49//258
f 274//258 49//258 275//258
f 275//259 49//259 39//259
f 275//259 39//259 276//259
f 276//260 39//260 38//260
f 276//261 38//261 277//261
f 277//262 38//262 36//262
f 277//262 36//262 278//262
f 278//263 36//263 35//263
f 278//264 35//264 279//264
f 279//265 35//265 30//265
f 279//265 30//265 280//265
f 280//266 30//266 29//266
f 280//266 29//266 281//266
f 281//217 29//217 31//217
f 175//267 185//267 160//267
f 160//268 185//268 190//268
f 160//268 190//268 161//268
f 161//269 190//269 189//269
f 161//269 189//269 162//269
f 162//270 189//270 188//270
f 162//270 188//270 163//270
f 163//271 188//271 192//271
f 163//271 192//271 164//271
f 164//272 192//272 191//272
f 164//272 191//272 165//272
f 165//273 191//273 177//273
f 165//273 177//273 166//273
f 166//274 177//274 176//274
f 166//274 176//274 167//274
f 167//275 176//275 181//275
f 167//275 181//275 168//275
f 168//276 181//276 180//276
f 168//276 180//276 169//276
f 169//277 180//277 179//277
f 169//277 179//277 170//277
f 170//278 179//278 184//278
f 170//278 184//278 171//278
f 171//279 184//279 183//279
f 171//279 183//279 172//279
f 172//280 183//280 182//280
f 172//280 182//280 173//280
f 173//281 182//281 187//281
f 173//281 187//281 174//281
f 174//282 187//282 186//282
f 174//282 186//282 175//282
f 175//267 186//267 185//267
f 282//1 283//1 284//1
f 284//1 285//1 282//1
f 282//1 285//1 286//1
f 282//1 286//1 287//1
f 288//1 289//1 290//1
f 290//1 289//1 291//1
f 290//1 291//1 283//1
f 292//283 293//283 294//283
f 294//1 295//1 292//1
f 292//1 295//1 296//1
f 292//284 296//284 288//284
f 297//1 298//1 299//1
f 299//1 298//1 300//1
f 299//1 300//1 293//1
f 301//1 302//1 303//1
f 303//1 304//1 301//1
f 301//1 304//1 305//1
f 301//1 305//1 297//1
f 287//1 306//1 307//1
f 307//1 306//1 308//1
f 307//1 308//1 302//1
f 309//1 310//1 311//1
f 312//1 313//1 314//1
f 309//1 311//1 315//1
f 316//1 317//1 318//1
f 318//1 319//1 316//1
f 316//1 319//1 320//1
f 316//1 320//1 311//1
f 311//1 320//1 321//1
f 311//1 321//1 315//1
f 322//1 323//1 324//1
f 325//1 326//1 327//1
f 327//1 326//1 328//1
f 327//1 328//1 329//1
f 312//1 314//1 330//1
f 331//1 332//1 322//1
f 322//1 332//1 333//1
f 322//1 333//1 323//1
f 311//1 334//1 335//1
f 335//1 334//1 336//1
f 335//1 336//1 337//1
f 324//1 338//1 322//1
f 322//1 338//1 339//1
f 322//1 339//1 314//1
f 314//1 339//1 340//1
f 314//1 340//1 330//1
f 337//1 341//1 335//1
f 335//1 341//1 342//1
f 335//1 342//1 343//1
f 310//1 344//1 311//1
f 311//1 344//1 345//1
f 311//1 345//1 334//1
f 314//1 346//1 327//1
f 327//1 346//1 347//1
f 327//1 347//1 325//1
f 343//1 348//1 335//1
f 335//1 348//1 349//1
f 335//1 349//1 322//1
f 322//1 349//1 350//1
f 322//1 350//1 331//1
f 351//1 352//1 316//1
f 316//1 352//1 353//1
f 316//1 353//1 317//1
f 313//1 354//1 314//1
f 314//1 354//1 355//1
f 314//1 355//1 346//1
f 329//1 356//1 327//1
f 327//1 356//1 357//1
f 327//1 357//1 316//1
f 316//1 357//1 358//1
f 316//1 358//1 351//1
f 359//2 360//2 361//2
f 361//2 360//2 362//2
f 361//2 362//2 363//2
f 363//2 362//2 364//2
f 363//2 364//2 365//2
f 366//2 367//2 368//2
f 368//2 367//2 369//2
f 368//2 369//2 370//2
f 371//2 372//2 373//2
f 373//2 372//2 374//2
f 373//2 374//2 359//2
f 359//2 374//2 375//2
f 359//2 375//2 360//2
f 369//2 376//2 370//2
f 370//2 376//2 377//2
f 370//2 377//2 378//2
f 378//2 377//2 379//2
f 378//2 379//2 380//2
f 380//2 379//2 381//2
f 380//2 381//2 382//2
f 364//2 383//2 365//2
f 365//2 383//2 384//2
f 365//2 384//2 385//2
f 385//2 384//2 386//2
f 385//2 386//2 387//2
f 387//2 386//2 388//2
f 387//2 388//2 366//2
f 366//2 388//2 389//2
f 366//2 389//2 367//2
f 381//2 390//2 382//2
f 382//2 390//2 391//2
f 382//2 391//2 392//2
f 392//2 391//2 393//2
f 392//2 393//2 394//2
f 394//2 393//2 395//2
f 394//2 395//2 371//2
f 371//2 395//2 396//2
f 371//2 396//2 372//2
f 383//285 364//285 397//285
f 397//286 398//286 383//286
f 383//287 398//287 399//287
f 383//288 399//288 384//288
f 399//289 400//289 384//289
f 384//290 400//290 401//290
f 384//291 401//291 386//291
f 401//292 402//292 386//292
f 386//293 402//293 403//293
f 386//294 403//294 388//294
f 403//295 404//295 388//295
f 388//296 404//296 405//296
f 388//297 405//297 389//297
f 405//298 406//298 389//298
f 389//299 406//299 407//299
f 389//300 407//300 367//300
f 407//301 408//301 367//301
f 367//302 408//302 409//302
f 367//303 409//303 369//303
f 409//304 410//304 369//304
f 369//305 410//305 411//305
f 369//306 411//306 376//306
f 411//307 412//307 376//307
f 376//308 412//308 413//308
f 376//309 413//309 377//309
f 413//310 414//310 377//310
f 377//311 414//311 415//311
f 377//312 415//312 379//312
f 415//313 416//313 379//313
f 379//314 416//314 417//314
f 379//315 417//315 381//315
f 417//316 418//316 381//316
f 381//317 418//317 419//317
f 381//318 419//318 390//318
f 419//319 420//319 390//319
f 390//320 420//320 421//320
f 390//321 421//321 391//321
f 421//322 422//322 391//322
f 391//323 422//323 423//323
f 391//324 423//324 393//324
f 423//325 424//325 393//325
f 393//326 424//326 425//326
f 393//327 425//327 395//327
f 425//328 426//328 395//328
f 395//329 426//329 427//329
f 395//330 427//330 396//330
f 427//331 428//331 396//331
f 396//332 428//332 429//332
f 396//333 429//333 372//333
f 429//334 430//334 372//334
f 372//335 430//335 431//335
f 372//336 431//336 374//336
f 431//337 432//337 374//337
f 374//338 432//338 433//338
f 374//339 433//339 375//339
f 433//340 434//340 375//340
f 375//341 434//341 435//341
f 375//342 435//342 360//342
f 435//343 436//343 360//343
f 360//344 436//344 437//344
f 360//345 437//345 362//345
f 437//346 438//346 362//346
f 362//347 438//347 439//347
f 362//348 439//348 364//348
f 364//349 439//349 440//349
f 364//350 440//350 397//350
f 363//351 441//351 361//351
f 361//352 441//352 442//352
f 361//352 442//352 359//352
f 359//353 442//353 443//353
f 359//353 443//353 373//353
f 373//354 443//354 444//354
f 373//354 444//354 371//354
f 371//355 444//355 445//355
f 371//355 445//355 394//355
f 394//356 445//356 446//356
f 394//356 446//356 392//356
f 392//357 446//357 447//357
f 392//357 447//357 382//357
f 382//358 447//358 448//358
f 382//358 448//358 380//358
f 380//359 448//359 449//359
f 380//359 449//359 378//359
f 378//360 449//360 450//360
f 378//360 450//360 370//360
f 370//361 450//361 451//361
f 370//361 451//361 368//361
f 368//362 451//362 452//362
f 368//362 452//362 366//362
f 366//363 452//363 453//363
f 366//363 453//363 387//363
f 387//364 453//364 454//364
f 387//364 454//364 385//364
f 385//365 454//365 455//365
f 385//365 455//365 365//365
f 365//366 455//366 456//366
f 365//366 456//366 363//366
f 363//351 456//351 441//351
f 457//2 458//2 459//2
f 460//2 461//2 459//2
f 459//2 461//2 462//2
f 459//2 462//2 457//2
f 463//2 464//2 459//2
f 459//2 464//2 465//2
f 459//2 465//2 460//2
f 466//2 467//2 459//2
f 459//2 467//2 468//2
f 459//2 468//2 463//2
f 469//2 470//2 459//2
f 459//2 470//2 471//2
f 459//2 471//2 466//2
f 458//2 472//2 459//2
f 459//2 472//2 473//2
f 459//2 473//2 469//2
f 307//367 311//367 287//367
f 287//367 311//367 335//367
f 287//367 335//367 282//367
f 301//368 316//368 302//368
f 302//368 316//368 311//368
f 302//368 311//368 307//368
f 299//369 327//369 297//369
f 297//369 327//369 316//369
f 297//369 316//369 301//369
f 292//370 314//370 293//370
f 293//370 314//370 327//370
f 293//370 327//370 299//370
f 290//371 322//371 288//371
f 288//371 322//371 314//371
f 288//371 314//371 292//371
f 282//372 335//372 283//372
f 283//372 335//372 322//372
f 283//372 322//372 290//372
f 474//373 300//373 298//373
f 293//374 300//374 474//374
f 474//375 304//375 303//375
f 305//376 304//376 474//376
f 297//377 305//377 474//377
f 474//378 308//378 306//378
f 302//379 308//379 474//379
f 474//380 285//380 284//380
f 286//381 285//381 474//381
f 287//382 286//382 474//382
f 474//383 291//383 289//383
f 283//384 291//384 474//384
f 474//385 296//385 295//385
f 294//386 474//386 295//386
f 288//387 296//387 474//387
f 289//388 288//388 474//388
f 284//389 283//389 474//389
f 306//390 287//390 474//390
f 303//391 302//391 474//391
f 298//392 297//392 474//392
f 294//393 293//393 474//393
f 418//394 475//394 419//394
f 419//395 475//395 476//395
f 419//396 476//396 420//396
f 420//397 476//397 477//397
f 420//397 477//397 421//397
f 421//398 477//398 478//398
f 421//398 478//398 422//398
f 422//399 478//399 479//399
f 422//399 479//399 423//399
f 423//400 479//400 480//400
f 423//400 480//400 424//400
f 424//401 480//401 481//401
f 424//401 481//401 425//401
f 425//402 481//402 482//402
f 425//402 482//402 426//402
f 426//403 482//403 483//403
f 426//403 483//403 427//403
f 427//404 483//404 484//404
f 427//404 484//404 428//404
f 428//405 484//405 485//405
f 428//406 485//406 429//406
f 429//407 485//407 486//407
f 429//408 486//408 430//408
f 430//409 486//409 487//409
f 430//409 487//409 431//409
f 431//410 487//410 488//410
f 431//411 488//411 432//411
f 432//412 488//412 489//412
f 432//412 489//412 433//412
f 433//413 489//413 490//413
f 433//413 490//413 434//413
f 434//414 490//414 491//414
f 434//414 491//414 435//414
f 435//415 491//415 492//415
f 435//415 492//415 436//415
f 436//416 492//416 493//416
f 436//416 493//416 437//416
f 437//417 493//417 494//417
f 437//417 494//417 438//417
f 438//418 494//418 495//418
f 438//418 495//418 439//418
f 439//419 495//419 496//419
f 439//419 496//419 440//419
f 440//420 496//420 497//420
f 440//420 497//420 397//420
f 397//421 497//421 498//421
f 397//421 498//421 398//421
f 398//422 498//422 499//422
f 398//422 499//422 399//422
f 399//423 499//423 500//423
f 399//423 500//423 400//423
f 400//424 500//424 501//424
f 400//424 501//424 401//424
f 401//425 501//425 502//425
f 401//425 502//425 402//425
f 402//426 502//426 503//426
f 402//426 503//426 403//426
f 403//427 503//427 504//427
f 403//427 504//427 404//427
f 404//428 504//428 505//428
f 404//428 505//428 405//428
f 405//429 505//429 506//429
f 405//429 506//429 406//429
f 406//430 506//430 507//430
f 406//431 507//431 407//431
f 407//432 507//432 508//432
f 407//432 508//432 408//432
f 408//433 508//433 509//433
f 408//434 509//434 409//434
f 409//435 509//435 510//435
f 409//435 510//435 410//435
f 410//436 510//436 511//436
f 410//436 511//436 411//436
f 411//437 511//437 512//437
f 411//437 512//437 412//437
f 412//438 512//438 513//438
f 412//438 513//438 413//438
f 413//439 513//439 514//439
f 413//439 514//439 414//439
f 414//440 514//440 515//440
f 414//440 515//440 415//440
f 415//441 515//441 516//441
f 415//441 516//441 416//441
f 416//442 516//442 517//442
f 416//442 517//442 417//442
f 417//443 517//443 518//443
f 417//443 518//443 418//443
f 418//394 518//394 475//394
f 518//444 519//444 475//444
f 475//445 519//445 520//445
f 475//445 520//445 476//445
f 476//446 520//446 521//446
f 476//446 521//446 477//446
f 477//447 521//447 522//447
f 477//447 522//447 478//447
f 478//448 522//448 523//448
f 478//448 523//448 479//448
f 479//449 523//449 524//449
f 479//450 524//450 480//450
f 480//451 524//451 525//451
f 480//451 525//451 481//451
f 481//452 525//452 526//452
f 481//453 526//453 482//453
f 482//454 526//454 527//454
f 482//454 527//454 483//454
f 483//455 527//455 528//455
f 483//455 528//455 484//455
f 484//456 528//456 529//456
f 484//457 529//457 485//457
f 485//458 529//458 530//458
f 485//459 530//459 486//459
f 486//460 530//460 531//460
f 486//460 531//460 487//460
f 487//461 531//461 532//461
f 487//461 532//461 488//461
f 488//462 532//462 533//462
f 488//462 533//462 489//462
f 489//463 533//463 534//463
f 489//463 534//463 490//463
f 490//464 534//464 535//464
f 490//464 535//464 491//464
f 491//465 535//465 536//465
f 491//465 536//465 492//465
f 492//466 536//466 537//466
f 492//467 537//467 493//467
f 493//468 537//468 538//468
f 493//468 538//468 494//468
f 494//469 538//469 539//469
f 494//469 539//469 495//469
f 495//470 539//470 540//470
f 495//471 540//471 496//471
f 496//472 540//472 541//472
f 496//473 541//473 497//473
f 497//474 541//474 542//474
f 497//474 542//474 498//474
f 498//475 542//475 543//475
f 498//475 543//475 499//475
f 499//476 543//476 544//476
f 499//476 544//476 500//476
f 500//477 544//477 545//477
f 500//477 545//477 501//477
f 501//478 545//478 546//478
f 501//478 546//478 502//478
f 502//479 546//479 547//479
f 502//479 547//479 503//479
f 503//480 547//480 548//480
f 503//481 548//481 504//481
f 504//482 548//482 549//482
f 504//483 549//483 505//483
f 505//484 549//484 550//484
f 505//484 550//484 506//484
f 506//485 550//485 551//485
f 506//486 551//486 507//486
f 507//487 551//487 552//487
f 507//488 552//488 508//488
f 508//489 552//489 553//489
f 508//489 553//489 509//489
f 509//490 553//490 554//490
f 509//490 554//490 510//490
f 510//491 554//491 555//491
f 510//491 555//491 511//491
f 511//492 555//492 556//492
f 511//492 556//492 512//492
f 512//493 556//493 557//493
f 512//493 557//493 513//493
f 513//494 557//494 558//494
f 513//494 558//494 514//494
f 514//495 558//495 559//495
f 514//495 559//495 515//495
f 515//496 559//496 560//496
f 515//496 560//496 516//496
f 516//497 560//497 561//497
f 516//498 561//498 517//498
f 517//499 561//499 562//499
f 517//500 562//500 518//500
f 518//444 562//444 519//444
f 562//501 309//501 519//501
f 519//502 309//502 315//502
f 519//502 315//502 520//502
f 520//503 315//503 321//503
f 520//503 321//503 521//503
f 521//504 321//504 320//504
f 521//504 320//504 522//504
f 522//505 320//505 319//505
f 522//505 319//505 523//505
f 523//506 319//506 318//506
f 523//506 318//506 524//506
f 524//507 318//507 317//507
f 524//507 317//507 525//507
f 525//508 317//508 353//508
f 525//508 353//508 526//508
f 526//509 353//509 352//509
f 526//509 352//509 527//509
f 527//510 352//510 351//510
f 527//510 351//510 528//510
f 528//511 351//511 358//511
f 528//511 358//511 529//511
f 529//512 358//512 357//512
f 529//512 357//512 530//512
f 530//513 357//513 356//513
f 530//513 356//513 531//513
f 531//514 356//514 329//514
f 531//514 329//514 532//514
f 532//515 329//515 328//515
f 532//515 328//515 533//515
f 533//516 328//516 326//516
f 533//517 326//517 534//517
f 534//518 326//518 325//518
f 534//518 325//518 535//518
f 535//519 325//519 347//519
f 535//519 347//519 536//519
f 536//520 347//520 346//520
f 536//520 346//520 537//520
f 537//521 346//521 355//521
f 537//521 355//521 538//521
f 538//522 355//522 354//522
f 538//522 354//522 539//522
f 539//523 354//523 313//523
f 539//523 313//523 540//523
f 540//524 313//524 312//524
f 540//524 312//524 541//524
f 541//525 312//525 330//525
f 541//525 330//525 542//525
f 542//526 330//526 340//526
f 542//526 340//526 543//526
f 543//527 340//527 339//527
f 543//527 339//527 544//527
f 544//528 339//528 338//528
f 544//528 338//528 545//528
f 545//529 338//529 324//529
f 545//529 324//529 546//529
f 546//530 324//530 323//530
f 546//530 323//530 547//530
f 547//531 323//531 333//531
f 547//531 333//531 548//531
f 548//532 333//532 332//532
f 548//532 332//532 549//532
f 549//533 332//533 331//533
f 549//533 331//533 550//533
f 550//534 331//534 350//534
f 550//534 350//534 551//534
f 551//535 350//535 349//535
f 551//535 349//535 552//535
f 552//536 349//536 348//536
f 552//536 348//536 553//536
f 553//537 348//537 343//537
f 553//537 343//537 554//537
f 554//538 343//538 342//538
f 554//538 342//538 555//538
f 555//539 342//539 341//539
f 555//540 341//540 556//540
f 556//541 341//541 337//541
f 556//541 337//541 557//541
f 557//542 337//542 336//542
f 557//542 336//542 558//542
f 558//543 336//543 334//543
f 558//543 334//543 559//543
f 559//544 334//544 345//544
f 559//544 345//544 560//544
f 560//545 345//545 344//545
f 560//545 344//545 561//545
f 561//546 344//546 310//546
f 561//546 310//546 562//546
f 562//501 310//501 309//501
f 456//547 466//547 441//547
f 441//548 466//548 471//548
f 441//548 471//548 442//548
f 442//549 471//549 470//549
f 442//550 470//550 443//550
f 443//551 470//551 469//551
f 443//552 469//552 444//552
f 444//553 469//553 473//553
f 444//554 473//554 445//554
f 445//555 473//555 472//555
f 445//556 472//556 446//556
f 446//557 472//557 458//557
f 446//557 458//557 447//557
f 447//558 458//558 457//558
f 447//559 457//559 448//559
f 448//560 457//560 462//560
f 448//560 462//560 449//560
f 449//561 462//561 461//561
f 449//562 461//562 450//562
f 450//563 461//563 460//563
f 450//563 460//563 451//563
f 451//564 460//564 465//564
f 451//565 465//565 452//565
f 452//566 465//566 464//566
f 452//566 464//566 453//566
f 453//567 464//567 463//567
f 453//567 463//567 454//567
f 454//568 463//568 468//568
f 454//569 468//569 455//569
f 455//570 468//570 467//570
f 455//570 467//570 456//570
f 456//547 467//547 466//547
f 563//1 564//1 565//1
f 565//1 566//1 563//1
f 563//1 566//1 567//1
f 563//1 567//1 568//1
f 569//1 570//1 571//1
f 571//1 570//1 572//1
f 571//1 572//1 564//1
f 573//1 574//1 575//1
f 575//1 576//1 573//1
f 573//1 576//1 577//1
f 573//1 577//1 569//1
f 578//1 579//1 580//1
f 580//1 579//1 581//1
f 580//1 581//1 574//1
f 582//1 583//1 584//1
f 584//1 585//1 582//1
f 582//1 585//1 586//1
f 582//1 586//1 578//1
f 568//1 587//1 588//1
f 588//1 587//1 589//1
f 588//1 589//1 583//1
f 590//1 591//1 592//1
f 591//1 590//1 593//1
f 594//1 595//1 596//1
f 597//1 598//1 596//1
f 596//1 598//1 599//1
f 596//1 599//1 594//1
f 592//1 600//1 590//1
f 590//1 600//1 601//1
f 590//1 601//1 602//1
f 602//1 601//1 603//1
f 602//1 603//1 604//1
f 605//1 606//1 607//1
f 608//1 609//1 605//1
f 605//1 609//1 610//1
f 605//1 610//1 606//1
f 611//1 612//1 613//1
f 607//1 614//1 605//1
f 605//1 614//1 615//1
f 605//1 615//1 590//1
f 590//1 615//1 616//1
f 590//1 616//1 593//1
f 617//1 618//1 619//1
f 619//1 618//1 620//1
f 619//1 620//1 621//1
f 604//1 622//1 602//1
f 602//1 622//1 623//1
f 602//1 623//1 624//1
f 625//1 626//1 611//1
f 611//1 626//1 627//1
f 611//1 627//1 612//1
f 595//1 628//1 596//1
f 596//1 628//1 629//1
f 596//1 629//1 605//1
f 605//1 629//1 630//1
f 605//1 630//1 608//1
f 621//1 631//1 619//1
f 619//1 631//1 632//1
f 619//1 632//1 596//1
f 596//1 632//1 633//1
f 596//1 633//1 597//1
f 624//1 634//1 602//1
f 602//1 634//1 635//1
f 602//1 635//1 611//1
f 611//1 635//1 636//1
f 611//1 636//1 625//1
f 613//1 637//1 611//1
f 611//1 637//1 638//1
f 611//1 638//1 619//1
f 619//1 638//1 639//1
f 619//1 639//1 617//1
f 640//2 641//2 642//2
f 642//2 641//2 643//2
f 642//2 643//2 644//2
f 644//2 643//2 645//2
f 644//2 645//2 646//2
f 645//2 647//2 646//2
f 646//2 647//2 648//2
f 646//2 648//2 649//2
f 649//2 648//2 650//2
f 649//2 650//2 651//2
f 651//2 650//2 652//2
f 651//2 652//2 653//2
f 654//2 655//2 656//2
f 656//2 655//2 657//2
f 656//2 657//2 640//2
f 640//2 657//2 658//2
f 640//2 658//2 641//2
f 659//2 660//2 661//2
f 661//2 660//2 662//2
f 661//2 662//2 663//2
f 663//2 662//2 664//2
f 663//2 664//2 654//2
f 654//2 664//2 665//2
f 654//2 665//2 655//2
f 666//2 667//2 668//2
f 668//2 667//2 669//2
f 668//2 669//2 659//2
f 659//2 669//2 670//2
f 659//2 670//2 660//2
f 652//2 671//2 653//2
f 653//2 671//2 672//2
f 653//2 672//2 673//2
f 673//2 672//2 674//2
f 673//2 674//2 675//2
f 675//2 674//2 676//2
f 675//2 676//2 666//2
f 666//2 676//2 677//2
f 666//2 677//2 667//2
f 671//571 652//571 678//571
f 678//572 679//572 671//572
f 671//573 679//573 680//573
f 671//574 680//574 672//574
f 680//575 681//575 672//575
f 672//576 681//576 682//576
f 672//577 682//577 674//577
f 682//578 683//578 674//578
f 674//579 683//579 684//579
f 674//580 684//580 676//580
f 684//581 685//581 676//581
f 676//582 685//582 686//582
f 676//583 686//583 677//583
f 686//584 687//584 677//584
f 677//585 687//585 688//585
f 677//586 688//586 667//586
f 688//587 689//587 667//587
f 667//588 689//588 690//588
f 667//589 690//589 669//589
f 690//590 691//590 669//590
f 669//591 691//591 692//591
f 669//592 692//592 670//592
f 692//593 693//593 670//593
f 670//594 693//594 694//594
f 670//595 694//595 660//595
f 694//596 695//596 660//596
f 660//597 695//597 696//597
f 660//598 696//598 662//598
f 696//599 697//599 662//599
f 662//600 697//600 698//600
f 662//601 698//601 664//601
f 698//602 699//602 664//602
f 664//603 699//603 700//603
f 664//604 700//604 665//604
f 700//605 701//605 665//605
f 665//606 701//606 702//606
f 665//607 702//607 655//607
f 702//608 703//608 655//608
f 655//609 703//609 704//609
f 655//610 704//610 657//610
f 704//611 705//611 657//611
f 657//612 705//612 706//612
f 657//613 706//613 658//613
f 706//614 707//614 658//614
f 658//615 707//615 708//615
f 658//616 708//616 641//616
f 708//617 709//617 641//617
f 641//618 709//618 710//618
f 641//619 710//619 643//619
f 710//620 711//620 643//620
f 643//621 711//621 712//621
f 643//622 712//622 645//622
f 712//623 713//623 645//623
f 645//624 713//624 714//624
f 645//625 714//625 647//625
f 714//626 715//626 647//626
f 647//627 715//627 716//627
f 647//628 716//628 648//628
f 716//629 717//629 648//629
f 648//630 717//630 718//630
f 648//631 718//631 650//631
f 718//632 719//632 650//632
f 650//633 719//633 720//633
f 650//634 720//634 652//634
f 652//635 720//635 721//635
f 652//636 721//636 678//636
f 651//637 722//637 649//637
f 649//638 722//638 723//638
f 649//638 723//638 646//638
f 646//639 723//639 724//639
f 646//640 724//640 644//640
f 644//641 724//641 725//641
f 644//641 725//641 642//641
f 642//642 725//642 726//642
f 642//642 726//642 640//642
f 640//643 726//643 727//643
f 640//643 727//643 656//643
f 656//644 727//644 728//644
f 656//644 728//644 654//644
f 654//645 728//645 729//645
f 654//645 729//645 663//645
f 663//646 729//646 730//646
f 663//646 730//646 661//646
f 661//647 730//647 731//647
f 661//647 731//647 659//647
f 659//648 731//648 732//648
f 659//648 732//648 668//648
f 668//649 732//649 733//649
f 668//649 733//649 666//649
f 666//650 733//650 734//650
f 666//650 734//650 675//650
f 675//651 734//651 735//651
f 675//651 735//651 673//651
f 673//652 735//652 736//652
f 673//652 736//652 653//652
f 653//653 736//653 737//653
f 653//653 737//653 651//653
f 651//654 737//654 722//654
f 738//2 739//2 740//2
f 741//2 742//2 740//2
f 740//2 742//2 743//2
f 740//2 743//2 738//2
f 744//2 745//2 740//2
f 740//2 745//2 746//2
f 740//2 746//2 741//2
f 747//2 748//2 740//2
f 740//2 748//2 749//2
f 740//2 749//2 744//2
f 750//2 751//2 740//2
f 740//2 751//2 752//2
f 740//2 752//2 747//2
f 739//2 753//2 740//2
f 740//2 753//2 754//2
f 740//2 754//2 750//2
f 588//90 590//90 568//90
f 568//90 590//90 602//90
f 568//90 602//90 563//90
f 582//91 605//91 583//91
f 583//91 605//91 590//91
f 583//91 590//91 588//91
f 580//92 596//92 578//92
f 578//92 596//92 605//92
f 578//92 605//92 582//92
f 573//93 619//93 574//93
f 574//93 619//93 596//93
f 574//93 596//93 580//93
f 571//94 611//94 569//94
f 569//94 611//94 619//94
f 569//94 619//94 573//94
f 563//89 602//89 564//89
f 564//89 602//89 611//89
f 564//89 611//89 571//89
f 755//655 581//655 579//655
f 574//656 581//656 755//656
f 755//657 585//657 584//657
f 586//658 585//658 755//658
f 578//659 586//659 755//659
f 755//660 589//660 587//660
f 583//661 589//661 755//661
f 755//662 566//662 565//662
f 567//663 566//663 755//663
f 568//664 567//664 755//664
f 755//665 572//665 570//665
f 564//666 572//666 755//666
f 755//667 577//667 576//667
f 575//668 755//668 576//668
f 569//669 577//669 755//669
f 570//670 569//670 755//670
f 565//671 564//671 755//671
f 587//672 568//672 755//672
f 584//673 583//673 755//673
f 579//674 578//674 755//674
f 575//675 574//675 755//675
f 699//676 756//676 700//676
f 700//677 756//677 757//677
f 700//677 757//677 701//677
f 701//678 757//678 758//678
f 701//678 758//678 702//678
f 702//679 758//679 759//679
f 702//679 759//679 703//679
f 703//680 759//680 760//680
f 703//681 760//681 704//681
f 704//682 760//682 761//682
f 704//683 761//683 705//683
f 705//684 761//684 762//684
f 705//684 762//684 706//684
f 706//685 762//685 763//685
f 706//685 763//685 707//685
f 707//686 763//686 764//686
f 707//686 764//686 708//686
f 708//687 764//687 765//687
f 708//687 765//687 709//687
f 709//688 765//688 766//688
f 709//688 766//688 710//688
f 710//689 766//689 767//689
f 710//689 767//689 711//689
f 711//690 767//690 768//690
f 711//690 768//690 712//690
f 712//691 768//691 769//691
f 712//691 769//691 713//691
f 713//692 769//692 770//692
f 713//692 770//692 714//692
f 714//693 770//693 771//693
f 714//693 771//693 715//693
f 715//694 771//694 772//694
f 715//694 772//694 716//694
f 716//695 772//695 773//695
f 716//695 773//695 717//695
f 717//696 773//696 774//696
f 717//696 774//696 718//696
f 718//697 774//697 775//697
f 718//697 775//697 719//697
f 719//698 775//698 776//698
f 719//698 776//698 720//698
f 720//699 776//699 777//699
f 720//699 777//699 721//699
f 721//700 777//700 778//700
f 721//700 778//700 678//700
f 678//701 778//701 779//701
f 678//701 779//701 679//701
f 679//702 779//702 780//702
f 679//702 780//702 680//702
f 680//703 780//703 781//703
f 680//703 781//703 681//703
f 681//704 781//704 782//704
f 681//704 782//704 682//704
f 682//705 782//705 783//705
f 682//705 783//705 683//705
f 683//706 783//706 784//706
f 683//706 784//706 684//706
f 684//707 784//707 785//707
f 684//707 785//707 685//707
f 685//708 785//708 786//708
f 685//708 786//708 686//708
f 686//709 786//709 787//709
f 686//710 787//710 687//710
f 687//711 787//711 788//711
f 687//712 788//712 688//712
f 688//713 788//713 789//713
f 688//713 789//713 689//713
f 689//714 789//714 790//714
f 689//714 790//714 690//714
f 690//715 790//715 791//715
f 690//715 791//715 691//715
f 691//716 791//716 792//716
f 691//716 792//716 692//716
f 692//717 792//717 793//717
f 692//717 793//717 693//717
f 693//718 793//718 794//718
f 693//718 794//718 694//718
f 694//719 794//719 795//719
f 694//719 795//719 695//719
f 695//720 795//720 796//720
f 695//720 796//720 696//720
f 696//721 796//721 797//721
f 696//721 797//721 697//721
f 697//722 797//722 798//722
f 697//722 798//722 698//722
f 698//723 798//723 799//723
f 698//723 799//723 699//723
f 699//676 799//676 756//676
f 799//724 800//724 756//724
f 756//725 800//725 801//725
f 756//725 801//725 757//725
f 757//726 801//726 802//726
f 757//726 802//726 758//726
f 758//727 802//727 803//727
f 758//727 803//727 759//727
f 759//728 803//728 804//728
f 759//728 804//728 760//728
f 760//729 804//729 805//729
f 760//730 805//730 761//730
f 761//731 805//731 806//731
f 761//731 806//731 762//731
f 762//732 806//732 807//732
f 762//732 807//732 763//732
f 763//733 807//733 808//733
f 763//734 808//734 764//734
f 764//735 808//735 809//735
f 764//735 809//735 765//735
f 765//736 809//736 810//736
f 765//737 810//737 766//737
f 766//738 810//738 811//738
f 766//738 811//738 767//738
f 767//739 811//739 812//739
f 767//739 812//739 768//739
f 768//740 812//740 813//740
f 768//740 813//740 769//740
f 769//741 813//741 814//741
f 769//741 814//741 770//741
f 770//742 814//742 815//742
f 770//742 815//742 771//742
f 771//743 815//743 816//743
f 771//743 816//743 772//743
f 772//744 816//744 817//744
f 772//744 817//744 773//744
f 773//745 817//745 818//745
f 773//745 818//745 774//745
f 774//746 818//746 819//746
f 774//746 819//746 775//746
f 775//747 819//747 820//747
f 775//747 820//747 776//747
f 776//748 820//748 821//748
f 776//748 821//748 777//748
f 777//749 821//749 822//749
f 777//749 822//749 778//749
f 778//750 822//750 823//750
f 778//750 823//750 779//750
f 779//751 823//751 824//751
f 779//751 824//751 780//751
f 780//752 824//752 825//752
f 780//752 825//752 781//752
f 781//753 825//753 826//753
f 781//753 826//753 782//753
f 782//754 826//754 827//754
f 782//755 827//755 783//755
f 783//756 827//756 828//756
f 783//756 828//756 784//756
f 784//757 828//757 829//757
f 784//757 829//757 785//757
f 785//758 829//758 830//758
f 785//758 830//758 786//758
f 786//759 830//759 831//759
f 786//759 831//759 787//759
f 787//760 831//760 832//760
f 787//760 832//760 788//760
f 788//761 832//761 833//761
f 788//761 833//761 789//761
f 789//762 833//762 834//762
f 789//762 834//762 790//762
f 790//763 834//763 835//763
f 790//763 835//763 791//763
f 791//764 835//764 836//764
f 791//764 836//764 792//764
f 792//765 836//765 837//765
f 792//765 837//765 793//765
f 793//766 837//766 838//766
f 793//766 838//766 794//766
f 794//767 838//767 839//767
f 794//767 839//767 795//767
f 795//768 839//768 840//768
f 795//768 840//768 796//768
f 796//769 840//769 841//769
f 796//770 841//770 797//770
f 797//771 841//771 842//771
f 797//771 842//771 798//771
f 798//772 842//772 843//772
f 798//772 843//772 799//772
f 799//724 843//724 800//724
f 843//773 593//773 800//773
f 800//774 593//774 616//774
f 800//774 616//774 801//774
f 801//775 616//775 615//775
f 801//775 615//775 802//775
f 802//776 615//776 614//776
f 802//776 614//776 803//776
f 803//777 614//777 607//777
f 803//777 607//777 804//777
f 804//778 607//778 606//778
f 804//778 606//778 805//778
f 805//779 606//779 610//779
f 805//779 610//779 806//779
f 806//780 610//780 609//780
f 806//780 609//780 807//780
f 807//781 609//781 608//781
f 807//781 608//781 808//781
f 808//782 608//782 630//782
f 808//782 630//782 809//782
f 809//783 630//783 629//783
f 809//784 629//784 810//784
f 810//785 629//785 628//785
f 810//786 628//786 811//786
f 811//787 628//787 595//787
f 811//787 595//787 812//787
f 812//788 595//788 594//788
f 812//788 594//788 813//788
f 813//789 594//789 599//789
f 813//789 599//789 814//789
f 814//790 599//790 598//790
f 814//790 598//790 815//790
f 815//791 598//791 597//791
f 815//791 597//791 816//791
f 816//792 597//792 633//792
f 816//792 633//792 817//792
f 817//793 633//793 632//793
f 817//793 632//793 818//793
f 818//794 632//794 631//794
f 818//794 631//794 819//794
f 819//795 631//795 621//795
f 819//795 621//795 820//795
f 820//796 621//796 620//796
f 820//797 620//797 821//797
f 821//798 620//798 618//798
f 821//798 618//798 822//798
f 822//799 618//799 617//799
f 822//799 617//799 823//799
f 823//800 617//800 639//800
f 823//800 639//800 824//800
f 824//801 639//801 638//801
f 824//801 638//801 825//801
f 825//802 638//802 637//802
f 825//802 637//802 826//802
f 826//803 637//803 613//803
f 826//803 613//803 827//803
f 827//804 613//804 612//804
f 827//804 612//804 828//804
f 828//805 612//805 627//805
f 828//805 627//805 829//805
f 829//806 627//806 626//806
f 829//806 626//806 830//806
f 830//807 626//807 625//807
f 830//807 625//807 831//807
f 831//808 625//808 636//808
f 831//808 636//808 832//808
f 832//809 636//809 635//809
f 832//810 635//810 833//810
f 833//811 635//811 634//811
f 833//811 634//811 834//811
f 834//812 634//812 624//812
f 834//812 624//812 835//812
f 835//813 624//813 623//813
f 835//813 623//813 836//813
f 836//814 623//814 622//814
f 836//814 622//814 837//814
f 837//815 622//815 604//815
f 837//815 604//815 838//815
f 838//816 604//816 603//816
f 838//816 603//816 839//816
f 839//817 603//817 601//817
f 839//817 601//817 840//817
f 840//818 601//818 600//818
f 840//818 600//818 841//818
f 841//819 600//819 592//819
f 841//819 592//819 842//819
f 842//820 592//820 591//820
f 842//820 591//820 843//820
f 843//773 591//773 593//773
f 737//821 747//821 722//821
f 722//822 747//822 752//822
f 722//822 752//822 723//822
f 723//823 752//823 751//823
f 723//823 751//823 724//823
f 724//824 751//824 750//824
f 724//824 750//824 725//824
f 725//825 750//825 754//825
f 725//826 754//826 726//826
f 726//827 754//827 753//827
f 726//827 753//827 727//827
f 727//828 753//828 739//828
f 727//828 739//828 728//828
f 728//829 739//829 738//829
f 728//829 738//829 729//829
f 729//830 738//830 743//830
f 729//830 743//830 730//830
f 730//831 743//831 742//831
f 730//831 742//831 731//831
f 731//832 742//832 741//832
f 731//832 741//832 732//832
f 732//833 741//833 746//833
f 732//833 746//833 733//833
f 733//834 746//834 745//834
f 733//835 745//835 734//835
f 734//836 745//836 744//836
f 734//836 744//836 735//836
f 735//837 744//837 749//837
f 735//838 749//838 736//838
f 736//839 749//839 748//839
f 736//839 748//839 737//839
f 737//821 748//821 747//821
f 844//1 845//1 846//1
f 846//1 847//1 844//1
f 844//1 847//1 848//1
f 844//283 848//283 849//283
f 850//1 851//1 852//1
f 852//1 851//1 853//1
f 852//1 853//1 845//1
f 854//284 855//284 856//284
f 856//1 857//1 854//1
f 854//1 857//1 858//1
f 854//1 858//1 850//1
f 859//1 860//1 861//1
f 861//1 860//1 862//1
f 861//1 862//1 855//1
f 863//1 864//1 865//1
f 865//1 866//1 863//1
f 863//1 866//1 867//1
f 863//1 867//1 859//1
f 849//1 868//1 869//1
f 869//1 868//1 870//1
f 869//1 870//1 864//1
f 871//1 872//1 873//1
f 874//1 875//1 876//1
f 876//1 875//1 877//1
f 876//1 877//1 873//1
f 873//1 877//1 878//1
f 873//1 878//1 871//1
f 879//1 880//1 881//1
f 881//1 880//1 882//1
f 881//1 882//1 883//1
f 884//1 885//1 886//1
f 887//1 888//1 889//1
f 889//1 888//1 890//1
f 889//1 890//1 891//1
f 883//1 892//1 881//1
f 881//1 892//1 893//1
f 881//1 893//1 876//1
f 876//1 893//1 894//1
f 876//1 894//1 895//1
f 895//1 896//1 876//1
f 876//1 896//1 897//1
f 876//1 897//1 874//1
f 885//1 898//1 886//1
f 886//1 898//1 899//1
f 886//1 899//1 900//1
f 901//1 902//1 903//1
f 903//1 902//1 904//1
f 903//1 904//1 886//1
f 886//1 904//1 905//1
f 886//1 905//1 884//1
f 900//1 906//1 886//1
f 886//1 906//1 907//1
f 886//1 907//1 881//1
f 881//1 907//1 908//1
f 881//1 908//1 879//1
f 891//1 909//1 889//1
f 889//1 909//1 910//1
f 889//1 910//1 903//1
f 903//1 910//1 911//1
f 903//1 911//1 912//1
f 912//1 913//1 903//1
f 903//1 913//1 914//1
f 903//1 914//1 901//1
f 872//1 915//1 873//1
f 873//1 915//1 916//1
f 873//1 916//1 917//1
f 917//1 918//1 873//1
f 873//1 918//1 919//1
f 873//1 919//1 889//1
f 889//1 919//1 920//1
f 889//1 920//1 887//1
f 921//2 922//2 923//2
f 923//2 922//2 924//2
f 923//2 924//2 925//2
f 925//2 924//2 926//2
f 925//2 926//2 927//2
f 928//2 929//2 930//2
f 930//2 929//2 931//2
f 930//2 931//2 932//2
f 932//2 931//2 933//2
f 932//2 933//2 921//2
f 921//2 933//2 934//2
f 921//2 934//2 922//2
f 935//2 936//2 937//2
f 937//2 936//2 938//2
f 937//2 938//2 939//2
f 939//2 938//2 940//2
f 939//2 940//2 941//2
f 942//2 943//2 944//2
f 944//2 943//2 945//2
f 944//2 945//2 928//2
f 928//2 945//2 946//2
f 928//2 946//2 929//2
f 940//2 947//2 941//2
f 941//2 947//2 948//2
f 941//2 948//2 949//2
f 949//2 948//2 950//2
f 949//2 950//2 951//2
f 951//2 950//2 952//2
f 951//2 952//2 942//2
f 942//2 952//2 953//2
f 942//2 953//2 943//2
f 926//2 954//2 927//2
f 927//2 954//2 955//2
f 927//2 955//2 956//2
f 956//2 955//2 957//2
f 956//2 957//2 935//2
f 935//2 957//2 958//2
f 935//2 958//2 936//2
f 959//840 954//840 926//840
f 959//20 960//20 954//20
f 954//22 960//22 961//22
f 954//841 961//841 955//841
f 961//23 962//23 955//23
f 955//25 962//25 963//25
f 955//842 963//842 957//842
f 963//26 964//26 957//26
f 957//28 964//28 965//28
f 957//843 965//843 958//843
f 965//29 966//29 958//29
f 958//844 966//844 967//844
f 958//845 967//845 936//845
f 967//32 968//32 936//32
f 936//846 968//846 969//846
f 936//847 969//847 938//847
f 969//35 970//35 938//35
f 938//37 970//37 971//37
f 938//848 971//848 940//848
f 971//38 972//38 940//38
f 940//40 972//40 973//40
f 940//849 973//849 947//849
f 973//41 974//41 947//41
f 947//43 974//43 975//43
f 947//850 975//850 948//850
f 975//44 976//44 948//44
f 948//46 976//46 977//46
f 948//851 977//851 950//851
f 977//47 978//47 950//47
f 950//49 978//49 979//49
f 950//852 979//852 952//852
f 979//853 980//853 952//853
f 952//52 980//52 981//52
f 952//854 981//854 953//854
f 981//53 982//53 953//53
f 953//55 982//55 983//55
f 953//855 983//855 943//855
f 983//56 984//56 943//56
f 943//58 984//58 985//58
f 943//856 985//856 945//856
f 985//59 986//59 945//59
f 945//61 986//61 987//61
f 945//857 987//857 946//857
f 987//62 988//62 946//62
f 946//858 988//858 989//858
f 946//859 989//859 929//859
f 989//65 990//65 929//65
f 929//67 990//67 991//67
f 929//860 991//860 931//860
f 991//68 992//68 931//68
f 931//4 992//4 993//4
f 931//861 993//861 933//861
f 993//5 994//5 933//5
f 933//7 994//7 995//7
f 933//862 995//862 934//862
f 995//8 996//8 934//8
f 934//10 996//10 997//10
f 934//863 997//863 922//863
f 997//11 998//11 922//11
f 922//13 998//13 999//13
f 922//864 999//864 924//864
f 999//14 1000//14 924//14
f 924//16 1000//16 1001//16
f 924//865 1001//865 926//865
f 926//17 1001//17 1002//17
f 926//19 1002//19 959//19
f 925//83 1003//83 923//83
f 923//85 1003//85 1004//85
f 923//85 1004//85 921//85
f 921//86 1004//86 1005//86
f 921//86 1005//86 932//86
f 932//87 1005//87 1006//87
f 932//87 1006//87 930//87
f 930//69 1006//69 1007//69
f 930//69 1007//69 928//69
f 928//70 1007//70 1008//70
f 928//70 1008//70 944//70
f 944//72 1008//72 1009//72
f 944//72 1009//72 942//72
f 942//73 1009//73 1010//73
f 942//73 1010//73 951//73
f 951//74 1010//74 1011//74
f 951//74 1011//74 949//74
f 949//866 1011//866 1012//866
f 949//75 1012//75 941//75
f 941//76 1012//76 1013//76
f 941//76 1013//76 939//76
f 939//77 1013//77 1014//77
f 939//77 1014//77 937//77
f 937//78 1014//78 1015//78
f 937//78 1015//78 935//78
f 935//80 1015//80 1016//80
f 935//80 1016//80 956//80
f 956//81 1016//81 1017//81
f 956//81 1017//81 927//81
f 927//82 1017//82 1018//82
f 927//82 1018//82 925//82
f 925//83 1018//83 1003//83
f 1019//2 1020//2 1021//2
f 1022//2 1023//2 1021//2
f 1021//2 1023//2 1024//2
f 1021//2 1024//2 1019//2
f 1025//2 1026//2 1021//2
f 1021//2 1026//2 1027//2
f 1021//2 1027//2 1022//2
f 1028//2 1029//2 1021//2
f 1021//2 1029//2 1030//2
f 1021//2 1030//2 1025//2
f 1031//2 1032//2 1021//2
f 1021//2 1032//2 1033//2
f 1021//2 1033//2 1028//2
f 1020//2 1034//2 1021//2
f 1021//2 1034//2 1035//2
f 1021//2 1035//2 1031//2
f 869//368 876//368 849//368
f 849//368 876//368 873//368
f 849//368 873//368 844//368
f 863//369 881//369 864//369
f 864//369 881//369 876//369
f 864//369 876//369 869//369
f 861//370 886//370 859//370
f 859//370 886//370 881//370
f 859//370 881//370 863//370
f 854//371 903//371 855//371
f 855//371 903//371 886//371
f 855//371 886//371 861//371
f 852//372 889//372 850//372
f 850//372 889//372 903//372
f 850//372 903//372 854//372
f 844//367 873//367 845//367
f 845//367 873//367 889//367
f 845//367 889//367 852//367
f 1036//867 862//867 860//867
f 855//868 862//868 1036//868
f 1036//869 866//869 865//869
f 867//870 866//870 1036//870
f 859//871 867//871 1036//871
f 1036//872 870//872 868//872
f 864//873 870//873 1036//873
f 1036//874 847//874 846//874
f 848//875 847//875 1036//875
f 849//876 848//876 1036//876
f 1036//877 853//877 851//877
f 845//878 853//878 1036//878
f 1036//879 858//879 857//879
f 856//880 1036//880 857//880
f 850//881 858//881 1036//881
f 851//882 850//882 1036//882
f 846//883 845//883 1036//883
f 868//884 849//884 1036//884
f 865//885 864//885 1036//885
f 860//886 859//886 1036//886
f 856//887 855//887 1036//887
f 980//888 1037//888 981//888
f 981//130 1037//130 1038//130
f 981//130 1038//130 982//130
f 982//131 1038//131 1039//131
f 982//131 1039//131 983//131
f 983//132 1039//132 1040//132
f 983//132 1040//132 984//132
f 984//133 1040//133 1041//133
f 984//133 1041//133 985//133
f 985//889 1041//889 1042//889
f 985//135 1042//135 986//135
f 986//136 1042//136 1043//136
f 986//136 1043//136 987//136
f 987//138 1043//138 1044//138
f 987//138 1044//138 988//138
f 988//139 1044//139 1045//139
f 988//139 1045//139 989//139
f 989//140 1045//140 1046//140
f 989//140 1046//140 990//140
f 990//141 1046//141 1047//141
f 990//141 1047//141 991//141
f 991//142 1047//142 1048//142
f 991//142 1048//142 992//142
f 992//143 1048//143 1049//143
f 992//143 1049//143 993//143
f 993//144 1049//144 1050//144
f 993//144 1050//144 994//144
f 994//145 1050//145 1051//145
f 994//145 1051//145 995//145
f 995//147 1051//147 1052//147
f 995//147 1052//147 996//147
f 996//890 1052//890 1053//890
f 996//148 1053//148 997//148
f 997//150 1053//150 1054//150
f 997//151 1054//151 998//151
f 998//152 1054//152 1055//152
f 998//152 1055//152 999//152
f 999//153 1055//153 1056//153
f 999//153 1056//153 1000//153
f 1000//891 1056//891 1057//891
f 1000//154 1057//154 1001//154
f 1001//155 1057//155 1058//155
f 1001//155 1058//155 1002//155
f 1002//892 1058//892 1059//892
f 1002//156 1059//156 959//156
f 959//157 1059//157 1060//157
f 959//157 1060//157 960//157
f 960//158 1060//158 1061//158
f 960//158 1061//158 961//158
f 961//159 1061//159 1062//159
f 961//159 1062//159 962//159
f 962//160 1062//160 1063//160
f 962//160 1063//160 963//160
f 963//893 1063//893 1064//893
f 963//162 1064//162 964//162
f 964//163 1064//163 1065//163
f 964//163 1065//163 965//163
f 965//164 1065//164 1066//164
f 965//164 1066//164 966//164
f 966//165 1066//165 1067//165
f 966//165 1067//165 967//165
f 967//166 1067//166 1068//166
f 967//166 1068//166 968//166
f 968//167 1068//167 1069//167
f 968//167 1069//167 969//167
f 969//116 1069//116 1070//116
f 969//116 1070//116 970//116
f 970//117 1070//117 1071//117
f 970//117 1071//117 971//117
f 971//118 1071//118 1072//118
f 971//118 1072//118 972//118
f 972//119 1072//119 1073//119
f 972//119 1073//119 973//119
f 973//121 1073//121 1074//121
f 973//121 1074//121 974//121
f 974//122 1074//122 1075//122
f 974//122 1075//122 975//122
f 975//124 1075//124 1076//124
f 975//124 1076//124 976//124
f 976//125 1076//125 1077//125
f 976//125 1077//125 977//125
f 977//126 1077//126 1078//126
f 977//126 1078//126 978//126
f 978//127 1078//127 1079//127
f 978//127 1079//127 979//127
f 979//128 1079//128 1080//128
f 979//128 1080//128 980//128
f 980//129 1080//129 1037//129
f 1080//181 1081//181 1037//181
f 1037//182 1081//182 1082//182
f 1037//182 1082//182 1038//182
f 1038//183 1082//183 1083//183
f 1038//894 1083//894 1039//894
f 1039//184 1083//184 1084//184
f 1039//184 1084//184 1040//184
f 1040//185 1084//185 1085//185
f 1040//185 1085//185 1041//185
f 1041//895 1085//895 1086//895
f 1041//187 1086//187 1042//187
f 1042//188 1086//188 1087//188
f 1042//188 1087//188 1043//188
f 1043//189 1087//189 1088//189
f 1043//189 1088//189 1044//189
f 1044//190 1088//190 1089//190
f 1044//190 1089//190 1045//190
f 1045//191 1089//191 1090//191
f 1045//191 1090//191 1046//191
f 1046//192 1090//192 1091//192
f 1046//192 1091//192 1047//192
f 1047//193 1091//193 1092//193
f 1047//193 1092//193 1048//193
f 1048//194 1092//194 1093//194
f 1048//194 1093//194 1049//194
f 1049//195 1093//195 1094//195
f 1049//195 1094//195 1050//195
f 1050//196 1094//196 1095//196
f 1050//196 1095//196 1051//196
f 1051//197 1095//197 1096//197
f 1051//896 1096//896 1052//896
f 1052//198 1096//198 1097//198
f 1052//198 1097//198 1053//198
f 1053//200 1097//200 1098//200
f 1053//200 1098//200 1054//200
f 1054//201 1098//201 1099//201
f 1054//201 1099//201 1055//201
f 1055//202 1099//202 1100//202
f 1055//202 1100//202 1056//202
f 1056//203 1100//203 1101//203
f 1056//203 1101//203 1057//203
f 1057//204 1101//204 1102//204
f 1057//897 1102//897 1058//897
f 1058//205 1102//205 1103//205
f 1058//898 1103//898 1059//898
f 1059//206 1103//206 1104//206
f 1059//206 1104//206 1060//206
f 1060//899 1104//899 1105//899
f 1060//900 1105//900 1061//900
f 1061//208 1105//208 1106//208
f 1061//208 1106//208 1062//208
f 1062//210 1106//210 1107//210
f 1062//209 1107//209 1063//209
f 1063//901 1107//901 1108//901
f 1063//902 1108//902 1064//902
f 1064//212 1108//212 1109//212
f 1064//212 1109//212 1065//212
f 1065//213 1109//213 1110//213
f 1065//213 1110//213 1066//213
f 1066//214 1110//214 1111//214
f 1066//214 1111//214 1067//214
f 1067//215 1111//215 1112//215
f 1067//215 1112//215 1068//215
f 1068//216 1112//216 1113//216
f 1068//216 1113//216 1069//216
f 1069//168 1113//168 1114//168
f 1069//168 1114//168 1070//168
f 1070//169 1114//169 1115//169
f 1070//169 1115//169 1071//169
f 1071//170 1115//170 1116//170
f 1071//170 1116//170 1072//170
f 1072//171 1116//171 1117//171
f 1072//171 1117//171 1073//171
f 1073//172 1117//172 1118//172
f 1073//173 1118//173 1074//173
f 1074//174 1118//174 1119//174
f 1074//174 1119//174 1075//174
f 1075//176 1119//176 1120//176
f 1075//176 1120//176 1076//176
f 1076//177 1120//177 1121//177
f 1076//177 1121//177 1077//177
f 1077//178 1121//178 1122//178
f 1077//178 1122//178 1078//178
f 1078//179 1122//179 1123//179
f 1078//179 1123//179 1079//179
f 1079//180 1123//180 1124//180
f 1079//180 1124//180 1080//180
f 1080//181 1124//181 1081//181
f 1124//229 896//229 1081//229
f 1081//230 896//230 895//230
f 1081//230 895//230 1082//230
f 1082//231 895//231 894//231
f 1082//231 894//231 1083//231
f 1083//232 894//232 893//232
f 1083//232 893//232 1084//232
f 1084//233 893//233 892//233
f 1084//233 892//233 1085//233
f 1085//234 892//234 883//234
f 1085//234 883//234 1086//234
f 1086//235 883//235 882//235
f 1086//235 882//235 1087//235
f 1087//237 882//237 880//237
f 1087//237 880//237 1088//237
f 1088//238 880//238 879//238
f 1088//238 879//238 1089//238
f 1089//239 879//239 908//239
f 1089//903 908//903 1090//903
f 1090//240 908//240 907//240
f 1090//240 907//240 1091//240
f 1091//241 907//241 906//241
f 1091//241 906//241 1092//241
f 1092//242 906//242 900//242
f 1092//242 900//242 1093//242
f 1093//243 900//243 899//243
f 1093//243 899//243 1094//243
f 1094//244 899//244 898//244
f 1094//244 898//244 1095//244
f 1095//245 898//245 885//245
f 1095//245 885//245 1096//245
f 1096//246 885//246 884//246
f 1096//246 884//246 1097//246
f 1097//248 884//248 905//248
f 1097//247 905//247 1098//247
f 1098//249 905//249 904//249
f 1098//249 904//249 1099//249
f 1099//250 904//250 902//250
f 1099//250 902//250 1100//250
f 1100//252 902//252 901//252
f 1100//904 901//904 1101//904
f 1101//253 901//253 914//253
f 1101//253 914//253 1102//253
f 1102//254 914//254 913//254
f 1102//254 913//254 1103//254
f 1103//255 913//255 912//255
f 1103//255 912//255 1104//255
f 1104//256 912//256 911//256
f 1104//256 911//256 1105//256
f 1105//257 911//257 910//257
f 1105//257 910//257 1106//257
f 1106//258 910//258 909//258
f 1106//258 909//258 1107//258
f 1107//259 909//259 891//259
f 1107//259 891//259 1108//259
f 1108//260 891//260 890//260
f 1108//260 890//260 1109//260
f 1109//262 890//262 888//262
f 1109//262 888//262 1110//262
f 1110//263 888//263 887//263
f 1110//263 887//263 1111//263
f 1111//265 887//265 920//265
f 1111//265 920//265 1112//265
f 1112//266 920//266 919//266
f 1112//266 919//266 1113//266
f 1113//217 919//217 918//217
f 1113//217 918//217 1114//217
f 1114//218 918//218 917//218
f 1114//218 917//218 1115//218
f 1115//219 917//219 916//219
f 1115//219 916//219 1116//219
f 1116//220 916//220 915//220
f 1116//220 915//220 1117//220
f 1117//221 915//221 872//221
f 1117//221 872//221 1118//221
f 1118//222 872//222 871//222
f 1118//222 871//222 1119//222
f 1119//905 871//905 878//905
f 1119//223 878//223 1120//223
f 1120//224 878//224 877//224
f 1120//224 877//224 1121//224
f 1121//225 877//225 875//225
f 1121//906 875//906 1122//906
f 1122//907 875//907 874//907
f 1122//908 874//908 1123//908
f 1123//228 874//228 897//228
f 1123//228 897//228 1124//228
f 1124//229 897//229 896//229
f 1018//279 1028//279 1003//279
f 1003//280 1028//280 1033//280
f 1003//280 1033//280 1004//280
f 1004//281 1033//281 1032//281
f 1004//281 1032//281 1005//281
f 1005//282 1032//282 1031//282
f 1005//282 1031//282 1006//282
f 1006//267 1031//267 1035//267
f 1006//267 1035//267 1007//267
f 1007//268 1035//268 1034//268
f 1007//268 1034//268 1008//268
f 1008//269 1034//269 1020//269
f 1008//269 1020//269 1009//269
f 1009//270 1020//270 1019//270
f 1009//270 1019//270 1010//270
f 1010//271 1019//271 1024//271
f 1010//271 1024//271 1011//271
f 1011//272 1024//272 1023//272
f 1011//272 1023//272 1012//272
f 1012//273 1023//273 1022//273
f 1012//273 1022//273 1013//273
f 1013//274 1022//274 1027//274
f 1013//274 1027//274 1014//274
f 1014//275 1027//275 1026//275
f 1014//275 1026//275 1015//275
f 1015//276 1026//276 1025//276
f 1015//276 1025//276 1016//276
f 1016//277 1025//277 1030//277
f 1016//277 1030//277 1017//277
f 1017//278 1030//278 1029//278
f 1017//278 1029//278 1018//278
f 1018//279 1029//279 1028//279
f 1125//1 1126//1 1127//1
f 1127//1 1128//1 1125//1
f 1125//1 1128//1 1129//1
f 1125//1 1129//1 1130//1
f 1131//1 1132//1 1133//1
f 1133//1 1132//1 1134//1
f 1133//1 1134//1 1126//1
f 1135//1 1136//1 1137//1
f 1137//1 1138//1 1135//1
f 1135//1 1138//1 1139//1
f 1135//284 1139//284 1131//284
f 1140//1 1141//1 1142//1
f 1142//1 1141//1 1143//1
f 1142//1 1143//1 1136//1
f 1144//1 1145//1 1146//1
f 1146//1 1147//1 1144//1
f 1144//1 1147//1 1148//1
f 1144//1 1148//1 1140//1
f 1130//1 1149//1 1150//1
f 1150//1 1149//1 1151//1
f 1150//1 1151//1 1145//1
f 1152//1 1153//1 1154//1
f 1154//1 1153//1 1155//1
f 1154//1 1155//1 1156//1
f 1157//1 1158//1 1159//1
f 1159//1 1158//1 1154//1
f 1159//1 1154//1 1160//1
f 1160//1 1154//1 1156//1
f 1161//1 1162//1 1163//1
f 1163//1 1162//1 1164//1
f 1157//1 1165//1 1158//1
f 1158//1 1165//1 1166//1
f 1158//1 1166//1 1167//1
f 1168//1 1169//1 1170//1
f 1171//1 1172//1 1173//1
f 1174//1 1175//1 1176//1
f 1176//1 1175//1 1177//1
f 1172//1 1178//1 1173//1
f 1173//1 1178//1 1179//1
f 1173//1 1179//1 1180//1
f 1177//1 1181//1 1176//1
f 1176//1 1181//1 1182//1
f 1176//1 1182//1 1154//1
f 1154//1 1182//1 1183//1
f 1154//1 1183//1 1152//1
f 1164//1 1184//1 1163//1
f 1163//1 1184//1 1185//1
f 1163//1 1185//1 1176//1
f 1176//1 1185//1 1186//1
f 1176//1 1186//1 1187//1
f 1180//1 1188//1 1173//1
f 1173//1 1188//1 1189//1
f 1173//1 1189//1 1163//1
f 1163//1 1189//1 1190//1
f 1163//1 1190//1 1161//1
f 1167//1 1191//1 1158//1
f 1158//1 1191//1 1192//1
f 1158//1 1192//1 1168//1
f 1168//1 1192//1 1193//1
f 1168//1 1193//1 1194//1
f 1187//1 1195//1 1176//1
f 1176//1 1195//1 1196//1
f 1176//1 1196//1 1174//1
f 1170//1 1197//1 1168//1
f 1168//1 1197//1 1198//1
f 1168//1 1198//1 1173//1
f 1173//1 1198//1 1199//1
f 1173//1 1199//1 1171//1
f 1194//1 1200//1 1168//1
f 1168//1 1200//1 1201//1
f 1168//1 1201//1 1169//1
f 1202//2 1203//2 1204//2
f 1204//2 1203//2 1205//2
f 1204//2 1205//2 1206//2
f 1206//2 1205//2 1207//2
f 1206//2 1207//2 1208//2
f 1209//2 1210//2 1211//2
f 1211//2 1210//2 1212//2
f 1211//2 1212//2 1202//2
f 1202//2 1212//2 1213//2
f 1202//2 1213//2 1203//2
f 1214//2 1215//2 1216//2
f 1216//2 1215//2 1217//2
f 1216//2 1217//2 1218//2
f 1218//2 1217//2 1219//2
f 1218//2 1219//2 1209//2
f 1209//2 1219//2 1220//2
f 1209//2 1220//2 1210//2
f 1221//2 1222//2 1223//2
f 1223//2 1222//2 1224//2
f 1223//2 1224//2 1225//2
f 1225//2 1224//2 1226//2
f 1225//2 1226//2 1214//2
f 1214//2 1226//2 1227//2
f 1214//2 1227//2 1215//2
f 1228//2 1229//2 1230//2
f 1230//2 1229//2 1231//2
f 1230//2 1231//2 1221//2
f 1221//2 1231//2 1232//2
f 1221//2 1232//2 1222//2
f 1207//2 1233//2 1208//2
f 1208//2 1233//2 1234//2
f 1208//2 1234//2 1235//2
f 1235//2 1234//2 1236//2
f 1235//2 1236//2 1237//2
f 1237//2 1236//2 1238//2
f 1237//2 1238//2 1228//2
f 1228//2 1238//2 1239//2
f 1228//2 1239//2 1229//2
f 1240//909 1227//909 1226//909
f 1240//302 1241//302 1227//302
f 1227//304 1241//304 1242//304
f 1227//910 1242//910 1215//910
f 1242//305 1243//305 1215//305
f 1215//911 1243//911 1244//911
f 1215//912 1244//912 1217//912
f 1244//913 1245//913 1217//913
f 1217//310 1245//310 1246//310
f 1217//914 1246//914 1219//914
f 1246//311 1247//311 1219//311
f 1219//313 1247//313 1248//313
f 1219//915 1248//915 1220//915
f 1248//314 1249//314 1220//314
f 1220//316 1249//316 1250//316
f 1220//916 1250//916 1210//916
f 1250//317 1251//317 1210//317
f 1210//319 1251//319 1252//319
f 1210//917 1252//917 1212//917
f 1252//320 1253//320 1212//320
f 1212//322 1253//322 1254//322
f 1212//918 1254//918 1213//918
f 1254//919 1255//919 1213//919
f 1213//325 1255//325 1256//325
f 1213//920 1256//920 1203//920
f 1256//326 1257//326 1203//326
f 1203//328 1257//328 1258//328
f 1203//921 1258//921 1205//921
f 1258//329 1259//329 1205//329
f 1205//331 1259//331 1260//331
f 1205//922 1260//922 1207//922
f 1260//332 1261//332 1207//332
f 1207//334 1261//334 1262//334
f 1207//923 1262//923 1233//923
f 1262//924 1263//924 1233//924
f 1233//337 1263//337 1264//337
f 1233//925 1264//925 1234//925
f 1264//338 1265//338 1234//338
f 1234//340 1265//340 1266//340
f 1234//926 1266//926 1236//926
f 1266//341 1267//341 1236//341
f 1236//343 1267//343 1268//343
f 1236//927 1268//927 1238//927
f 1268//344 1269//344 1238//344
f 1238//346 1269//346 1270//346
f 1238//928 1270//928 1239//928
f 1270//347 1271//347 1239//347
f 1239//349 1271//349 1272//349
f 1239//929 1272//929 1229//929
f 1272//350 1273//350 1229//350
f 1229//286 1273//286 1274//286
f 1229//930 1274//930 1231//930
f 1274//287 1275//287 1231//287
f 1231//289 1275//289 1276//289
f 1231//931 1276//931 1232//931
f 1276//932 1277//932 1232//932
f 1232//292 1277//292 1278//292
f 1232//933 1278//933 1222//933
f 1278//293 1279//293 1222//293
f 1222//295 1279//295 1280//295
f 1222//934 1280//934 1224//934
f 1280//296 1281//296 1224//296
f 1224//298 1281//298 1282//298
f 1224//935 1282//935 1226//935
f 1226//299 1282//299 1283//299
f 1226//301 1283//301 1240//301
f 1225//363 1284//363 1223//363
f 1223//364 1284//364 1285//364
f 1223//364 1285//364 1221//364
f 1221//365 1285//365 1286//365
f 1221//365 1286//365 1230//365
f 1230//366 1286//366 1287//366
f 1230//366 1287//366 1228//366
f 1228//351 1287//351 1288//351
f 1228//351 1288//351 1237//351
f 1237//352 1288//352 1289//352
f 1237//352 1289//352 1235//352
f 1235//353 1289//353 1290//353
f 1235//353 1290//353 1208//353
f 1208//354 1290//354 1291//354
f 1208//354 1291//354 1206//354
f 1206//355 1291//355 1292//355
f 1206//355 1292//355 1204//355
f 1204//356 1292//356 1293//356
f 1204//356 1293//356 1202//356
f 1202//357 1293//357 1294//357
f 1202//357 1294//357 1211//357
f 1211//358 1294//358 1295//358
f 1211//358 1295//358 1209//358
f 1209//359 1295//359 1296//359
f 1209//359 1296//359 1218//359
f 1218//360 1296//360 1297//360
f 1218//360 1297//360 1216//360
f 1216//361 1297//361 1298//361
f 1216//361 1298//361 1214//361
f 1214//362 1298//362 1299//362
f 1214//362 1299//362 1225//362
f 1225//363 1299//363 1284//363
f 1300//2 1301//2 1302//2
f 1303//2 1304//2 1302//2
f 1302//2 1304//2 1305//2
f 1302//2 1305//2 1300//2
f 1306//2 1307//2 1302//2
f 1302//2 1307//2 1308//2
f 1302//2 1308//2 1303//2
f 1309//2 1310//2 1302//2
f 1302//2 1310//2 1311//2
f 1302//2 1311//2 1306//2
f 1312//2 1313//2 1302//2
f 1302//2 1313//2 1314//2
f 1302//2 1314//2 1309//2
f 1301//2 1315//2 1302//2
f 1302//2 1315//2 1316//2
f 1302//2 1316//2 1312//2
f 1150//91 1173//91 1130//91
f 1130//91 1173//91 1163//91
f 1130//91 1163//91 1125//91
f 1144//92 1168//92 1145//92
f 1145//92 1168//92 1173//92
f 1145//92 1173//92 1150//92
f 1142//93 1158//93 1140//93
f 1140//93 1158//93 1168//93
f 1140//93 1168//93 1144//93
f 1135//94 1154//94 1136//94
f 1136//94 1154//94 1158//94
f 1136//94 1158//94 1142//94
f 1133//89 1176//89 1131//89
f 1131//89 1176//89 1154//89
f 1131//89 1154//89 1135//89
f 1125//90 1163//90 1126//90
f 1126//90 1163//90 1176//90
f 1126//90 1176//90 1133//90
f 1317//105 1143//105 1141//105
f 1136//106 1143//106 1317//106
f 1317//108 1147//108 1146//108
f 1148//107 1147//107 1317//107
f 1140//109 1148//109 1317//109
f 1317//95 1151//95 1149//95
f 1145//96 1151//96 1317//96
f 1317//97 1128//97 1127//97
f 1129//936 1128//936 1317//936
f 1130//99 1129//99 1317//99
f 1317//100 1134//100 1132//100
f 1126//101 1134//101 1317//101
f 1317//103 1139//103 1138//103
f 1137//102 1317//102 1138//102
f 1131//104 1139//104 1317//104
f 1132//112 1131//112 1317//112
f 1127//113 1126//113 1317//113
f 1149//114 1130//114 1317//114
f 1146//115 1145//115 1317//115
f 1141//937 1140//937 1317//937
f 1137//938 1136//938 1317//938
f 1261//408 1318//408 1262//408
f 1262//409 1318//409 1319//409
f 1262//409 1319//409 1263//409
f 1263//410 1319//410 1320//410
f 1263//410 1320//410 1264//410
f 1264//412 1320//412 1321//412
f 1264//412 1321//412 1265//412
f 1265//413 1321//413 1322//413
f 1265//413 1322//413 1266//413
f 1266//414 1322//414 1323//414
f 1266//414 1323//414 1267//414
f 1267//415 1323//415 1324//415
f 1267//415 1324//415 1268//415
f 1268//416 1324//416 1325//416
f 1268//416 1325//416 1269//416
f 1269//417 1325//417 1326//417
f 1269//417 1326//417 1270//417
f 1270//418 1326//418 1327//418
f 1270//418 1327//418 1271//418
f 1271//419 1327//419 1328//419
f 1271//419 1328//419 1272//419
f 1272//420 1328//420 1329//420
f 1272//420 1329//420 1273//420
f 1273//939 1329//939 1330//939
f 1273//421 1330//421 1274//421
f 1274//422 1330//422 1331//422
f 1274//940 1331//940 1275//940
f 1275//423 1331//423 1332//423
f 1275//423 1332//423 1276//423
f 1276//424 1332//424 1333//424
f 1276//424 1333//424 1277//424
f 1277//425 1333//425 1334//425
f 1277//425 1334//425 1278//425
f 1278//426 1334//426 1335//426
f 1278//426 1335//426 1279//426
f 1279//427 1335//427 1336//427
f 1279//427 1336//427 1280//427
f 1280//428 1336//428 1337//428
f 1280//428 1337//428 1281//428
f 1281//429 1337//429 1338//429
f 1281//429 1338//429 1282//429
f 1282//430 1338//430 1339//430
f 1282//431 1339//431 1283//431
f 1283//432 1339//432 1340//432
f 1283//432 1340//432 1240//432
f 1240//433 1340//433 1341//433
f 1240//433 1341//433 1241//433
f 1241//941 1341//941 1342//941
f 1241//435 1342//435 1242//435
f 1242//436 1342//436 1343//436
f 1242//436 1343//436 1243//436
f 1243//437 1343//437 1344//437
f 1243//437 1344//437 1244//437
f 1244//438 1344//438 1345//438
f 1244//438 1345//438 1245//438
f 1245//439 1345//439 1346//439
f 1245//439 1346//439 1246//439
f 1246//440 1346//440 1347//440
f 1246//440 1347//440 1247//440
f 1247//441 1347//441 1348//441
f 1247//441 1348//441 1248//441
f 1248//442 1348//442 1349//442
f 1248//442 1349//442 1249//442
f 1249//443 1349//443 1350//443
f 1249//443 1350//443 1250//443
f 1250//394 1350//394 1351//394
f 1250//394 1351//394 1251//394
f 1251//396 1351//396 1352//396
f 1251//396 1352//396 1252//396
f 1252//397 1352//397 1353//397
f 1252//397 1353//397 1253//397
f 1253//398 1353//398 1354//398
f 1253//398 1354//398 1254//398
f 1254//399 1354//399 1355//399
f 1254//399 1355//399 1255//399
f 1255//400 1355//400 1356//400
f 1255//400 1356//400 1256//400
f 1256//401 1356//401 1357//401
f 1256//401 1357//401 1257//401
f 1257//402 1357//402 1358//402
f 1257//402 1358//402 1258//402
f 1258//403 1358//403 1359//403
f 1258//403 1359//403 1259//403
f 1259//404 1359//404 1360//404
f 1259//404 1360//404 1260//404
f 1260//405 1360//405 1361//405
f 1260//405 1361//405 1261//405
f 1261//408 1361//408 1318//408
f 1361//459 1362//459 1318//459
f 1318//460 1362//460 1363//460
f 1318//460 1363//460 1319//460
f 1319//461 1363//461 1364//461
f 1319//461 1364//461 1320//461
f 1320//462 1364//462 1365//462
f 1320//462 1365//462 1321//462
f 1321//463 1365//463 1366//463
f 1321//463 1366//463 1322//463
f 1322//464 1366//464 1367//464
f 1322//464 1367//464 1323//464
f 1323//465 1367//465 1368//465
f 1323//465 1368//465 1324//465
f 1324//466 1368//466 1369//466
f 1324//466 1369//466 1325//466
f 1325//468 1369//468 1370//468
f 1325//468 1370//468 1326//468
f 1326//469 1370//469 1371//469
f 1326//469 1371//469 1327//469
f 1327//942 1371//942 1372//942
f 1327//471 1372//471 1328//471
f 1328//943 1372//943 1373//943
f 1328//944 1373//944 1329//944
f 1329//474 1373//474 1374//474
f 1329//474 1374//474 1330//474
f 1330//475 1374//475 1375//475
f 1330//475 1375//475 1331//475
f 1331//476 1375//476 1376//476
f 1331//476 1376//476 1332//476
f 1332//945 1376//945 1377//945
f 1332//477 1377//477 1333//477
f 1333//478 1377//478 1378//478
f 1333//946 1378//946 1334//946
f 1334//479 1378//479 1379//479
f 1334//479 1379//479 1335//479
f 1335//481 1379//481 1380//481
f 1335//947 1380//947 1336//947
f 1336//482 1380//482 1381//482
f 1336//483 1381//483 1337//483
f 1337//484 1381//484 1382//484
f 1337//484 1382//484 1338//484
f 1338//485 1382//485 1383//485
f 1338//486 1383//486 1339//486
f 1339//487 1383//487 1384//487
f 1339//488 1384//488 1340//488
f 1340//489 1384//489 1385//489
f 1340//489 1385//489 1341//489
f 1341//490 1385//490 1386//490
f 1341//490 1386//490 1342//490
f 1342//491 1386//491 1387//491
f 1342//491 1387//491 1343//491
f 1343//492 1387//492 1388//492
f 1343//492 1388//492 1344//492
f 1344//493 1388//493 1389//493
f 1344//948 1389//948 1345//948
f 1345//494 1389//494 1390//494
f 1345//494 1390//494 1346//494
f 1346//495 1390//495 1391//495
f 1346//949 1391//949 1347//949
f 1347//496 1391//496 1392//496
f 1347//496 1392//496 1348//496
f 1348//498 1392//498 1393//498
f 1348//498 1393//498 1349//498
f 1349//499 1393//499 1394//499
f 1349//499 1394//499 1350//499
f 1350//950 1394//950 1395//950
f 1350//951 1395//951 1351//951
f 1351//445 1395//445 1396//445
f 1351//445 1396//445 1352//445
f 1352//446 1396//446 1397//446
f 1352//446 1397//446 1353//446
f 1353//447 1397//447 1398//447
f 1353//447 1398//447 1354//447
f 1354//448 1398//448 1399//448
f 1354//448 1399//448 1355//448
f 1355//450 1399//450 1400//450
f 1355//450 1400//450 1356//450
f 1356//451 1400//451 1401//451
f 1356//451 1401//451 1357//451
f 1357//452 1401//452 1402//452
f 1357//452 1402//452 1358//452
f 1358//952 1402//952 1403//952
f 1358//454 1403//454 1359//454
f 1359//455 1403//455 1404//455
f 1359//455 1404//455 1360//455
f 1360//953 1404//953 1405//953
f 1360//457 1405//457 1361//457
f 1361//459 1405//459 1362//459
f 1405//512 1172//512 1362//512
f 1362//513 1172//513 1171//513
f 1362//513 1171//513 1363//513
f 1363//514 1171//514 1199//514
f 1363//514 1199//514 1364//514
f 1364//515 1199//515 1198//515
f 1364//515 1198//515 1365//515
f 1365//517 1198//517 1197//517
f 1365//517 1197//517 1366//517
f 1366//518 1197//518 1170//518
f 1366//518 1170//518 1367//518
f 1367//519 1170//519 1169//519
f 1367//954 1169//954 1368//954
f 1368//520 1169//520 1201//520
f 1368//520 1201//520 1369//520
f 1369//521 1201//521 1200//521
f 1369//521 1200//521 1370//521
f 1370//522 1200//522 1194//522
f 1370//522 1194//522 1371//522
f 1371//523 1194//523 1193//523
f 1371//523 1193//523 1372//523
f 1372//524 1193//524 1192//524
f 1372//524 1192//524 1373//524
f 1373//525 1192//525 1191//525
f 1373//525 1191//525 1374//525
f 1374//526 1191//526 1167//526
f 1374//526 1167//526 1375//526
f 1375//527 1167//527 1166//527
f 1375//527 1166//527 1376//527
f 1376//528 1166//528 1165//528
f 1376//528 1165//528 1377//528
f 1377//529 1165//529 1157//529
f 1377//529 1157//529 1378//529
f 1378//955 1157//955 1159//955
f 1378//530 1159//530 1379//530
f 1379//531 1159//531 1160//531
f 1379//531 1160//531 1380//531
f 1380//532 1160//532 1156//532
f 1380//532 1156//532 1381//532
f 1381//533 1156//533 1155//533
f 1381//533 1155//533 1382//533
f 1382//534 1155//534 1153//534
f 1382//534 1153//534 1383//534
f 1383//535 1153//535 1152//535
f 1383//535 1152//535 1384//535
f 1384//536 1152//536 1183//536
f 1384//536 1183//536 1385//536
f 1385//537 1183//537 1182//537
f 1385//537 1182//537 1386//537
f 1386//538 1182//538 1181//538
f 1386//538 1181//538 1387//538
f 1387//539 1181//539 1177//539
f 1387//540 1177//540 1388//540
f 1388//541 1177//541 1175//541
f 1388//541 1175//541 1389//541
f 1389//542 1175//542 1174//542
f 1389//542 1174//542 1390//542
f 1390//543 1174//543 1196//543
f 1390//543 1196//543 1391//543
f 1391//544 1196//544 1195//544
f 1391//544 1195//544 1392//544
f 1392//545 1195//545 1187//545
f 1392//545 1187//545 1393//545
f 1393//546 1187//546 1186//546
f 1393//546 1186//546 1394//546
f 1394//501 1186//501 1185//501
f 1394//501 1185//501 1395//501
f 1395//502 1185//502 1184//502
f 1395//502 1184//502 1396//502
f 1396//503 1184//503 1164//503
f 1396//503 1164//503 1397//503
f 1397//504 1164//504 1162//504
f 1397//504 1162//504 1398//504
f 1398//505 1162//505 1161//505
f 1398//505 1161//505 1399//505
f 1399//506 1161//506 1190//506
f 1399//506 1190//506 1400//506
f 1400//507 1190//507 1189//507
f 1400//507 1189//507 1401//507
f 1401//508 1189//508 1188//508
f 1401//508 1188//508 1402//508
f 1402//509 1188//509 1180//509
f 1402//509 1180//509 1403//509
f 1403//510 1180//510 1179//510
f 1403//510 1179//510 1404//510
f 1404//511 1179//511 1178//511
f 1404//511 1178//511 1405//511
f 1405//512 1178//512 1172//512
f 1299//566 1309//566 1284//566
f 1284//956 1309//956 1314//956
f 1284//956 1314//956 1285//956
f 1285//569 1314//569 1313//569
f 1285//569 1313//569 1286//569
f 1286//570 1313//570 1312//570
f 1286//570 1312//570 1287//570
f 1287//547 1312//547 1316//547
f 1287//547 1316//547 1288//547
f 1288//548 1316//548 1315//548
f 1288//548 1315//548 1289//548
f 1289//550 1315//550 1301//550
f 1289//550 1301//550 1290//550
f 1290//551 1301//551 1300//551
f 1290//552 1300//552 1291//552
f 1291//553 1300//553 1305//553
f 1291//553 1305//553 1292//553
f 1292//555 1305//555 1304//555
f 1292//555 1304//555 1293//555
f 1293//557 1304//557 1303//557
f 1293//557 1303//557 1294//557
f 1294//558 1303//558 1308//558
f 1294//559 1308//559 1295//559
f 1295//560 1308//560 1307//560
f 1295//560 1307//560 1296//560
f 1296//561 1307//561 1306//561
f 1296//562 1306//562 1297//562
f 1297//563 1306//563 1311//563
f 1297//563 1311//563 1298//563
f 1298//564 1311//564 1310//564
f 1298//564 1310//564 1299//564
f 1299//566 1310//566 1309//566
f 1406//1 1407//1 1408//1
f 1408//1 1409//1 1406//1
f 1406//1 1409//1 1410//1
f 1406//1 1410//1 1411//1
f 1412//1 1413//1 1414//1
f 1414//1 1413//1 1415//1
f 1414//1 1415//1 1407//1
f 1416//1 1417//1 1418//1
f 1418//1 1419//1 1416//1
f 1416//1 1419//1 1420//1
f 1416//1 1420//1 1412//1
f 1421//1 1422//1 1423//1
f 1423//1 1422//1 1424//1
f 1423//1 1424//1 1417//1
f 1425//1 1426//1 1427//1
f 1427//1 1428//1 1425//1
f 1425//1 1428//1 1429//1
f 1425//283 1429//283 1421//283
f 1411//1 1430//1 1431//1
f 1431//1 1430//1 1432//1
f 1431//1 1432//1 1426//1
f 1433//1 1434//1 1435//1
f 1436//1 1437//1 1438//1
f 1437//1 1436//1 1439//1
f 1440//1 1441//1 1442//1
f 1443//1 1444//1 1445//1
f 1445//1 1444//1 1446//1
f 1438//1 1447//1 1436//1
f 1436//1 1447//1 1448//1
f 1436//1 1448//1 1435//1
f 1435//1 1448//1 1449//1
f 1435//1 1449//1 1433//1
f 1442//1 1450//1 1440//1
f 1440//1 1450//1 1451//1
f 1440//1 1451//1 1452//1
f 1452//1 1451//1 1453//1
f 1452//1 1453//1 1454//1
f 1455//1 1456//1 1457//1
f 1457//1 1458//1 1455//1
f 1455//1 1458//1 1459//1
f 1455//1 1459//1 1440//1
f 1440//1 1459//1 1460//1
f 1440//1 1460//1 1441//1
f 1454//1 1461//1 1452//1
f 1452//1 1461//1 1462//1
f 1452//1 1462//1 1436//1
f 1436//1 1462//1 1463//1
f 1436//1 1463//1 1439//1
f 1434//1 1464//1 1435//1
f 1435//1 1464//1 1465//1
f 1435//1 1465//1 1445//1
f 1445//1 1465//1 1466//1
f 1445//1 1466//1 1443//1
f 1446//1 1467//1 1445//1
f 1445//1 1467//1 1468//1
f 1445//1 1468//1 1455//1
f 1455//1 1468//1 1469//1
f 1455//1 1469//1 1456//1
f 1470//2 1471//2 1472//2
f 1472//2 1471//2 1473//2
f 1472//2 1473//2 1474//2
f 1474//2 1473//2 1475//2
f 1474//2 1475//2 1476//2
f 1475//2 1477//2 1476//2
f 1476//2 1477//2 1478//2
f 1476//2 1478//2 1479//2
f 1479//2 1478//2 1480//2
f 1479//2 1480//2 1481//2
f 1481//2 1480//2 1482//2
f 1481//2 1482//2 1483//2
f 1484//2 1485//2 1486//2
f 1486//2 1485//2 1487//2
f 1486//2 1487//2 1488//2
f 1488//2 1487//2 1489//2
f 1488//2 1489//2 1490//2
f 1489//2 1491//2 1490//2
f 1490//2 1491//2 1492//2
f 1490//2 1492//2 1493//2
f 1493//2 1492//2 1494//2
f 1493//2 1494//2 1470//2
f 1470//2 1494//2 1495//2
f 1470//2 1495//2 1471//2
f 1496//2 1497//2 1498//2
f 1498//2 1497//2 1499//2
f 1498//2 1499//2 1500//2
f 1500//2 1499//2 1501//2
f 1500//2 1501//2 1484//2
f 1484//2 1501//2 1502//2
f 1484//2 1502//2 1485//2
f 1482//2 1503//2 1483//2
f 1483//2 1503//2 1504//2
f 1483//2 1504//2 1505//2
f 1505//2 1504//2 1506//2
f 1505//2 1506//2 1496//2
f 1496//2 1506//2 1507//2
f 1496//2 1507//2 1497//2
f 1508//957 1491//957 1509//957
f 1509//958 1491//958 1489//958
f 1508//959 1510//959 1491//959
f 1491//960 1510//960 1511//960
f 1491//961 1511//961 1492//961
f 1512//962 1494//962 1513//962
f 1513//963 1494//963 1492//963
f 1513//964 1492//964 1514//964
f 1514//965 1492//965 1511//965
f 1512//966 1515//966 1494//966
f 1494//967 1515//967 1516//967
f 1494//968 1516//968 1495//968
f 1516//969 1517//969 1495//969
f 1495//970 1517//970 1518//970
f 1495//971 1518//971 1471//971
f 1519//972 1473//972 1520//972
f 1520//973 1473//973 1471//973
f 1520//974 1471//974 1521//974
f 1521//975 1471//975 1518//975
f 1519//976 1522//976 1473//976
f 1473//977 1522//977 1523//977
f 1473//978 1523//978 1475//978
f 1524//979 1477//979 1525//979
f 1525//980 1477//980 1475//980
f 1525//981 1475//981 1526//981
f 1526//982 1475//982 1523//982
f 1524//983 1527//983 1477//983
f 1477//984 1527//984 1528//984
f 1477//985 1528//985 1478//985
f 1528//986 1529//986 1478//986
f 1478//987 1529//987 1530//987
f 1478//988 1530//988 1480//988
f 1530//989 1531//989 1480//989
f 1480//990 1531//990 1532//990
f 1480//991 1532//991 1482//991
f 1532//992 1533//992 1482//992
f 1482//993 1533//993 1534//993
f 1482//994 1534//994 1503//994
f 1535//995 1504//995 1536//995
f 1536//996 1504//996 1503//996
f 1536//997 1503//997 1537//997
f 1537//998 1503//998 1534//998
f 1535//999 1538//999 1504//999
f 1504//1000 1538//1000 1539//1000
f 1504//1001 1539//1001 1506//1001
f 1540//1002 1507//1002 1541//1002
f 1541//1003 1507//1003 1506//1003
f 1541//1004 1506//1004 1542//1004
f 1542//1005 1506//1005 1539//1005
f 1540//1006 1543//1006 1507//1006
f 1507//1007 1543//1007 1544//1007
f 1507//1008 1544//1008 1497//1008
f 1544//1009 1545//1009 1497//1009
f 1497//1010 1545//1010 1546//1010
f 1497//1011 1546//1011 1499//1011
f 1547//1012 1501//1012 1548//1012
f 1548//1013 1501//1013 1499//1013
f 1548//1014 1499//1014 1549//1014
f 1549//1015 1499//1015 1546//1015
f 1547//1016 1550//1016 1501//1016
f 1501//1017 1550//1017 1551//1017
f 1501//1018 1551//1018 1502//1018
f 1552//1019 1485//1019 1553//1019
f 1553//1020 1485//1020 1502//1020
f 1553//1021 1502//1021 1554//1021
f 1554//1022 1502//1022 1551//1022
f 1552//1023 1555//1023 1485//1023
f 1485//1024 1555//1024 1556//1024
f 1485//1025 1556//1025 1487//1025
f 1556//1026 1557//1026 1487//1026
f 1487//1027 1557//1027 1558//1027
f 1487//1028 1558//1028 1489//1028
f 1489//1029 1558//1029 1559//1029
f 1489//1030 1559//1030 1509//1030
f 1488//650 1560//650 1486//650
f 1486//651 1560//651 1561//651
f 1486//651 1561//651 1484//651
f 1484//652 1561//652 1562//652
f 1484//652 1562//652 1500//652
f 1500//653 1562//653 1563//653
f 1500//653 1563//653 1498//653
f 1498//654 1563//654 1564//654
f 1498//637 1564//637 1496//637
f 1496//638 1564//638 1565//638
f 1496//638 1565//638 1505//638
f 1505//640 1565//640 1566//640
f 1505//639 1566//639 1483//639
f 1483//641 1566//641 1567//641
f 1483//641 1567//641 1481//641
f 1481//642 1567//642 1568//642
f 1481//1031 1568//1031 1479//1031
f 1479//643 1568//643 1569//643
f 1479//643 1569//643 1476//643
f 1476//644 1569//644 1570//644
f 1476//644 1570//644 1474//644
f 1474//645 1570//645 1571//645
f 1474//645 1571//645 1472//645
f 1472//646 1571//646 1572//646
f 1472//646 1572//646 1470//646
f 1470//647 1572//647 1573//647
f 1470//647 1573//647 1493//647
f 1493//648 1573//648 1574//648
f 1493//648 1574//648 1490//648
f 1490//649 1574//649 1575//649
f 1490//649 1575//649 1488//649
f 1488//1032 1575//1032 1560//1032
f 1576//2 1577//2 1578//2
f 1579//2 1580//2 1578//2
f 1578//2 1580//2 1581//2
f 1578//2 1581//2 1576//2
f 1582//2 1583//2 1578//2
f 1578//2 1583//2 1584//2
f 1578//2 1584//2 1579//2
f 1585//2 1586//2 1578//2
f 1578//2 1586//2 1587//2
f 1578//2 1587//2 1582//2
f 1588//2 1589//2 1578//2
f 1578//2 1589//2 1590//2
f 1578//2 1590//2 1585//2
f 1577//2 1591//2 1578//2
f 1578//2 1591//2 1592//2
f 1578//2 1592//2 1588//2
f 1431//369 1455//369 1411//369
f 1411//369 1455//369 1440//369
f 1411//369 1440//369 1406//369
f 1425//370 1445//370 1426//370
f 1426//370 1445//370 1455//370
f 1426//370 1455//370 1431//370
f 1423//371 1435//371 1421//371
f 1421//371 1435//371 1445//371
f 1421//371 1445//371 1425//371
f 1416//372 1436//372 1417//372
f 1417//372 1436//372 1435//372
f 1417//372 1435//372 1423//372
f 1414//367 1452//367 1412//367
f 1412//367 1452//367 1436//367
f 1412//367 1436//367 1416//367
f 1406//368 1440//368 1407//368
f 1407//368 1440//368 1452//368
f 1407//368 1452//368 1414//368
f 1593//383 1424//383 1422//383
f 1417//384 1424//384 1593//384
f 1593//386 1428//386 1427//386
f 1429//385 1428//385 1593//385
f 1421//1033 1429//1033 1593//1033
f 1593//373 1432//373 1430//373
f 1426//374 1432//374 1593//374
f 1593//375 1409//375 1408//375
f 1410//376 1409//376 1593//376
f 1411//377 1410//377 1593//377
f 1593//378 1415//378 1413//378
f 1407//379 1415//379 1593//379
f 1593//381 1420//381 1419//381
f 1418//380 1593//380 1419//380
f 1412//382 1420//382 1593//382
f 1413//390 1412//390 1593//390
f 1408//391 1407//391 1593//391
f 1430//392 1411//392 1593//392
f 1427//1034 1426//1034 1593//1034
f 1422//388 1421//388 1593//388
f 1418//1035 1417//1035 1593//1035
f 1526//1036 1594//1036 1525//1036
f 1525//1037 1594//1037 1595//1037
f 1525//1038 1595//1038 1524//1038
f 1524//1039 1595//1039 1596//1039
f 1524//1040 1596//1040 1527//1040
f 1527//1041 1596//1041 1597//1041
f 1527//1041 1597//1041 1528//1041
f 1526//1042 1523//1042 1594//1042
f 1594//1043 1523//1043 1522//1043
f 1594//1044 1522//1044 1598//1044
f 1598//1045 1522//1045 1519//1045
f 1598//1046 1519//1046 1599//1046
f 1519//1047 1520//1047 1599//1047
f 1599//1048 1520//1048 1521//1048
f 1599//1049 1521//1049 1600//1049
f 1521//1050 1518//1050 1600//1050
f 1600//1051 1518//1051 1517//1051
f 1600//1052 1517//1052 1601//1052
f 1517//1053 1516//1053 1601//1053
f 1601//1054 1516//1054 1515//1054
f 1601//1054 1515//1054 1602//1054
f 1602//1055 1515//1055 1512//1055
f 1602//1056 1512//1056 1603//1056
f 1603//1057 1512//1057 1513//1057
f 1603//1058 1513//1058 1604//1058
f 1604//1059 1513//1059 1514//1059
f 1514//1060 1511//1060 1604//1060
f 1604//1061 1511//1061 1510//1061
f 1604//1061 1510//1061 1605//1061
f 1605//1062 1510//1062 1508//1062
f 1605//1063 1508//1063 1606//1063
f 1606//1064 1508//1064 1509//1064
f 1606//1065 1509//1065 1607//1065
f 1607//1066 1509//1066 1559//1066
f 1559//1067 1558//1067 1607//1067
f 1607//1068 1558//1068 1557//1068
f 1607//1069 1557//1069 1608//1069
f 1557//1070 1556//1070 1608//1070
f 1608//1071 1556//1071 1555//1071
f 1608//1072 1555//1072 1609//1072
f 1609//1073 1555//1073 1552//1073
f 1609//1074 1552//1074 1610//1074
f 1610//1075 1552//1075 1553//1075
f 1610//1076 1553//1076 1611//1076
f 1611//1077 1553//1077 1554//1077
f 1554//1078 1551//1078 1611//1078
f 1611//1079 1551//1079 1550//1079
f 1611//1079 1550//1079 1612//1079
f 1612//1080 1550//1080 1547//1080
f 1612//1081 1547//1081 1613//1081
f 1613//1082 1547//1082 1548//1082
f 1613//1083 1548//1083 1614//1083
f 1614//1084 1548//1084 1549//1084
f 1549//1085 1546//1085 1614//1085
f 1614//1086 1546//1086 1545//1086
f 1614//1087 1545//1087 1615//1087
f 1545//1088 1544//1088 1615//1088
f 1615//1089 1544//1089 1543//1089
f 1615//1089 1543//1089 1616//1089
f 1616//1090 1543//1090 1540//1090
f 1616//1091 1540//1091 1617//1091
f 1617//1092 1540//1092 1541//1092
f 1617//1093 1541//1093 1618//1093
f 1618//1094 1541//1094 1542//1094
f 1542//1095 1539//1095 1618//1095
f 1618//1096 1539//1096 1538//1096
f 1618//1096 1538//1096 1619//1096
f 1619//1097 1538//1097 1535//1097
f 1619//1098 1535//1098 1620//1098
f 1620//1099 1535//1099 1536//1099
f 1620//1100 1536//1100 1621//1100
f 1621//1101 1536//1101 1537//1101
f 1537//1102 1534//1102 1621//1102
f 1621//1103 1534//1103 1533//1103
f 1621//1103 1533//1103 1622//1103
f 1622//1104 1533//1104 1532//1104
f 1622//1105 1532//1105 1623//1105
f 1623//1106 1532//1106 1531//1106
f 1623//1107 1531//1107 1624//1107
f 1624//1108 1531//1108 1530//1108
f 1624//1109 1530//1109 1597//1109
f 1597//1110 1530//1110 1529//1110
f 1597//1111 1529//1111 1528//1111
f 1622//1112 1625//1112 1621//1112
f 1621//1113 1625//1113 1626//1113
f 1621//1113 1626//1113 1620//1113
f 1620//1114 1626//1114 1627//1114
f 1620//1115 1627//1115 1619//1115
f 1619//1116 1627//1116 1628//1116
f 1619//1116 1628//1116 1618//1116
f 1618//1117 1628//1117 1629//1117
f 1618//1117 1629//1117 1617//1117
f 1617//1118 1629//1118 1630//1118
f 1617//1118 1630//1118 1616//1118
f 1616//1119 1630//1119 1631//1119
f 1616//1119 1631//1119 1615//1119
f 1615//1120 1631//1120 1632//1120
f 1615//1120 1632//1120 1614//1120
f 1614//1121 1632//1121 1633//1121
f 1614//1121 1633//1121 1613//1121
f 1613//1122 1633//1122 1634//1122
f 1613//1122 1634//1122 1612//1122
f 1612//1123 1634//1123 1635//1123
f 1612//1123 1635//1123 1611//1123
f 1611//1124 1635//1124 1636//1124
f 1611//1124 1636//1124 1610//1124
f 1610//1125 1636//1125 1637//1125
f 1610//1125 1637//1125 1609//1125
f 1609//1126 1637//1126 1638//1126
f 1609//1126 1638//1126 1608//1126
f 1608//1127 1638//1127 1639//1127
f 1608//1128 1639//1128 1607//1128
f 1607//1129 1639//1129 1640//1129
f 1607//1129 1640//1129 1606//1129
f 1606//1130 1640//1130 1641//1130
f 1606//1130 1641//1130 1605//1130
f 1605//1131 1641//1131 1642//1131
f 1605//1131 1642//1131 1604//1131
f 1604//1132 1642//1132 1643//1132
f 1604//1132 1643//1132 1603//1132
f 1603//1133 1643//1133 1644//1133
f 1603//1133 1644//1133 1602//1133
f 1602//1134 1644//1134 1645//1134
f 1602//1134 1645//1134 1601//1134
f 1601//1135 1645//1135 1646//1135
f 1601//1135 1646//1135 1600//1135
f 1600//1136 1646//1136 1647//1136
f 1600//1136 1647//1136 1599//1136
f 1599//1137 1647//1137 1648//1137
f 1599//1137 1648//1137 1598//1137
f 1598//1138 1648//1138 1649//1138
f 1598//1138 1649//1138 1594//1138
f 1594//1139 1649//1139 1650//1139
f 1594//1139 1650//1139 1595//1139
f 1595//1140 1650//1140 1651//1140
f 1595//1140 1651//1140 1596//1140
f 1596//1141 1651//1141 1652//1141
f 1596//1141 1652//1141 1597//1141
f 1597//1142 1652//1142 1653//1142
f 1597//1142 1653//1142 1624//1142
f 1624//1143 1653//1143 1654//1143
f 1624//1143 1654//1143 1623//1143
f 1623//1144 1654//1144 1655//1144
f 1623//1144 1655//1144 1622//1144
f 1622//1145 1655//1145 1625//1145
f 1655//1146 1656//1146 1625//1146
f 1625//1147 1656//1147 1657//1147
f 1625//1147 1657//1147 1626//1147
f 1626//1148 1657//1148 1658//1148
f 1626//1148 1658//1148 1627//1148
f 1627//1149 1658//1149 1659//1149
f 1627//1149 1659//1149 1628//1149
f 1628//1150 1659//1150 1660//1150
f 1628//1151 1660//1151 1629//1151
f 1629//1152 1660//1152 1661//1152
f 1629//1152 1661//1152 1630//1152
f 1630//1153 1661//1153 1662//1153
f 1630//1153 1662//1153 1631//1153
f 1631//1154 1662//1154 1663//1154
f 1631//1154 1663//1154 1632//1154
f 1632//1155 1663//1155 1664//1155
f 1632//1156 1664//1156 1633//1156
f 1633//1157 1664//1157 1665//1157
f 1633//1157 1665//1157 1634//1157
f 1634//1158 1665//1158 1666//1158
f 1634//1158 1666//1158 1635//1158
f 1635//1159 1666//1159 1667//1159
f 1635//1159 1667//1159 1636//1159
f 1636//1160 1667//1160 1668//1160
f 1636//1161 1668//1161 1637//1161
f 1637//1162 1668//1162 1669//1162
f 1637//1162 1669//1162 1638//1162
f 1638//1163 1669//1163 1670//1163
f 1638//1164 1670//1164 1639//1164
f 1639//1165 1670//1165 1671//1165
f 1639//1165 1671//1165 1640//1165
f 1640//1166 1671//1166 1672//1166
f 1640//1166 1672//1166 1641//1166
f 1641//1167 1672//1167 1673//1167
f 1641//1167 1673//1167 1642//1167
f 1642//1168 1673//1168 1674//1168
f 1642//1168 1674//1168 1643//1168
f 1643//1169 1674//1169 1675//1169
f 1643//1169 1675//1169 1644//1169
f 1644//1170 1675//1170 1676//1170
f 1644//1171 1676//1171 1645//1171
f 1645//1172 1676//1172 1677//1172
f 1645//1173 1677//1173 1646//1173
f 1646//1174 1677//1174 1678//1174
f 1646//1175 1678//1175 1647//1175
f 1647//1176 1678//1176 1679//1176
f 1647//1176 1679//1176 1648//1176
f 1648//1177 1679//1177 1680//1177
f 1648//1177 1680//1177 1649//1177
f 1649//1178 1680//1178 1681//1178
f 1649//1178 1681//1178 1650//1178
f 1650//1179 1681//1179 1682//1179
f 1650//1180 1682//1180 1651//1180
f 1651//1181 1682//1181 1683//1181
f 1651//1181 1683//1181 1652//1181
f 1652//1182 1683//1182 1684//1182
f 1652//1183 1684//1183 1653//1183
f 1653//1184 1684//1184 1685//1184
f 1653//1184 1685//1184 1654//1184
f 1654//1185 1685//1185 1686//1185
f 1654//1185 1686//1185 1655//1185
f 1655//1146 1686//1146 1656//1146
f 1686//1186 1469//1186 1656//1186
f 1656//1187 1469//1187 1468//1187
f 1656//1187 1468//1187 1657//1187
f 1657//1188 1468//1188 1467//1188
f 1657//1188 1467//1188 1658//1188
f 1658//1189 1467//1189 1446//1189
f 1658//1190 1446//1190 1659//1190
f 1659//1191 1446//1191 1444//1191
f 1659//1191 1444//1191 1660//1191
f 1660//1192 1444//1192 1443//1192
f 1660//1193 1443//1193 1661//1193
f 1661//1194 1443//1194 1466//1194
f 1661//1194 1466//1194 1662//1194
f 1662//1195 1466//1195 1465//1195
f 1662//1195 1465//1195 1663//1195
f 1663//1196 1465//1196 1464//1196
f 1663//1196 1464//1196 1664//1196
f 1664//1197 1464//1197 1434//1197
f 1664//1197 1434//1197 1665//1197
f 1665//1198 1434//1198 1433//1198
f 1665//1198 1433//1198 1666//1198
f 1666//1199 1433//1199 1449//1199
f 1666//1199 1449//1199 1667//1199
f 1667//1200 1449//1200 1448//1200
f 1667//1200 1448//1200 1668//1200
f 1668//1201 1448//1201 1447//1201
f 1668//1201 1447//1201 1669//1201
f 1669//1202 1447//1202 1438//1202
f 1669//1202 1438//1202 1670//1202
f 1670//1203 1438//1203 1437//1203
f 1670//1203 1437//1203 1671//1203
f 1671//1204 1437//1204 1439//1204
f 1671//1204 1439//1204 1672//1204
f 1672//1205 1439//1205 1463//1205
f 1672//1205 1463//1205 1673//1205
f 1673//1206 1463//1206 1462//1206
f 1673//1206 1462//1206 1674//1206
f 1674//1207 1462//1207 1461//1207
f 1674//1207 1461//1207 1675//1207
f 1675//1208 1461//1208 1454//1208
f 1675//1208 1454//1208 1676//1208
f 1676//1209 1454//1209 1453//1209
f 1676//1209 1453//1209 1677//1209
f 1677//1210 1453//1210 1451//1210
f 1677//1210 1451//1210 1678//1210
f 1678//1211 1451//1211 1450//1211
f 1678//1212 1450//1212 1679//1212
f 1679//1213 1450//1213 1442//1213
f 1679//1214 1442//1214 1680//1214
f 1680//1215 1442//1215 1441//1215
f 1680//1215 1441//1215 1681//1215
f 1681//1216 1441//1216 1460//1216
f 1681//1216 1460//1216 1682//1216
f 1682//1217 1460//1217 1459//1217
f 1682//1217 1459//1217 1683//1217
f 1683//1218 1459//1218 1458//1218
f 1683//1218 1458//1218 1684//1218
f 1684//1219 1458//1219 1457//1219
f 1684//1219 1457//1219 1685//1219
f 1685//1220 1457//1220 1456//1220
f 1685//1220 1456//1220 1686//1220
f 1686//1186 1456//1186 1469//1186
f 1575//1221 1585//1221 1560//1221
f 1560//836 1585//836 1590//836
f 1560//836 1590//836 1561//836
f 1561//837 1590//837 1589//837
f 1561//837 1589//837 1562//837
f 1562//839 1589//839 1588//839
f 1562//839 1588//839 1563//839
f 1563//821 1588//821 1592//821
f 1563//821 1592//821 1564//821
f 1564//822 1592//822 1591//822
f 1564//822 1591//822 1565//822
f 1565//823 1591//823 1577//823
f 1565//823 1577//823 1566//823
f 1566//824 1577//824 1576//824
f 1566//824 1576//824 1567//824
f 1567//825 1576//825 1581//825
f 1567//825 1581//825 1568//825
f 1568//827 1581//827 1580//827
f 1568//827 1580//827 1569//827
f 1569//828 1580//828 1579//828
f 1569//1222 1579//1222 1570//1222
f 1570//829 1579//829 1584//829
f 1570//829 1584//829 1571//829
f 1571//830 1584//830 1583//830
f 1571//830 1583//830 1572//830
f 1572//831 1583//831 1582//831
f 1572//831 1582//831 1573//831
f 1573//832 1582//832 1587//832
f 1573//832 1587//832 1574//832
f 1574//833 1587//833 1586//833
f 1574//833 1586//833 1575//833
f 1575//1221 1586//1221 1585//1221
f 1687//1 1688//1 1689//1
f 1689//1 1690//1 1687//1
f 1687//1 1690//1 1691//1
f 1687//1 1691//1 1692//1
f 1693//1 1694//1 1695//1
f 1695//1 1694//1 1696//1
f 1695//1 1696//1 1688//1
f 1697//1 1698//1 1699//1
f 1699//1 1700//1 1697//1
f 1697//1 1700//1 1701//1
f 1697//1 1701//1 1693//1
f 1702//1 1703//1 1704//1
f 1704//1 1703//1 1705//1
f 1704//1 1705//1 1698//1
f 1706//1 1707//1 1708//1
f 1708//1 1709//1 1706//1
f 1706//1 1709//1 1710//1
f 1706//1 1710//1 1702//1
f 1692//1 1711//1 1712//1
f 1712//1 1711//1 1713//1
f 1712//1 1713//1 1707//1
f 1714//1 1715//1 1716//1
f 1717//1 1718//1 1719//1
f 1720//1 1721//1 1722//1
f 1722//1 1721//1 1723//1
f 1724//1 1725//1 1726//1
f 1726//1 1725//1 1727//1
f 1726//1 1727//1 1728//1
f 1729//1 1730//1 1731//1
f 1731//1 1730//1 1732//1
f 1731//1 1732//1 1733//1
f 1734//1 1735//1 1736//1
f 1736//1 1735//1 1737//1
f 1736//1 1737//1 1738//1
f 1717//1 1719//1 1739//1
f 1733//1 1740//1 1731//1
f 1731//1 1740//1 1741//1
f 1731//1 1741//1 1716//1
f 1716//1 1741//1 1742//1
f 1716//1 1742//1 1714//1
f 1728//1 1743//1 1726//1
f 1726//1 1743//1 1744//1
f 1726//1 1744//1 1731//1
f 1731//1 1744//1 1745//1
f 1731//1 1745//1 1729//1
f 1723//1 1746//1 1722//1
f 1722//1 1746//1 1747//1
f 1722//1 1747//1 1726//1
f 1726//1 1747//1 1748//1
f 1726//1 1748//1 1724//1
f 1718//1 1749//1 1719//1
f 1719//1 1749//1 1750//1
f 1719//1 1750//1 1751//1
f 1751//1 1752//1 1719//1
f 1719//1 1752//1 1753//1
f 1719//1 1753//1 1722//1
f 1722//1 1753//1 1754//1
f 1722//1 1754//1 1720//1
f 1715//1 1755//1 1716//1
f 1716//1 1755//1 1756//1
f 1716//1 1756//1 1757//1
f 1738//1 1758//1 1736//1
f 1736//1 1758//1 1759//1
f 1736//1 1759//1 1719//1
f 1719//1 1759//1 1760//1
f 1719//1 1760//1 1739//1
f 1757//1 1761//1 1716//1
f 1716//1 1761//1 1762//1
f 1716//1 1762//1 1736//1
f 1736//1 1762//1 1763//1
f 1736//1 1763//1 1734//1
f 1764//2 1765//2 1766//2
f 1766//2 1765//2 1767//2
f 1766//2 1767//2 1768//2
f 1767//2 1769//2 1768//2
f 1768//2 1769//2 1770//2
f 1768//2 1770//2 1771//2
f 1771//2 1770//2 1772//2
f 1771//2 1772//2 1773//2
f 1773//2 1772//2 1774//2
f 1773//2 1774//2 1775//2
f 1776//2 1777//2 1778//2
f 1778//2 1777//2 1779//2
f 1778//2 1779//2 1780//2
f 1780//2 1779//2 1781//2
f 1780//2 1781//2 1782//2
f 1781//2 1783//2 1782//2
f 1782//2 1783//2 1784//2
f 1782//2 1784//2 1785//2
f 1785//2 1784//2 1786//2
f 1785//2 1786//2 1787//2
f 1787//2 1786//2 1788//2
f 1787//2 1788//2 1764//2
f 1764//2 1788//2 1789//2
f 1764//2 1789//2 1765//2
f 1790//2 1791//2 1792//2
f 1792//2 1791//2 1793//2
f 1792//2 1793//2 1776//2
f 1776//2 1793//2 1794//2
f 1776//2 1794//2 1777//2
f 1774//2 1795//2 1775//2
f 1775//2 1795//2 1796//2
f 1775//2 1796//2 1797//2
f 1797//2 1796//2 1798//2
f 1797//2 1798//2 1799//2
f 1799//2 1798//2 1800//2
f 1799//2 1800//2 1790//2
f 1790//2 1800//2 1801//2
f 1790//2 1801//2 1791//2
f 1783//36 1781//36 1802//36
f 1802//37 1803//37 1783//37
f 1783//38 1803//38 1804//38
f 1783//39 1804//39 1784//39
f 1804//40 1805//40 1784//40
f 1784//41 1805//41 1806//41
f 1784//42 1806//42 1786//42
f 1806//43 1807//43 1786//43
f 1786//44 1807//44 1808//44
f 1786//45 1808//45 1788//45
f 1808//46 1809//46 1788//46
f 1788//47 1809//47 1810//47
f 1788//48 1810//48 1789//48
f 1810//49 1811//49 1789//49
f 1789//1223 1811//1223 1812//1223
f 1789//51 1812//51 1765//51
f 1812//52 1813//52 1765//52
f 1765//53 1813//53 1814//53
f 1765//54 1814//54 1767//54
f 1814//55 1815//55 1767//55
f 1767//56 1815//56 1816//56
f 1767//57 1816//57 1769//57
f 1816//58 1817//58 1769//58
f 1769//59 1817//59 1818//59
f 1769//60 1818//60 1770//60
f 1818//61 1819//61 1770//61
f 1770//62 1819//62 1820//62
f 1770//63 1820//63 1772//63
f 1820//858 1821//858 1772//858
f 1772//65 1821//65 1822//65
f 1772//66 1822//66 1774//66
f 1822//1224 1823//1224 1774//1224
f 1774//68 1823//68 1824//68
f 1774//3 1824//3 1795//3
f 1824//4 1825//4 1795//4
f 1795//5 1825//5 1826//5
f 1795//6 1826//6 1796//6
f 1826//7 1827//7 1796//7
f 1796//8 1827//8 1828//8
f 1796//9 1828//9 1798//9
f 1828//10 1829//10 1798//10
f 1798//11 1829//11 1830//11
f 1798//12 1830//12 1800//12
f 1830//13 1831//13 1800//13
f 1800//14 1831//14 1832//14
f 1800//15 1832//15 1801//15
f 1832//16 1833//16 1801//16
f 1801//1225 1833//1225 1834//1225
f 1801//18 1834//18 1791//18
f 1834//19 1835//19 1791//19
f 1791//20 1835//20 1836//20
f 1791//21 1836//21 1793//21
f 1836//22 1837//22 1793//22
f 1793//23 1837//23 1838//23
f 1793//24 1838//24 1794//24
f 1838//25 1839//25 1794//25
f 1794//26 1839//26 1840//26
f 1794//27 1840//27 1777//27
f 1840//28 1841//28 1777//28
f 1777//29 1841//29 1842//29
f 1777//30 1842//30 1779//30
f 1842//844 1843//844 1779//844
f 1779//32 1843//32 1844//32
f 1779//33 1844//33 1781//33
f 1781//846 1844//846 1845//846
f 1781//35 1845//35 1802//35
f 1780//78 1846//78 1778//78
f 1778//80 1846//80 1847//80
f 1778//79 1847//79 1776//79
f 1776//81 1847//81 1848//81
f 1776//81 1848//81 1792//81
f 1792//82 1848//82 1849//82
f 1792//82 1849//82 1790//82
f 1790//83 1849//83 1850//83
f 1790//83 1850//83 1799//83
f 1799//84 1850//84 1851//84
f 1799//84 1851//84 1797//84
f 1797//86 1851//86 1852//86
f 1797//86 1852//86 1775//86
f 1775//87 1852//87 1853//87
f 1775//87 1853//87 1773//87
f 1773//69 1853//69 1854//69
f 1773//69 1854//69 1771//69
f 1771//71 1854//71 1855//71
f 1771//70 1855//70 1768//70
f 1768//72 1855//72 1856//72
f 1768//72 1856//72 1766//72
f 1766//73 1856//73 1857//73
f 1766//73 1857//73 1764//73
f 1764//74 1857//74 1858//74
f 1764//74 1858//74 1787//74
f 1787//75 1858//75 1859//75
f 1787//866 1859//866 1785//866
f 1785//76 1859//76 1860//76
f 1785//76 1860//76 1782//76
f 1782//77 1860//77 1861//77
f 1782//1226 1861//1226 1780//1226
f 1780//78 1861//78 1846//78
f 1862//2 1863//2 1864//2
f 1865//2 1866//2 1864//2
f 1864//2 1866//2 1867//2
f 1864//2 1867//2 1862//2
f 1868//2 1869//2 1864//2
f 1864//2 1869//2 1870//2
f 1864//2 1870//2 1865//2
f 1871//2 1872//2 1864//2
f 1864//2 1872//2 1873//2
f 1864//2 1873//2 1868//2
f 1874//2 1875//2 1864//2
f 1864//2 1875//2 1876//2
f 1864//2 1876//2 1871//2
f 1863//2 1877//2 1864//2
f 1864//2 1877//2 1878//2
f 1864//2 1878//2 1874//2
f 1712//92 1736//92 1692//92
f 1692//92 1736//92 1719//92
f 1692//92 1719//92 1687//92
f 1706//93 1716//93 1707//93
f 1707//93 1716//93 1736//93
f 1707//93 1736//93 1712//93
f 1704//94 1731//94 1702//94
f 1702//94 1731//94 1716//94
f 1702//94 1716//94 1706//94
f 1697//89 1726//89 1698//89
f 1698//89 1726//89 1731//89
f 1698//89 1731//89 1704//89
f 1695//90 1722//90 1693//90
f 1693//90 1722//90 1726//90
f 1693//90 1726//90 1697//90
f 1687//91 1719//91 1688//91
f 1688//91 1719//91 1722//91
f 1688//91 1722//91 1695//91
f 1879//665 1705//665 1703//665
f 1698//666 1705//666 1879//666
f 1879//668 1709//668 1708//668
f 1710//1227 1709//1227 1879//1227
f 1702//669 1710//669 1879//669
f 1879//655 1713//655 1711//655
f 1707//656 1713//656 1879//656
f 1879//657 1690//657 1689//657
f 1691//658 1690//658 1879//658
f 1692//1228 1691//1228 1879//1228
f 1879//660 1696//660 1694//660
f 1688//661 1696//661 1879//661
f 1879//663 1701//663 1700//663
f 1699//1229 1879//1229 1700//1229
f 1693//664 1701//664 1879//664
f 1694//672 1693//672 1879//672
f 1689//673 1688//673 1879//673
f 1711//674 1692//674 1879//674
f 1708//1230 1707//1230 1879//1230
f 1703//670 1702//670 1879//670
f 1699//671 1698//671 1879//671
f 1823//142 1880//142 1824//142
f 1824//143 1880//143 1881//143
f 1824//143 1881//143 1825//143
f 1825//144 1881//144 1882//144
f 1825//144 1882//144 1826//144
f 1826//145 1882//145 1883//145
f 1826//145 1883//145 1827//145
f 1827//146 1883//146 1884//146
f 1827//147 1884//147 1828//147
f 1828//149 1884//149 1885//149
f 1828//149 1885//149 1829//149
f 1829//151 1885//151 1886//151
f 1829//150 1886//150 1830//150
f 1830//152 1886//152 1887//152
f 1830//152 1887//152 1831//152
f 1831//153 1887//153 1888//153
f 1831//153 1888//153 1832//153
f 1832//154 1888//154 1889//154
f 1832//154 1889//154 1833//154
f 1833//155 1889//155 1890//155
f 1833//155 1890//155 1834//155
f 1834//156 1890//156 1891//156
f 1834//156 1891//156 1835//156
f 1835//157 1891//157 1892//157
f 1835//157 1892//157 1836//157
f 1836//158 1892//158 1893//158
f 1836//158 1893//158 1837//158
f 1837//159 1893//159 1894//159
f 1837//159 1894//159 1838//159
f 1838//160 1894//160 1895//160
f 1838//160 1895//160 1839//160
f 1839//161 1895//161 1896//161
f 1839//162 1896//162 1840//162
f 1840//163 1896//163 1897//163
f 1840//1231 1897//1231 1841//1231
f 1841//164 1897//164 1898//164
f 1841//164 1898//164 1842//164
f 1842//165 1898//165 1899//165
f 1842//165 1899//165 1843//165
f 1843//166 1899//166 1900//166
f 1843//166 1900//166 1844//166
f 1844//167 1900//167 1901//167
f 1844//167 1901//167 1845//167
f 1845//116 1901//116 1902//116
f 1845//116 1902//116 1802//116
f 1802//117 1902//117 1903//117
f 1802//117 1903//117 1803//117
f 1803//118 1903//118 1904//118
f 1803//118 1904//118 1804//118
f 1804//119 1904//119 1905//119
f 1804//119 1905//119 1805//119
f 1805//120 1905//120 1906//120
f 1805//121 1906//121 1806//121
f 1806//1232 1906//1232 1907//1232
f 1806//122 1907//122 1807//122
f 1807//124 1907//124 1908//124
f 1807//123 1908//123 1808//123
f 1808//125 1908//125 1909//125
f 1808//125 1909//125 1809//125
f 1809//126 1909//126 1910//126
f 1809//126 1910//126 1810//126
f 1810//127 1910//127 1911//127
f 1810//127 1911//127 1811//127
f 1811//128 1911//128 1912//128
f 1811//128 1912//128 1812//128
f 1812//129 1912//129 1913//129
f 1812//129 1913//129 1813//129
f 1813//130 1913//130 1914//130
f 1813//130 1914//130 1814//130
f 1814//131 1914//131 1915//131
f 1814//131 1915//131 1815//131
f 1815//132 1915//132 1916//132
f 1815//132 1916//132 1816//132
f 1816//133 1916//133 1917//133
f 1816//133 1917//133 1817//133
f 1817//134 1917//134 1918//134
f 1817//135 1918//135 1818//135
f 1818//136 1918//136 1919//136
f 1818//136 1919//136 1819//136
f 1819//138 1919//138 1920//138
f 1819//138 1920//138 1820//138
f 1820//139 1920//139 1921//139
f 1820//139 1921//139 1821//139
f 1821//140 1921//140 1922//140
f 1821//140 1922//140 1822//140
f 1822//141 1922//141 1923//141
f 1822//141 1923//141 1823//141
f 1823//142 1923//142 1880//142
f 1923//193 1924//193 1880//193
f 1880//194 1924//194 1925//194
f 1880//194 1925//194 1881//194
f 1881//195 1925//195 1926//195
f 1881//195 1926//195 1882//195
f 1882//196 1926//196 1927//196
f 1882//196 1927//196 1883//196
f 1883//1233 1927//1233 1928//1233
f 1883//1234 1928//1234 1884//1234
f 1884//198 1928//198 1929//198
f 1884//199 1929//199 1885//199
f 1885//200 1929//200 1930//200
f 1885//200 1930//200 1886//200
f 1886//201 1930//201 1931//201
f 1886//201 1931//201 1887//201
f 1887//202 1931//202 1932//202
f 1887//202 1932//202 1888//202
f 1888//203 1932//203 1933//203
f 1888//203 1933//203 1889//203
f 1889//204 1933//204 1934//204
f 1889//204 1934//204 1890//204
f 1890//205 1934//205 1935//205
f 1890//205 1935//205 1891//205
f 1891//206 1935//206 1936//206
f 1891//206 1936//206 1892//206
f 1892//207 1936//207 1937//207
f 1892//207 1937//207 1893//207
f 1893//208 1937//208 1938//208
f 1893//208 1938//208 1894//208
f 1894//209 1938//209 1939//209
f 1894//1235 1939//1235 1895//1235
f 1895//211 1939//211 1940//211
f 1895//211 1940//211 1896//211
f 1896//212 1940//212 1941//212
f 1896//212 1941//212 1897//212
f 1897//213 1941//213 1942//213
f 1897//213 1942//213 1898//213
f 1898//214 1942//214 1943//214
f 1898//214 1943//214 1899//214
f 1899//215 1943//215 1944//215
f 1899//215 1944//215 1900//215
f 1900//216 1944//216 1945//216
f 1900//216 1945//216 1901//216
f 1901//168 1945//168 1946//168
f 1901//168 1946//168 1902//168
f 1902//169 1946//169 1947//169
f 1902//169 1947//169 1903//169
f 1903//170 1947//170 1948//170
f 1903//170 1948//170 1904//170
f 1904//171 1948//171 1949//171
f 1904//171 1949//171 1905//171
f 1905//1236 1949//1236 1950//1236
f 1905//1236 1950//1236 1906//1236
f 1906//174 1950//174 1951//174
f 1906//175 1951//175 1907//175
f 1907//176 1951//176 1952//176
f 1907//176 1952//176 1908//176
f 1908//177 1952//177 1953//177
f 1908//177 1953//177 1909//177
f 1909//178 1953//178 1954//178
f 1909//178 1954//178 1910//178
f 1910//179 1954//179 1955//179
f 1910//179 1955//179 1911//179
f 1911//180 1955//180 1956//180
f 1911//180 1956//180 1912//180
f 1912//181 1956//181 1957//181
f 1912//181 1957//181 1913//181
f 1913//182 1957//182 1958//182
f 1913//182 1958//182 1914//182
f 1914//183 1958//183 1959//183
f 1914//183 1959//183 1915//183
f 1915//184 1959//184 1960//184
f 1915//184 1960//184 1916//184
f 1916//185 1960//185 1961//185
f 1916//1237 1961//1237 1917//1237
f 1917//187 1961//187 1962//187
f 1917//187 1962//187 1918//187
f 1918//188 1962//188 1963//188
f 1918//188 1963//188 1919//188
f 1919//189 1963//189 1964//189
f 1919//189 1964//189 1920//189
f 1920//190 1964//190 1965//190
f 1920//190 1965//190 1921//190
f 1921//191 1965//191 1966//191
f 1921//191 1966//191 1922//191
f 1922//192 1966//192 1967//192
f 1922//192 1967//192 1923//192
f 1923//193 1967//193 1924//193
f 1967//241 1735//241 1924//241
f 1924//242 1735//242 1734//242
f 1924//242 1734//242 1925//242
f 1925//243 1734//243 1763//243
f 1925//243 1763//243 1926//243
f 1926//244 1763//244 1762//244
f 1926//244 1762//244 1927//244
f 1927//245 1762//245 1761//245
f 1927//245 1761//245 1928//245
f 1928//246 1761//246 1757//246
f 1928//246 1757//246 1929//246
f 1929//247 1757//247 1756//247
f 1929//247 1756//247 1930//247
f 1930//249 1756//249 1755//249
f 1930//249 1755//249 1931//249
f 1931//250 1755//250 1715//250
f 1931//250 1715//250 1932//250
f 1932//252 1715//252 1714//252
f 1932//251 1714//251 1933//251
f 1933//253 1714//253 1742//253
f 1933//253 1742//253 1934//253
f 1934//254 1742//254 1741//254
f 1934//254 1741//254 1935//254
f 1935//255 1741//255 1740//255
f 1935//255 1740//255 1936//255
f 1936//256 1740//256 1733//256
f 1936//256 1733//256 1937//256
f 1937//257 1733//257 1732//257
f 1937//257 1732//257 1938//257
f 1938//258 1732//258 1730//258
f 1938//258 1730//258 1939//258
f 1939//259 1730//259 1729//259
f 1939//259 1729//259 1940//259
f 1940//260 1729//260 1745//260
f 1940//261 1745//261 1941//261
f 1941//262 1745//262 1744//262
f 1941//262 1744//262 1942//262
f 1942//263 1744//263 1743//263
f 1942//263 1743//263 1943//263
f 1943//265 1743//265 1728//265
f 1943//265 1728//265 1944//265
f 1944//266 1728//266 1727//266
f 1944//266 1727//266 1945//266
f 1945//217 1727//217 1725//217
f 1945//217 1725//217 1946//217
f 1946//218 1725//218 1724//218
f 1946//218 1724//218 1947//218
f 1947//219 1724//219 1748//219
f 1947//219 1748//219 1948//219
f 1948//220 1748//220 1747//220
f 1948//220 1747//220 1949//220
f 1949//221 1747//221 1746//221
f 1949//221 1746//221 1950//221
f 1950//222 1746//222 1723//222
f 1950//222 1723//222 1951//222
f 1951//223 1723//223 1721//223
f 1951//905 1721//905 1952//905
f 1952//224 1721//224 1720//224
f 1952//224 1720//224 1953//224
f 1953//225 1720//225 1754//225
f 1953//225 1754//225 1954//225
f 1954//227 1754//227 1753//227
f 1954//226 1753//226 1955//226
f 1955//228 1753//228 1752//228
f 1955//228 1752//228 1956//228
f 1956//229 1752//229 1751//229
f 1956//229 1751//229 1957//229
f 1957//230 1751//230 1750//230
f 1957//230 1750//230 1958//230
f 1958//231 1750//231 1749//231
f 1958//231 1749//231 1959//231
f 1959//232 1749//232 1718//232
f 1959//232 1718//232 1960//232
f 1960//233 1718//233 1717//233
f 1960//233 1717//233 1961//233
f 1961//234 1717//234 1739//234
f 1961//234 1739//234 1962//234
f 1962//235 1739//235 1760//235
f 1962//236 1760//236 1963//236
f 1963//237 1760//237 1759//237
f 1963//237 1759//237 1964//237
f 1964//238 1759//238 1758//238
f 1964//1238 1758//1238 1965//1238
f 1965//239 1758//239 1738//239
f 1965//239 1738//239 1966//239
f 1966//240 1738//240 1737//240
f 1966//240 1737//240 1967//240
f 1967//241 1737//241 1735//241
f 1861//275 1871//275 1846//275
f 1846//276 1871//276 1876//276
f 1846//276 1876//276 1847//276
f 1847//277 1876//277 1875//277
f 1847//277 1875//277 1848//277
f 1848//278 1875//278 1874//278
f 1848//278 1874//278 1849//278
f 1849//279 1874//279 1878//279
f 1849//279 1878//279 1850//279
f 1850//280 1878//280 1877//280
f 1850//280 1877//280 1851//280
f 1851//281 1877//281 1863//281
f 1851//281 1863//281 1852//281
f 1852//282 1863//282 1862//282
f 1852//282 1862//282 1853//282
f 1853//267 1862//267 1867//267
f 1853//267 1867//267 1854//267
f 1854//268 1867//268 1866//268
f 1854//268 1866//268 1855//268
f 1855//269 1866//269 1865//269
f 1855//269 1865//269 1856//269
f 1856//270 1865//270 1870//270
f 1856//270 1870//270 1857//270
f 1857//271 1870//271 1869//271
f 1857//271 1869//271 1858//271
f 1858//272 1869//272 1868//272
f 1858//272 1868//272 1859//272
f 1859//273 1868//273 1873//273
f 1859//273 1873//273 1860//273
f 1860//274 1873//274 1872//274
f 1860//274 1872//274 1861//274
f 1861//275 1872//275 1871//275
f 1968//1 1969//1 1970//1
f 1970//1 1971//1 1968//1
f 1968//1 1971//1 1972//1
f 1968//1 1972//1 1973//1
f 1974//1 1975//1 1976//1
f 1976//1 1975//1 1977//1
f 1976//1 1977//1 1969//1
f 1978//284 1979//284 1980//284
f 1980//1 1981//1 1978//1
f 1978//1 1981//1 1982//1
f 1978//283 1982//283 1974//283
f 1983//1 1984//1 1985//1
f 1985//1 1984//1 1986//1
f 1985//1 1986//1 1979//1
f 1987//1 1988//1 1989//1
f 1989//1 1990//1 1987//1
f 1987//1 1990//1 1991//1
f 1987//1 1991//1 1983//1
f 1973//1 1992//1 1993//1
f 1993//1 1992//1 1994//1
f 1993//1 1994//1 1988//1
f 1995//1 1996//1 1997//1
f 1998//1 1999//1 2000//1
f 2000//1 1999//1 2001//1
f 2000//1 2001//1 2002//1
f 2003//1 2004//1 2005//1
f 2006//1 2007//1 2008//1
f 2008//1 2007//1 2009//1
f 2008//1 2009//1 1997//1
f 1997//1 2009//1 2010//1
f 1997//1 2010//1 1995//1
f 2004//1 2011//1 2005//1
f 2005//1 2011//1 2012//1
f 2005//1 2012//1 2013//1
f 1996//1 2014//1 1997//1
f 1997//1 2014//1 2015//1
f 1997//1 2015//1 2016//1
f 2017//1 2018//1 2019//1
f 2019//1 2018//1 2020//1
f 2019//1 2020//1 2021//1
f 2022//1 2023//1 2008//1
f 2008//1 2023//1 2024//1
f 2008//1 2024//1 2006//1
f 2025//1 2026//1 2027//1
f 2027//1 2026//1 2028//1
f 2027//1 2028//1 2005//1
f 2005//1 2028//1 2029//1
f 2005//1 2029//1 2003//1
f 2030//1 2031//1 2027//1
f 2027//1 2031//1 2032//1
f 2027//1 2032//1 2025//1
f 2002//1 2033//1 2000//1
f 2000//1 2033//1 2034//1
f 2000//1 2034//1 2008//1
f 2008//1 2034//1 2035//1
f 2008//1 2035//1 2022//1
f 2013//1 2036//1 2005//1
f 2005//1 2036//1 2037//1
f 2005//1 2037//1 2000//1
f 2000//1 2037//1 2038//1
f 2000//1 2038//1 1998//1
f 2016//1 2039//1 1997//1
f 1997//1 2039//1 2040//1
f 1997//1 2040//1 2019//1
f 2019//1 2040//1 2041//1
f 2019//1 2041//1 2017//1
f 2021//1 2042//1 2019//1
f 2019//1 2042//1 2043//1
f 2019//1 2043//1 2027//1
f 2027//1 2043//1 2044//1
f 2027//1 2044//1 2030//1
f 2045//2 2046//2 2047//2
f 2047//2 2046//2 2048//2
f 2047//2 2048//2 2049//2
f 2049//2 2048//2 2050//2
f 2049//2 2050//2 2051//2
f 2052//2 2053//2 2054//2
f 2054//2 2053//2 2055//2
f 2054//2 2055//2 2056//2
f 2056//2 2055//2 2057//2
f 2056//2 2057//2 2045//2
f 2045//2 2057//2 2058//2
f 2045//2 2058//2 2046//2
f 2059//2 2060//2 2061//2
f 2061//2 2060//2 2062//2
f 2061//2 2062//2 2063//2
f 2063//2 2062//2 2064//2
f 2063//2 2064//2 2065//2
f 2064//2 2066//2 2065//2
f 2065//2 2066//2 2067//2
f 2065//2 2067//2 2068//2
f 2068//2 2067//2 2069//2
f 2068//2 2069//2 2052//2
f 2052//2 2069//2 2070//2
f 2052//2 2070//2 2053//2
f 2071//2 2072//2 2073//2
f 2073//2 2072//2 2074//2
f 2073//2 2074//2 2075//2
f 2075//2 2074//2 2076//2
f 2075//2 2076//2 2059//2
f 2059//2 2076//2 2077//2
f 2059//2 2077//2 2060//2
f 2050//2 2078//2 2051//2
f 2051//2 2078//2 2079//2
f 2051//2 2079//2 2080//2
f 2080//2 2079//2 2081//2
f 2080//2 2081//2 2071//2
f 2071//2 2081//2 2082//2
f 2071//2 2082//2 2072//2
f 2066//318 2064//318 2083//318
f 2083//1239 2084//1239 2066//1239
f 2066//320 2084//320 2085//320
f 2066//321 2085//321 2067//321
f 2085//322 2086//322 2067//322
f 2067//323 2086//323 2087//323
f 2067//324 2087//324 2069//324
f 2087//325 2088//325 2069//325
f 2069//326 2088//326 2089//326
f 2069//327 2089//327 2070//327
f 2089//328 2090//328 2070//328
f 2070//329 2090//329 2091//329
f 2070//330 2091//330 2053//330
f 2091//331 2092//331 2053//331
f 2053//332 2092//332 2093//332
f 2053//333 2093//333 2055//333
f 2093//334 2094//334 2055//334
f 2055//924 2094//924 2095//924
f 2055//336 2095//336 2057//336
f 2095//337 2096//337 2057//337
f 2057//338 2096//338 2097//338
f 2057//339 2097//339 2058//339
f 2097//1240 2098//1240 2058//1240
f 2058//341 2098//341 2099//341
f 2058//342 2099//342 2046//342
f 2099//343 2100//343 2046//343
f 2046//344 2100//344 2101//344
f 2046//345 2101//345 2048//345
f 2101//346 2102//346 2048//346
f 2048//347 2102//347 2103//347
f 2048//348 2103//348 2050//348
f 2103//349 2104//349 2050//349
f 2050//350 2104//350 2105//350
f 2050//285 2105//285 2078//285
f 2105//1241 2106//1241 2078//1241
f 2078//287 2106//287 2107//287
f 2078//288 2107//288 2079//288
f 2107//289 2108//289 2079//289
f 2079//290 2108//290 2109//290
f 2079//291 2109//291 2081//291
f 2109//292 2110//292 2081//292
f 2081//293 2110//293 2111//293
f 2081//294 2111//294 2082//294
f 2111//295 2112//295 2082//295
f 2082//296 2112//296 2113//296
f 2082//297 2113//297 2072//297
f 2113//298 2114//298 2072//298
f 2072//299 2114//299 2115//299
f 2072//300 2115//300 2074//300
f 2115//301 2116//301 2074//301
f 2074//1242 2116//1242 2117//1242
f 2074//303 2117//303 2076//303
f 2117//304 2118//304 2076//304
f 2076//305 2118//305 2119//305
f 2076//306 2119//306 2077//306
f 2119//911 2120//911 2077//911
f 2077//308 2120//308 2121//308
f 2077//309 2121//309 2060//309
f 2121//310 2122//310 2060//310
f 2060//311 2122//311 2123//311
f 2060//312 2123//312 2062//312
f 2123//313 2124//313 2062//313
f 2062//314 2124//314 2125//314
f 2062//315 2125//315 2064//315
f 2064//316 2125//316 2126//316
f 2064//317 2126//317 2083//317
f 2063//359 2127//359 2061//359
f 2061//360 2127//360 2128//360
f 2061//360 2128//360 2059//360
f 2059//361 2128//361 2129//361
f 2059//361 2129//361 2075//361
f 2075//362 2129//362 2130//362
f 2075//362 2130//362 2073//362
f 2073//363 2130//363 2131//363
f 2073//363 2131//363 2071//363
f 2071//364 2131//364 2132//364
f 2071//364 2132//364 2080//364
f 2080//365 2132//365 2133//365
f 2080//365 2133//365 2051//365
f 2051//366 2133//366 2134//366
f 2051//366 2134//366 2049//366
f 2049//351 2134//351 2135//351
f 2049//351 2135//351 2047//351
f 2047//352 2135//352 2136//352
f 2047//352 2136//352 2045//352
f 2045//353 2136//353 2137//353
f 2045//353 2137//353 2056//353
f 2056//354 2137//354 2138//354
f 2056//354 2138//354 2054//354
f 2054//355 2138//355 2139//355
f 2054//355 2139//355 2052//355
f 2052//356 2139//356 2140//356
f 2052//356 2140//356 2068//356
f 2068//357 2140//357 2141//357
f 2068//357 2141//357 2065//357
f 2065//358 2141//358 2142//358
f 2065//358 2142//358 2063//358
f 2063//359 2142//359 2127//359
f 2143//2 2144//2 2145//2
f 2146//2 2147//2 2145//2
f 2145//2 2147//2 2148//2
f 2145//2 2148//2 2143//2
f 2149//2 2150//2 2145//2
f 2145//2 2150//2 2151//2
f 2145//2 2151//2 2146//2
f 2152//2 2153//2 2145//2
f 2145//2 2153//2 2154//2
f 2145//2 2154//2 2149//2
f 2155//2 2156//2 2145//2
f 2145//2 2156//2 2157//2
f 2145//2 2157//2 2152//2
f 2144//2 2158//2 2145//2
f 2145//2 2158//2 2159//2
f 2145//2 2159//2 2155//2
f 1993//370 2027//370 1973//370
f 1973//370 2027//370 2005//370
f 1973//370 2005//370 1968//370
f 1987//371 2019//371 1988//371
f 1988//371 2019//371 2027//371
f 1988//371 2027//371 1993//371
f 1985//372 1997//372 1983//372
f 1983//372 1997//372 2019//372
f 1983//372 2019//372 1987//372
f 1978//367 2008//367 1979//367
f 1979//367 2008//367 1997//367
f 1979//367 1997//367 1985//367
f 1976//368 2000//368 1974//368
f 1974//368 2000//368 2008//368
f 1974//368 2008//368 1978//368
f 1968//369 2005//369 1969//369
f 1969//369 2005//369 2000//369
f 1969//369 2000//369 1976//369
f 2160//877 1986//877 1984//877
f 1979//878 1986//878 2160//878
f 2160//880 1990//880 1989//880
f 1991//879 1990//879 2160//879
f 1983//881 1991//881 2160//881
f 2160//867 1994//867 1992//867
f 1988//868 1994//868 2160//868
f 2160//869 1971//869 1970//869
f 1972//1243 1971//1243 2160//1243
f 1973//871 1972//871 2160//871
f 2160//1244 1977//1244 1975//1244
f 1969//873 1977//873 2160//873
f 2160//875 1982//875 1981//875
f 1980//874 2160//874 1981//874
f 1974//1245 1982//1245 2160//1245
f 1975//884 1974//884 2160//884
f 1970//1246 1969//1246 2160//1246
f 1992//886 1973//886 2160//886
f 1989//887 1988//887 2160//887
f 1984//882 1983//882 2160//882
f 1980//883 1979//883 2160//883
f 2104//420 2161//420 2105//420
f 2105//939 2161//939 2162//939
f 2105//421 2162//421 2106//421
f 2106//422 2162//422 2163//422
f 2106//422 2163//422 2107//422
f 2107//423 2163//423 2164//423
f 2107//423 2164//423 2108//423
f 2108//424 2164//424 2165//424
f 2108//424 2165//424 2109//424
f 2109//425 2165//425 2166//425
f 2109//425 2166//425 2110//425
f 2110//426 2166//426 2167//426
f 2110//426 2167//426 2111//426
f 2111//427 2167//427 2168//427
f 2111//427 2168//427 2112//427
f 2112//428 2168//428 2169//428
f 2112//428 2169//428 2113//428
f 2113//429 2169//429 2170//429
f 2113//429 2170//429 2114//429
f 2114//431 2170//431 2171//431
f 2114//1247 2171//1247 2115//1247
f 2115//1248 2171//1248 2172//1248
f 2115//432 2172//432 2116//432
f 2116//433 2172//433 2173//433
f 2116//433 2173//433 2117//433
f 2117//435 2173//435 2174//435
f 2117//1249 2174//1249 2118//1249
f 2118//436 2174//436 2175//436
f 2118//436 2175//436 2119//436
f 2119//437 2175//437 2176//437
f 2119//437 2176//437 2120//437
f 2120//438 2176//438 2177//438
f 2120//438 2177//438 2121//438
f 2121//439 2177//439 2178//439
f 2121//439 2178//439 2122//439
f 2122//440 2178//440 2179//440
f 2122//440 2179//440 2123//440
f 2123//441 2179//441 2180//441
f 2123//441 2180//441 2124//441
f 2124//442 2180//442 2181//442
f 2124//442 2181//442 2125//442
f 2125//443 2181//443 2182//443
f 2125//443 2182//443 2126//443
f 2126//394 2182//394 2183//394
f 2126//394 2183//394 2083//394
f 2083//396 2183//396 2184//396
f 2083//396 2184//396 2084//396
f 2084//397 2184//397 2185//397
f 2084//397 2185//397 2085//397
f 2085//398 2185//398 2186//398
f 2085//398 2186//398 2086//398
f 2086//399 2186//399 2187//399
f 2086//399 2187//399 2087//399
f 2087//400 2187//400 2188//400
f 2087//400 2188//400 2088//400
f 2088//401 2188//401 2189//401
f 2088//401 2189//401 2089//401
f 2089//402 2189//402 2190//402
f 2089//402 2190//402 2090//402
f 2090//403 2190//403 2191//403
f 2090//403 2191//403 2091//403
f 2091//404 2191//404 2192//404
f 2091//404 2192//404 2092//404
f 2092//1250 2192//1250 2193//1250
f 2092//405 2193//405 2093//405
f 2093//408 2193//408 2194//408
f 2093//408 2194//408 2094//408
f 2094//409 2194//409 2195//409
f 2094//1251 2195//1251 2095//1251
f 2095//410 2195//410 2196//410
f 2095//410 2196//410 2096//410
f 2096//412 2196//412 2197//412
f 2096//412 2197//412 2097//412
f 2097//413 2197//413 2198//413
f 2097//413 2198//413 2098//413
f 2098//414 2198//414 2199//414
f 2098//414 2199//414 2099//414
f 2099//415 2199//415 2200//415
f 2099//415 2200//415 2100//415
f 2100//416 2200//416 2201//416
f 2100//416 2201//416 2101//416
f 2101//417 2201//417 2202//417
f 2101//417 2202//417 2102//417
f 2102//418 2202//418 2203//418
f 2102//418 2203//418 2103//418
f 2103//419 2203//419 2204//419
f 2103//419 2204//419 2104//419
f 2104//420 2204//420 2161//420
f 2204//473 2205//473 2161//473
f 2161//474 2205//474 2206//474
f 2161//474 2206//474 2162//474
f 2162//475 2206//475 2207//475
f 2162//475 2207//475 2163//475
f 2163//476 2207//476 2208//476
f 2163//476 2208//476 2164//476
f 2164//477 2208//477 2209//477
f 2164//477 2209//477 2165//477
f 2165//478 2209//478 2210//478
f 2165//478 2210//478 2166//478
f 2166//479 2210//479 2211//479
f 2166//479 2211//479 2167//479
f 2167//481 2211//481 2212//481
f 2167//480 2212//480 2168//480
f 2168//483 2212//483 2213//483
f 2168//483 2213//483 2169//483
f 2169//484 2213//484 2214//484
f 2169//484 2214//484 2170//484
f 2170//1252 2214//1252 2215//1252
f 2170//486 2215//486 2171//486
f 2171//488 2215//488 2216//488
f 2171//1253 2216//1253 2172//1253
f 2172//489 2216//489 2217//489
f 2172//489 2217//489 2173//489
f 2173//490 2217//490 2218//490
f 2173//490 2218//490 2174//490
f 2174//491 2218//491 2219//491
f 2174//491 2219//491 2175//491
f 2175//492 2219//492 2220//492
f 2175//492 2220//492 2176//492
f 2176//948 2220//948 2221//948
f 2176//948 2221//948 2177//948
f 2177//494 2221//494 2222//494
f 2177//494 2222//494 2178//494
f 2178//495 2222//495 2223//495
f 2178//949 2223//949 2179//949
f 2179//496 2223//496 2224//496
f 2179//496 2224//496 2180//496
f 2180//498 2224//498 2225//498
f 2180//498 2225//498 2181//498
f 2181//500 2225//500 2226//500
f 2181//499 2226//499 2182//499
f 2182//950 2226//950 2227//950
f 2182//444 2227//444 2183//444
f 2183//445 2227//445 2228//445
f 2183//445 2228//445 2184//445
f 2184//446 2228//446 2229//446
f 2184//446 2229//446 2185//446
f 2185//447 2229//447 2230//447
f 2185//447 2230//447 2186//447
f 2186//448 2230//448 2231//448
f 2186//448 2231//448 2187//448
f 2187//449 2231//449 2232//449
f 2187//450 2232//450 2188//450
f 2188//451 2232//451 2233//451
f 2188//451 2233//451 2189//451
f 2189//453 2233//453 2234//453
f 2189//452 2234//452 2190//452
f 2190//952 2234//952 2235//952
f 2190//454 2235//454 2191//454
f 2191//455 2235//455 2236//455
f 2191//455 2236//455 2192//455
f 2192//953 2236//953 2237//953
f 2192//457 2237//457 2193//457
f 2193//1254 2237//1254 2238//1254
f 2193//458 2238//458 2194//458
f 2194//460 2238//460 2239//460
f 2194//460 2239//460 2195//460
f 2195//461 2239//461 2240//461
f 2195//461 2240//461 2196//461
f 2196//462 2240//462 2241//462
f 2196//462 2241//462 2197//462
f 2197//463 2241//463 2242//463
f 2197//463 2242//463 2198//463
f 2198//1255 2242//1255 2243//1255
f 2198//1255 2243//1255 2199//1255
f 2199//465 2243//465 2244//465
f 2199//465 2244//465 2200//465
f 2200//466 2244//466 2245//466
f 2200//466 2245//466 2201//466
f 2201//468 2245//468 2246//468
f 2201//468 2246//468 2202//468
f 2202//1256 2246//1256 2247//1256
f 2202//469 2247//469 2203//469
f 2203//471 2247//471 2248//471
f 2203//470 2248//470 2204//470
f 2204//473 2248//473 2205//473
f 2248//524 2031//524 2205//524
f 2205//525 2031//525 2030//525
f 2205//525 2030//525 2206//525
f 2206//526 2030//526 2044//526
f 2206//526 2044//526 2207//526
f 2207//527 2044//527 2043//527
f 2207//527 2043//527 2208//527
f 2208//528 2043//528 2042//528
f 2208//528 2042//528 2209//528
f 2209//529 2042//529 2021//529
f 2209//529 2021//529 2210//529
f 2210//530 2021//530 2020//530
f 2210//530 2020//530 2211//530
f 2211//531 2020//531 2018//531
f 2211//531 2018//531 2212//531
f 2212//532 2018//532 2017//532
f 2212//532 2017//532 2213//532
f 2213//533 2017//533 2041//533
f 2213//533 2041//533 2214//533
f 2214//534 2041//534 2040//534
f 2214//534 2040//534 2215//534
f 2215//535 2040//535 2039//535
f 2215//535 2039//535 2216//535
f 2216//536 2039//536 2016//536
f 2216//536 2016//536 2217//536
f 2217//537 2016//537 2015//537
f 2217//537 2015//537 2218//537
f 2218//538 2015//538 2014//538
f 2218//538 2014//538 2219//538
f 2219//540 2014//540 1996//540
f 2219//539 1996//539 2220//539
f 2220//541 1996//541 1995//541
f 2220//541 1995//541 2221//541
f 2221//542 1995//542 2010//542
f 2221//542 2010//542 2222//542
f 2222//543 2010//543 2009//543
f 2222//543 2009//543 2223//543
f 2223//544 2009//544 2007//544
f 2223//544 2007//544 2224//544
f 2224//545 2007//545 2006//545
f 2224//545 2006//545 2225//545
f 2225//546 2006//546 2024//546
f 2225//546 2024//546 2226//546
f 2226//501 2024//501 2023//501
f 2226//501 2023//501 2227//501
f 2227//502 2023//502 2022//502
f 2227//502 2022//502 2228//502
f 2228//503 2022//503 2035//503
f 2228//503 2035//503 2229//503
f 2229//504 2035//504 2034//504
f 2229//504 2034//504 2230//504
f 2230//505 2034//505 2033//505
f 2230//505 2033//505 2231//505
f 2231//506 2033//506 2002//506
f 2231//506 2002//506 2232//506
f 2232//507 2002//507 2001//507
f 2232//507 2001//507 2233//507
f 2233//508 2001//508 1999//508
f 2233//508 1999//508 2234//508
f 2234//509 1999//509 1998//509
f 2234//509 1998//509 2235//509
f 2235//510 1998//510 2038//510
f 2235//510 2038//510 2236//510
f 2236//511 2038//511 2037//511
f 2236//511 2037//511 2237//511
f 2237//512 2037//512 2036//512
f 2237//512 2036//512 2238//512
f 2238//513 2036//513 2013//513
f 2238//513 2013//513 2239//513
f 2239//514 2013//514 2012//514
f 2239//514 2012//514 2240//514
f 2240//515 2012//515 2011//515
f 2240//515 2011//515 2241//515
f 2241//517 2011//517 2004//517
f 2241//516 2004//516 2242//516
f 2242//518 2004//518 2003//518
f 2242//518 2003//518 2243//518
f 2243//519 2003//519 2029//519
f 2243//519 2029//519 2244//519
f 2244//520 2029//520 2028//520
f 2244//520 2028//520 2245//520
f 2245//521 2028//521 2026//521
f 2245//521 2026//521 2246//521
f 2246//522 2026//522 2025//522
f 2246//522 2025//522 2247//522
f 2247//523 2025//523 2032//523
f 2247//523 2032//523 2248//523
f 2248//524 2032//524 2031//524
f 2142//560 2152//560 2127//560
f 2127//561 2152//561 2157//561
f 2127//561 2157//561 2128//561
f 2128//1257 2157//1257 2156//1257
f 2128//563 2156//563 2129//563
f 2129//565 2156//565 2155//565
f 2129//564 2155//564 2130//564
f 2130//566 2155//566 2159//566
f 2130//1258 2159//1258 2131//1258
f 2131//567 2159//567 2158//567
f 2131//956 2158//956 2132//956
f 2132//569 2158//569 2144//569
f 2132//569 2144//569 2133//569
f 2133//570 2144//570 2143//570
f 2133//1259 2143//1259 2134//1259
f 2134//547 2143//547 2148//547
f 2134//547 2148//547 2135//547
f 2135//548 2148//548 2147//548
f 2135//1260 2147//1260 2136//1260
f 2136//550 2147//550 2146//550
f 2136//550 2146//550 2137//550
f 2137//552 2146//552 2151//552
f 2137//551 2151//551 2138//551
f 2138//553 2151//553 2150//553
f 2138//553 2150//553 2139//553
f 2139//555 2150//555 2149//555
f 2139//555 2149//555 2140//555
f 2140//1261 2149//1261 2154//1261
f 2140//557 2154//557 2141//557
f 2141//558 2154//558 2153//558
f 2141//558 2153//558 2142//558
f 2142//560 2153//560 2152//560
f 2249//1 2250//1 2251//1
f 2251//1 2252//1 2249//1
f 2249//1 2252//1 2253//1
f 2249//1 2253//1 2254//1
f 2255//1 2256//1 2257//1
f 2257//1 2256//1 2258//1
f 2257//1 2258//1 2250//1
f 2259//1 2260//1 2261//1
f 2261//1 2262//1 2259//1
f 2259//1 2262//1 2263//1
f 2259//1 2263//1 2255//1
f 2264//1 2265//1 2266//1
f 2266//1 2265//1 2267//1
f 2266//1 2267//1 2260//1
f 2268//1 2269//1 2270//1
f 2270//1 2271//1 2268//1
f 2268//1 2271//1 2272//1
f 2268//1 2272//1 2264//1
f 2254//1 2273//1 2274//1
f 2274//1 2273//1 2275//1
f 2274//1 2275//1 2269//1
f 2276//1 2277//1 2278//1
f 2277//1 2276//1 2279//1
f 2280//1 2281//1 2282//1
f 2280//1 2283//1 2281//1
f 2281//1 2283//1 2284//1
f 2281//1 2284//1 2285//1
f 2286//1 2287//1 2282//1
f 2282//1 2287//1 2288//1
f 2282//1 2288//1 2289//1
f 2290//1 2291//1 2292//1
f 2289//1 2293//1 2282//1
f 2282//1 2293//1 2294//1
f 2282//1 2294//1 2280//1
f 2295//1 2296//1 2297//1
f 2297//1 2296//1 2298//1
f 2285//1 2299//1 2281//1
f 2281//1 2299//1 2300//1
f 2281//1 2300//1 2301//1
f 2301//1 2302//1 2281//1
f 2281//1 2302//1 2303//1
f 2281//1 2303//1 2297//1
f 2297//1 2303//1 2304//1
f 2297//1 2304//1 2295//1
f 2291//1 2305//1 2292//1
f 2292//1 2305//1 2306//1
f 2292//1 2306//1 2307//1
f 2308//1 2309//1 2310//1
f 2310//1 2309//1 2311//1
f 2310//1 2311//1 2312//1
f 2310//1 2313//1 2292//1
f 2292//1 2313//1 2314//1
f 2292//1 2314//1 2290//1
f 2298//1 2315//1 2297//1
f 2297//1 2315//1 2316//1
f 2297//1 2316//1 2310//1
f 2310//1 2316//1 2317//1
f 2310//1 2317//1 2308//1
f 2278//1 2318//1 2276//1
f 2276//1 2318//1 2319//1
f 2276//1 2319//1 2282//1
f 2282//1 2319//1 2320//1
f 2282//1 2320//1 2286//1
f 2307//1 2321//1 2292//1
f 2292//1 2321//1 2322//1
f 2292//1 2322//1 2276//1
f 2276//1 2322//1 2323//1
f 2276//1 2323//1 2279//1
f 2312//1 2324//1 2310//1
f 2310//1 2324//1 2325//1
f 2310//1 2325//1 2313//1
f 2326//2 2327//2 2328//2
f 2328//2 2327//2 2329//2
f 2328//2 2329//2 2330//2
f 2330//2 2329//2 2331//2
f 2330//2 2331//2 2332//2
f 2333//2 2334//2 2335//2
f 2335//2 2334//2 2336//2
f 2335//2 2336//2 2337//2
f 2337//2 2336//2 2338//2
f 2337//2 2338//2 2326//2
f 2326//2 2338//2 2339//2
f 2326//2 2339//2 2327//2
f 2340//2 2341//2 2342//2
f 2342//2 2341//2 2343//2
f 2342//2 2343//2 2333//2
f 2333//2 2343//2 2344//2
f 2333//2 2344//2 2334//2
f 2331//2 2345//2 2332//2
f 2332//2 2345//2 2346//2
f 2332//2 2346//2 2347//2
f 2347//2 2346//2 2348//2
f 2347//2 2348//2 2349//2
f 2349//2 2348//2 2350//2
f 2349//2 2350//2 2351//2
f 2350//2 2352//2 2351//2
f 2351//2 2352//2 2353//2
f 2351//2 2353//2 2354//2
f 2354//2 2353//2 2355//2
f 2354//2 2355//2 2356//2
f 2355//2 2357//2 2356//2
f 2356//2 2357//2 2358//2
f 2356//2 2358//2 2359//2
f 2359//2 2358//2 2360//2
f 2359//2 2360//2 2361//2
f 2361//2 2360//2 2362//2
f 2361//2 2362//2 2340//2
f 2340//2 2362//2 2363//2
f 2340//2 2363//2 2341//2
f 2363//604 2362//604 2364//604
f 2364//605 2365//605 2363//605
f 2363//606 2365//606 2366//606
f 2363//607 2366//607 2341//607
f 2366//608 2367//608 2341//608
f 2341//609 2367//609 2368//609
f 2341//610 2368//610 2343//610
f 2368//1262 2369//1262 2343//1262
f 2343//612 2369//612 2370//612
f 2343//613 2370//613 2344//613
f 2370//614 2371//614 2344//614
f 2344//615 2371//615 2372//615
f 2344//616 2372//616 2334//616
f 2372//617 2373//617 2334//617
f 2334//618 2373//618 2374//618
f 2334//619 2374//619 2336//619
f 2374//620 2375//620 2336//620
f 2336//621 2375//621 2376//621
f 2336//622 2376//622 2338//622
f 2376//623 2377//623 2338//623
f 2338//624 2377//624 2378//624
f 2338//625 2378//625 2339//625
f 2378//626 2379//626 2339//626
f 2339//1263 2379//1263 2380//1263
f 2339//628 2380//628 2327//628
f 2380//629 2381//629 2327//629
f 2327//630 2381//630 2382//630
f 2327//631 2382//631 2329//631
f 2382//632 2383//632 2329//632
f 2329//633 2383//633 2384//633
f 2329//634 2384//634 2331//634
f 2384//635 2385//635 2331//635
f 2331//636 2385//636 2386//636
f 2331//571 2386//571 2345//571
f 2386//572 2387//572 2345//572
f 2345//573 2387//573 2388//573
f 2345//574 2388//574 2346//574
f 2388//575 2389//575 2346//575
f 2346//576 2389//576 2390//576
f 2346//577 2390//577 2348//577
f 2390//1264 2391//1264 2348//1264
f 2348//579 2391//579 2392//579
f 2348//580 2392//580 2350//580
f 2392//581 2393//581 2350//581
f 2350//582 2393//582 2394//582
f 2350//583 2394//583 2352//583
f 2394//584 2395//584 2352//584
f 2352//585 2395//585 2396//585
f 2352//586 2396//586 2353//586
f 2396//587 2397//587 2353//587
f 2353//588 2397//588 2398//588
f 2353//589 2398//589 2355//589
f 2398//590 2399//590 2355//590
f 2355//591 2399//591 2400//591
f 2355//592 2400//592 2357//592
f 2400//593 2401//593 2357//593
f 2357//1265 2401//1265 2402//1265
f 2357//595 2402//595 2358//595
f 2402//596 2403//596 2358//596
f 2358//597 2403//597 2404//597
f 2358//598 2404//598 2360//598
f 2404//599 2405//599 2360//599
f 2360//600 2405//600 2406//600
f 2360//601 2406//601 2362//601
f 2362//602 2406//602 2407//602
f 2362//603 2407//603 2364//603
f 2361//1266 2408//1266 2359//1266
f 2359//647 2408//647 2409//647
f 2359//647 2409//647 2356//647
f 2356//1267 2409//1267 2410//1267
f 2356//648 2410//648 2354//648
f 2354//649 2410//649 2411//649
f 2354//649 2411//649 2351//649
f 2351//650 2411//650 2412//650
f 2351//650 2412//650 2349//650
f 2349//651 2412//651 2413//651
f 2349//651 2413//651 2347//651
f 2347//1268 2413//1268 2414//1268
f 2347//1268 2414//1268 2332//1268
f 2332//653 2414//653 2415//653
f 2332//653 2415//653 2330//653
f 2330//654 2415//654 2416//654
f 2330//654 2416//654 2328//654
f 2328//638 2416//638 2417//638
f 2328//638 2417//638 2326//638
f 2326//640 2417//640 2418//640
f 2326//640 2418//640 2337//640
f 2337//641 2418//641 2419//641
f 2337//641 2419//641 2335//641
f 2335//642 2419//642 2420//642
f 2335//642 2420//642 2333//642
f 2333//643 2420//643 2421//643
f 2333//643 2421//643 2342//643
f 2342//1269 2421//1269 2422//1269
f 2342//1269 2422//1269 2340//1269
f 2340//645 2422//645 2423//645
f 2340//645 2423//645 2361//645
f 2361//646 2423//646 2408//646
f 2424//2 2425//2 2426//2
f 2427//2 2428//2 2426//2
f 2426//2 2428//2 2429//2
f 2426//2 2429//2 2424//2
f 2430//2 2431//2 2426//2
f 2426//2 2431//2 2432//2
f 2426//2 2432//2 2427//2
f 2433//2 2434//2 2426//2
f 2426//2 2434//2 2435//2
f 2426//2 2435//2 2430//2
f 2436//2 2437//2 2426//2
f 2426//2 2437//2 2438//2
f 2426//2 2438//2 2433//2
f 2425//2 2439//2 2426//2
f 2426//2 2439//2 2440//2
f 2426//2 2440//2 2436//2
f 2274//93 2297//93 2254//93
f 2254//93 2297//93 2310//93
f 2254//93 2310//93 2249//93
f 2268//94 2281//94 2269//94
f 2269//94 2281//94 2297//94
f 2269//94 2297//94 2274//94
f 2266//89 2282//89 2264//89
f 2264//89 2282//89 2281//89
f 2264//89 2281//89 2268//89
f 2259//90 2276//90 2260//90
f 2260//90 2276//90 2282//90
f 2260//90 2282//90 2266//90
f 2257//91 2292//91 2255//91
f 2255//91 2292//91 2276//91
f 2255//91 2276//91 2259//91
f 2249//92 2310//92 2250//92
f 2250//92 2310//92 2292//92
f 2250//92 2292//92 2257//92
f 2441//100 2267//100 2265//100
f 2260//101 2267//101 2441//101
f 2441//102 2271//102 2270//102
f 2272//103 2271//103 2441//103
f 2264//1270 2272//1270 2441//1270
f 2441//105 2275//105 2273//105
f 2269//106 2275//106 2441//106
f 2441//1271 2252//1271 2251//1271
f 2253//107 2252//107 2441//107
f 2254//109 2253//109 2441//109
f 2441//95 2258//95 2256//95
f 2250//96 2258//96 2441//96
f 2441//936 2263//936 2262//936
f 2261//97 2441//97 2262//97
f 2255//99 2263//99 2441//99
f 2256//114 2255//114 2441//114
f 2251//115 2250//115 2441//115
f 2273//937 2254//937 2441//937
f 2270//111 2269//111 2441//111
f 2265//112 2264//112 2441//112
f 2261//1272 2260//1272 2441//1272
f 2385//700 2442//700 2386//700
f 2386//701 2442//701 2443//701
f 2386//701 2443//701 2387//701
f 2387//702 2443//702 2444//702
f 2387//702 2444//702 2388//702
f 2388//703 2444//703 2445//703
f 2388//703 2445//703 2389//703
f 2389//1273 2445//1273 2446//1273
f 2389//1274 2446//1274 2390//1274
f 2390//705 2446//705 2447//705
f 2390//1275 2447//1275 2391//1275
f 2391//706 2447//706 2448//706
f 2391//706 2448//706 2392//706
f 2392//707 2448//707 2449//707
f 2392//707 2449//707 2393//707
f 2393//708 2449//708 2450//708
f 2393//708 2450//708 2394//708
f 2394//709 2450//709 2451//709
f 2394//709 2451//709 2395//709
f 2395//712 2451//712 2452//712
f 2395//712 2452//712 2396//712
f 2396//713 2452//713 2453//713
f 2396//713 2453//713 2397//713
f 2397//714 2453//714 2454//714
f 2397//714 2454//714 2398//714
f 2398//715 2454//715 2455//715
f 2398//715 2455//715 2399//715
f 2399//716 2455//716 2456//716
f 2399//716 2456//716 2400//716
f 2400//717 2456//717 2457//717
f 2400//717 2457//717 2401//717
f 2401//718 2457//718 2458//718
f 2401//718 2458//718 2402//718
f 2402//719 2458//719 2459//719
f 2402//719 2459//719 2403//719
f 2403//720 2459//720 2460//720
f 2403//720 2460//720 2404//720
f 2404//721 2460//721 2461//721
f 2404//721 2461//721 2405//721
f 2405//722 2461//722 2462//722
f 2405//722 2462//722 2406//722
f 2406//723 2462//723 2463//723
f 2406//723 2463//723 2407//723
f 2407//676 2463//676 2464//676
f 2407//676 2464//676 2364//676
f 2364//677 2464//677 2465//677
f 2364//677 2465//677 2365//677
f 2365//678 2465//678 2466//678
f 2365//678 2466//678 2366//678
f 2366//679 2466//679 2467//679
f 2366//679 2467//679 2367//679
f 2367//1276 2467//1276 2468//1276
f 2367//1276 2468//1276 2368//1276
f 2368//682 2468//682 2469//682
f 2368//682 2469//682 2369//682
f 2369//684 2469//684 2470//684
f 2369//684 2470//684 2370//684
f 2370//685 2470//685 2471//685
f 2370//685 2471//685 2371//685
f 2371//686 2471//686 2472//686
f 2371//686 2472//686 2372//686
f 2372//687 2472//687 2473//687
f 2372//1277 2473//1277 2373//1277
f 2373//1278 2473//1278 2474//1278
f 2373//688 2474//688 2374//688
f 2374//689 2474//689 2475//689
f 2374//689 2475//689 2375//689
f 2375//690 2475//690 2476//690
f 2375//690 2476//690 2376//690
f 2376//691 2476//691 2477//691
f 2376//691 2477//691 2377//691
f 2377//692 2477//692 2478//692
f 2377//692 2478//692 2378//692
f 2378//693 2478//693 2479//693
f 2378//693 2479//693 2379//693
f 2379//694 2479//694 2480//694
f 2379//694 2480//694 2380//694
f 2380//695 2480//695 2481//695
f 2380//695 2481//695 2381//695
f 2381//696 2481//696 2482//696
f 2381//696 2482//696 2382//696
f 2382//697 2482//697 2483//697
f 2382//697 2483//697 2383//697
f 2383//698 2483//698 2484//698
f 2383//698 2484//698 2384//698
f 2384//699 2484//699 2485//699
f 2384//699 2485//699 2385//699
f 2385//700 2485//700 2442//700
f 2485//749 2486//749 2442//749
f 2442//750 2486//750 2487//750
f 2442//750 2487//750 2443//750
f 2443//751 2487//751 2488//751
f 2443//751 2488//751 2444//751
f 2444//752 2488//752 2489//752
f 2444//752 2489//752 2445//752
f 2445//753 2489//753 2490//753
f 2445//753 2490//753 2446//753
f 2446//754 2490//754 2491//754
f 2446//755 2491//755 2447//755
f 2447//756 2491//756 2492//756
f 2447//756 2492//756 2448//756
f 2448//757 2492//757 2493//757
f 2448//757 2493//757 2449//757
f 2449//1279 2493//1279 2494//1279
f 2449//758 2494//758 2450//758
f 2450//759 2494//759 2495//759
f 2450//759 2495//759 2451//759
f 2451//760 2495//760 2496//760
f 2451//1280 2496//1280 2452//1280
f 2452//761 2496//761 2497//761
f 2452//761 2497//761 2453//761
f 2453//762 2497//762 2498//762
f 2453//762 2498//762 2454//762
f 2454//763 2498//763 2499//763
f 2454//763 2499//763 2455//763
f 2455//764 2499//764 2500//764
f 2455//764 2500//764 2456//764
f 2456//765 2500//765 2501//765
f 2456//765 2501//765 2457//765
f 2457//766 2501//766 2502//766
f 2457//766 2502//766 2458//766
f 2458//767 2502//767 2503//767
f 2458//767 2503//767 2459//767
f 2459//768 2503//768 2504//768
f 2459//768 2504//768 2460//768
f 2460//770 2504//770 2505//770
f 2460//770 2505//770 2461//770
f 2461//771 2505//771 2506//771
f 2461//771 2506//771 2462//771
f 2462//772 2506//772 2507//772
f 2462//772 2507//772 2463//772
f 2463//724 2507//724 2508//724
f 2463//724 2508//724 2464//724
f 2464//725 2508//725 2509//725
f 2464//725 2509//725 2465//725
f 2465//726 2509//726 2510//726
f 2465//726 2510//726 2466//726
f 2466//727 2510//727 2511//727
f 2466//727 2511//727 2467//727
f 2467//728 2511//728 2512//728
f 2467//728 2512//728 2468//728
f 2468//729 2512//729 2513//729
f 2468//730 2513//730 2469//730
f 2469//731 2513//731 2514//731
f 2469//731 2514//731 2470//731
f 2470//732 2514//732 2515//732
f 2470//732 2515//732 2471//732
f 2471//734 2515//734 2516//734
f 2471//734 2516//734 2472//734
f 2472//735 2516//735 2517//735
f 2472//735 2517//735 2473//735
f 2473//736 2517//736 2518//736
f 2473//736 2518//736 2474//736
f 2474//738 2518//738 2519//738
f 2474//738 2519//738 2475//738
f 2475//739 2519//739 2520//739
f 2475//739 2520//739 2476//739
f 2476//740 2520//740 2521//740
f 2476//740 2521//740 2477//740
f 2477//741 2521//741 2522//741
f 2477//741 2522//741 2478//741
f 2478//742 2522//742 2523//742
f 2478//742 2523//742 2479//742
f 2479//743 2523//743 2524//743
f 2479//743 2524//743 2480//743
f 2480//744 2524//744 2525//744
f 2480//744 2525//744 2481//744
f 2481//745 2525//745 2526//745
f 2481//745 2526//745 2482//745
f 2482//1281 2526//1281 2527//1281
f 2482//746 2527//746 2483//746
f 2483//747 2527//747 2528//747
f 2483//747 2528//747 2484//747
f 2484//748 2528//748 2529//748
f 2484//748 2529//748 2485//748
f 2485//749 2529//749 2486//749
f 2529//798 2295//798 2486//798
f 2486//799 2295//799 2304//799
f 2486//799 2304//799 2487//799
f 2487//800 2304//800 2303//800
f 2487//800 2303//800 2488//800
f 2488//801 2303//801 2302//801
f 2488//801 2302//801 2489//801
f 2489//802 2302//802 2301//802
f 2489//802 2301//802 2490//802
f 2490//803 2301//803 2300//803
f 2490//803 2300//803 2491//803
f 2491//804 2300//804 2299//804
f 2491//804 2299//804 2492//804
f 2492//805 2299//805 2285//805
f 2492//805 2285//805 2493//805
f 2493//806 2285//806 2284//806
f 2493//806 2284//806 2494//806
f 2494//807 2284//807 2283//807
f 2494//807 2283//807 2495//807
f 2495//1282 2283//1282 2280//1282
f 2495//808 2280//808 2496//808
f 2496//810 2280//810 2294//810
f 2496//809 2294//809 2497//809
f 2497//811 2294//811 2293//811
f 2497//811 2293//811 2498//811
f 2498//812 2293//812 2289//812
f 2498//812 2289//812 2499//812
f 2499//813 2289//813 2288//813
f 2499//813 2288//813 2500//813
f 2500//814 2288//814 2287//814
f 2500//814 2287//814 2501//814
f 2501//815 2287//815 2286//815
f 2501//815 2286//815 2502//815
f 2502//816 2286//816 2320//816
f 2502//816 2320//816 2503//816
f 2503//817 2320//817 2319//817
f 2503//817 2319//817 2504//817
f 2504//818 2319//818 2318//818
f 2504//818 2318//818 2505//818
f 2505//819 2318//819 2278//819
f 2505//819 2278//819 2506//819
f 2506//820 2278//820 2277//820
f 2506//1283 2277//1283 2507//1283
f 2507//773 2277//773 2279//773
f 2507//773 2279//773 2508//773
f 2508//774 2279//774 2323//774
f 2508//774 2323//774 2509//774
f 2509//775 2323//775 2322//775
f 2509//775 2322//775 2510//775
f 2510//776 2322//776 2321//776
f 2510//776 2321//776 2511//776
f 2511//777 2321//777 2307//777
f 2511//777 2307//777 2512//777
f 2512//778 2307//778 2306//778
f 2512//778 2306//778 2513//778
f 2513//779 2306//779 2305//779
f 2513//779 2305//779 2514//779
f 2514//780 2305//780 2291//780
f 2514//780 2291//780 2515//780
f 2515//781 2291//781 2290//781
f 2515//781 2290//781 2516//781
f 2516//782 2290//782 2314//782
f 2516//782 2314//782 2517//782
f 2517//784 2314//784 2313//784
f 2517//784 2313//784 2518//784
f 2518//786 2313//786 2325//786
f 2518//785 2325//785 2519//785
f 2519//787 2325//787 2324//787
f 2519//787 2324//787 2520//787
f 2520//788 2324//788 2312//788
f 2520//788 2312//788 2521//788
f 2521//789 2312//789 2311//789
f 2521//789 2311//789 2522//789
f 2522//790 2311//790 2309//790
f 2522//790 2309//790 2523//790
f 2523//791 2309//791 2308//791
f 2523//791 2308//791 2524//791
f 2524//792 2308//792 2317//792
f 2524//792 2317//792 2525//792
f 2525//793 2317//793 2316//793
f 2525//793 2316//793 2526//793
f 2526//794 2316//794 2315//794
f 2526//794 2315//794 2527//794
f 2527//795 2315//795 2298//795
f 2527//795 2298//795 2528//795
f 2528//796 2298//796 2296//796
f 2528//796 2296//796 2529//796
f 2529//798 2296//798 2295//798
f 2423//830 2433//830 2408//830
f 2408//831 2433//831 2438//831
f 2408//831 2438//831 2409//831
f 2409//832 2438//832 2437//832
f 2409//832 2437//832 2410//832
f 2410//833 2437//833 2436//833
f 2410//833 2436//833 2411//833
f 2411//1221 2436//1221 2440//1221
f 2411//835 2440//835 2412//835
f 2412//836 2440//836 2439//836
f 2412//836 2439//836 2413//836
f 2413//837 2439//837 2425//837
f 2413//837 2425//837 2414//837
f 2414//839 2425//839 2424//839
f 2414//839 2424//839 2415//839
f 2415//821 2424//821 2429//821
f 2415//821 2429//821 2416//821
f 2416//822 2429//822 2428//822
f 2416//822 2428//822 2417//822
f 2417//823 2428//823 2427//823
f 2417//823 2427//823 2418//823
f 2418//824 2427//824 2432//824
f 2418//824 2432//824 2419//824
f 2419//1284 2432//1284 2431//1284
f 2419//826 2431//826 2420//826
f 2420//827 2431//827 2430//827
f 2420//827 2430//827 2421//827
f 2421//828 2430//828 2435//828
f 2421//1285 2435//1285 2422//1285
f 2422//829 2435//829 2434//829
f 2422//829 2434//829 2423//829
f 2423//830 2434//830 2433//830
f 2530//1 2531//1 2532//1
f 2532//1 2533//1 2530//1
f 2530//1 2533//1 2534//1
f 2530//284 2534//284 2535//284
f 2536//1 2537//1 2538//1
f 2538//1 2537//1 2539//1
f 2538//1 2539//1 2531//1
f 2540//283 2541//283 2542//283
f 2542//1 2543//1 2540//1
f 2540//1 2543//1 2544//1
f 2540//1 2544//1 2536//1
f 2545//1 2546//1 2547//1
f 2547//1 2546//1 2548//1
f 2547//1 2548//1 2541//1
f 2549//1 2550//1 2551//1
f 2551//1 2552//1 2549//1
f 2549//1 2552//1 2553//1
f 2549//1 2553//1 2545//1
f 2535//1 2554//1 2555//1
f 2555//1 2554//1 2556//1
f 2555//1 2556//1 2550//1
f 2557//1 2558//1 2559//1
f 2560//1 2561//1 2562//1
f 2563//1 2564//1 2565//1
f 2565//1 2564//1 2566//1
f 2565//1 2566//1 2567//1
f 2559//1 2568//1 2557//1
f 2557//1 2568//1 2569//1
f 2557//1 2569//1 2570//1
f 2571//1 2572//1 2573//1
f 2573//1 2572//1 2574//1
f 2573//1 2574//1 2575//1
f 2576//1 2577//1 2562//1
f 2562//1 2577//1 2578//1
f 2562//1 2578//1 2560//1
f 2570//1 2579//1 2557//1
f 2557//1 2579//1 2580//1
f 2557//1 2580//1 2581//1
f 2581//1 2580//1 2582//1
f 2581//1 2582//1 2583//1
f 2575//1 2584//1 2573//1
f 2573//1 2584//1 2585//1
f 2573//1 2585//1 2557//1
f 2557//1 2585//1 2586//1
f 2557//1 2586//1 2558//1
f 2561//1 2587//1 2562//1
f 2562//1 2587//1 2588//1
f 2562//1 2588//1 2565//1
f 2565//1 2588//1 2589//1
f 2565//1 2589//1 2563//1
f 2590//1 2591//1 2592//1
f 2592//1 2591//1 2593//1
f 2592//1 2593//1 2594//1
f 2583//1 2595//1 2581//1
f 2581//1 2595//1 2596//1
f 2581//1 2596//1 2597//1
f 2567//1 2598//1 2565//1
f 2565//1 2598//1 2599//1
f 2565//1 2599//1 2573//1
f 2573//1 2599//1 2600//1
f 2573//1 2600//1 2571//1
f 2594//1 2601//1 2592//1
f 2592//1 2601//1 2602//1
f 2592//1 2602//1 2562//1
f 2562//1 2602//1 2603//1
f 2562//1 2603//1 2576//1
f 2597//1 2604//1 2581//1
f 2581//1 2604//1 2605//1
f 2581//1 2605//1 2592//1
f 2592//1 2605//1 2606//1
f 2592//1 2606//1 2590//1
f 2607//2 2608//2 2609//2
f 2609//2 2608//2 2610//2
f 2609//2 2610//2 2611//2
f 2612//2 2613//2 2614//2
f 2614//2 2613//2 2615//2
f 2614//2 2615//2 2616//2
f 2617//2 2618//2 2619//2
f 2619//2 2618//2 2620//2
f 2619//2 2620//2 2621//2
f 2621//2 2620//2 2622//2
f 2621//2 2622//2 2612//2
f 2612//2 2622//2 2623//2
f 2612//2 2623//2 2613//2
f 2610//2 2624//2 2611//2
f 2611//2 2624//2 2625//2
f 2611//2 2625//2 2626//2
f 2626//2 2625//2 2627//2
f 2626//2 2627//2 2628//2
f 2628//2 2627//2 2629//2
f 2628//2 2629//2 2617//2
f 2617//2 2629//2 2630//2
f 2617//2 2630//2 2618//2
f 2631//2 2632//2 2633//2
f 2633//2 2632//2 2634//2
f 2633//2 2634//2 2635//2
f 2635//2 2634//2 2636//2
f 2635//2 2636//2 2607//2
f 2607//2 2636//2 2637//2
f 2607//2 2637//2 2608//2
f 2615//2 2638//2 2616//2
f 2616//2 2638//2 2639//2
f 2616//2 2639//2 2640//2
f 2640//2 2639//2 2641//2
f 2640//2 2641//2 2642//2
f 2642//2 2641//2 2643//2
f 2642//2 2643//2 2631//2
f 2631//2 2643//2 2644//2
f 2631//2 2644//2 2632//2
f 2645//854 2644//854 2643//854
f 2645//53 2646//53 2644//53
f 2644//55 2646//55 2647//55
f 2644//855 2647//855 2632//855
f 2647//56 2648//56 2632//56
f 2632//58 2648//58 2649//58
f 2632//856 2649//856 2634//856
f 2649//59 2650//59 2634//59
f 2634//61 2650//61 2651//61
f 2634//857 2651//857 2636//857
f 2651//62 2652//62 2636//62
f 2636//64 2652//64 2653//64
f 2636//859 2653//859 2637//859
f 2653//65 2654//65 2637//65
f 2637//1286 2654//1286 2655//1286
f 2637//860 2655//860 2608//860
f 2655//68 2656//68 2608//68
f 2608//4 2656//4 2657//4
f 2608//861 2657//861 2610//861
f 2657//5 2658//5 2610//5
f 2610//7 2658//7 2659//7
f 2610//862 2659//862 2624//862
f 2659//8 2660//8 2624//8
f 2624//10 2660//10 2661//10
f 2624//863 2661//863 2625//863
f 2661//11 2662//11 2625//11
f 2625//13 2662//13 2663//13
f 2625//864 2663//864 2627//864
f 2663//14 2664//14 2627//14
f 2627//16 2664//16 2665//16
f 2627//865 2665//865 2629//865
f 2665//1287 2666//1287 2629//1287
f 2629//19 2666//19 2667//19
f 2629//840 2667//840 2630//840
f 2667//20 2668//20 2630//20
f 2630//22 2668//22 2669//22
f 2630//841 2669//841 2618//841
f 2669//23 2670//23 2618//23
f 2618//25 2670//25 2671//25
f 2618//842 2671//842 2620//842
f 2671//26 2672//26 2620//26
f 2620//28 2672//28 2673//28
f 2620//843 2673//843 2622//843
f 2673//29 2674//29 2622//29
f 2622//31 2674//31 2675//31
f 2622//845 2675//845 2623//845
f 2675//32 2676//32 2623//32
f 2623//846 2676//846 2677//846
f 2623//847 2677//847 2613//847
f 2677//35 2678//35 2613//35
f 2613//37 2678//37 2679//37
f 2613//848 2679//848 2615//848
f 2679//38 2680//38 2615//38
f 2615//40 2680//40 2681//40
f 2615//849 2681//849 2638//849
f 2681//41 2682//41 2638//41
f 2638//43 2682//43 2683//43
f 2638//850 2683//850 2639//850
f 2683//44 2684//44 2639//44
f 2639//46 2684//46 2685//46
f 2639//851 2685//851 2641//851
f 2685//47 2686//47 2641//47
f 2641//49 2686//49 2687//49
f 2641//852 2687//852 2643//852
f 2643//1223 2687//1223 2688//1223
f 2643//52 2688//52 2645//52
f 2642//74 2689//74 2640//74
f 2640//866 2689//866 2690//866
f 2640//866 2690//866 2616//866
f 2616//76 2690//76 2691//76
f 2616//76 2691//76 2614//76
f 2614//77 2691//77 2692//77
f 2614//77 2692//77 2612//77
f 2612//78 2692//78 2693//78
f 2612//78 2693//78 2621//78
f 2621//80 2693//80 2694//80
f 2621//80 2694//80 2619//80
f 2619//81 2694//81 2695//81
f 2619//81 2695//81 2617//81
f 2617//82 2695//82 2696//82
f 2617//82 2696//82 2628//82
f 2628//83 2696//83 2697//83
f 2628//83 2697//83 2626//83
f 2626//85 2697//85 2698//85
f 2626//84 2698//84 2611//84
f 2611//86 2698//86 2699//86
f 2611//86 2699//86 2609//86
f 2609//87 2699//87 2700//87
f 2609//87 2700//87 2607//87
f 2607//69 2700//69 2701//69
f 2607//69 2701//69 2635//69
f 2635//70 2701//70 2702//70
f 2635//70 2702//70 2633//70
f 2633//72 2702//72 2703//72
f 2633//72 2703//72 2631//72
f 2631//73 2703//73 2704//73
f 2631//73 2704//73 2642//73
f 2642//74 2704//74 2689//74
f 2705//2 2706//2 2707//2
f 2708//2 2709//2 2707//2
f 2707//2 2709//2 2710//2
f 2707//2 2710//2 2705//2
f 2711//2 2712//2 2707//2
f 2707//2 2712//2 2713//2
f 2707//2 2713//2 2708//2
f 2714//2 2715//2 2707//2
f 2707//2 2715//2 2716//2
f 2707//2 2716//2 2711//2
f 2717//2 2718//2 2707//2
f 2707//2 2718//2 2719//2
f 2707//2 2719//2 2714//2
f 2706//2 2720//2 2707//2
f 2707//2 2720//2 2721//2
f 2707//2 2721//2 2717//2
f 2555//371 2592//371 2535//371
f 2535//371 2592//371 2562//371
f 2535//371 2562//371 2530//371
f 2549//372 2581//372 2550//372
f 2550//372 2581//372 2592//372
f 2550//372 2592//372 2555//372
f 2547//367 2557//367 2545//367
f 2545//367 2557//367 2581//367
f 2545//367 2581//367 2549//367
f 2540//368 2573//368 2541//368
f 2541//368 2573//368 2557//368
f 2541//368 2557//368 2547//368
f 2538//369 2565//369 2536//369
f 2536//369 2565//369 2573//369
f 2536//369 2573//369 2540//369
f 2530//370 2562//370 2531//370
f 2531//370 2562//370 2565//370
f 2531//370 2565//370 2538//370
f 2722//378 2548//378 2546//378
f 2541//379 2548//379 2722//379
f 2722//380 2552//380 2551//380
f 2553//1288 2552//1288 2722//1288
f 2545//382 2553//382 2722//382
f 2722//1289 2556//1289 2554//1289
f 2550//384 2556//384 2722//384
f 2722//386 2533//386 2532//386
f 2534//385 2533//385 2722//385
f 2535//1290 2534//1290 2722//1290
f 2722//373 2539//373 2537//373
f 2531//374 2539//374 2722//374
f 2722//376 2544//376 2543//376
f 2542//375 2722//375 2543//375
f 2536//377 2544//377 2722//377
f 2537//392 2536//392 2722//392
f 2532//393 2531//393 2722//393
f 2554//388 2535//388 2722//388
f 2551//1035 2550//1035 2722//1035
f 2546//390 2545//390 2722//390
f 2542//391 2541//391 2722//391
f 2666//1291 2723//1291 2667//1291
f 2667//157 2723//157 2724//157
f 2667//157 2724//157 2668//157
f 2668//158 2724//158 2725//158
f 2668//158 2725//158 2669//158
f 2669//159 2725//159 2726//159
f 2669//159 2726//159 2670//159
f 2670//160 2726//160 2727//160
f 2670//160 2727//160 2671//160
f 2671//893 2727//893 2728//893
f 2671//162 2728//162 2672//162
f 2672//163 2728//163 2729//163
f 2672//163 2729//163 2673//163
f 2673//164 2729//164 2730//164
f 2673//164 2730//164 2674//164
f 2674//165 2730//165 2731//165
f 2674//165 2731//165 2675//165
f 2675//166 2731//166 2732//166
f 2675//166 2732//166 2676//166
f 2676//167 2732//167 2733//167
f 2676//167 2733//167 2677//167
f 2677//116 2733//116 2734//116
f 2677//116 2734//116 2678//116
f 2678//117 2734//117 2735//117
f 2678//117 2735//117 2679//117
f 2679//118 2735//118 2736//118
f 2679//118 2736//118 2680//118
f 2680//119 2736//119 2737//119
f 2680//119 2737//119 2681//119
f 2681//121 2737//121 2738//121
f 2681//121 2738//121 2682//121
f 2682//1292 2738//1292 2739//1292
f 2682//1232 2739//1232 2683//1232
f 2683//124 2739//124 2740//124
f 2683//123 2740//123 2684//123
f 2684//125 2740//125 2741//125
f 2684//125 2741//125 2685//125
f 2685//126 2741//126 2742//126
f 2685//126 2742//126 2686//126
f 2686//1293 2742//1293 2743//1293
f 2686//127 2743//127 2687//127
f 2687//128 2743//128 2744//128
f 2687//128 2744//128 2688//128
f 2688//1294 2744//1294 2745//1294
f 2688//129 2745//129 2645//129
f 2645//130 2745//130 2746//130
f 2645//130 2746//130 2646//130
f 2646//131 2746//131 2747//131
f 2646//131 2747//131 2647//131
f 2647//132 2747//132 2748//132
f 2647//132 2748//132 2648//132
f 2648//133 2748//133 2749//133
f 2648//133 2749//133 2649//133
f 2649//889 2749//889 2750//889
f 2649//135 2750//135 2650//135
f 2650//136 2750//136 2751//136
f 2650//136 2751//136 2651//136
f 2651//138 2751//138 2752//138
f 2651//138 2752//138 2652//138
f 2652//139 2752//139 2753//139
f 2652//139 2753//139 2653//139
f 2653//140 2753//140 2754//140
f 2653//140 2754//140 2654//140
f 2654//141 2754//141 2755//141
f 2654//141 2755//141 2655//141
f 2655//142 2755//142 2756//142
f 2655//142 2756//142 2656//142
f 2656//143 2756//143 2757//143
f 2656//143 2757//143 2657//143
f 2657//144 2757//144 2758//144
f 2657//144 2758//144 2658//144
f 2658//145 2758//145 2759//145
f 2658//145 2759//145 2659//145
f 2659//147 2759//147 2760//147
f 2659//147 2760//147 2660//147
f 2660//149 2760//149 2761//149
f 2660//149 2761//149 2661//149
f 2661//150 2761//150 2762//150
f 2661//150 2762//150 2662//150
f 2662//152 2762//152 2763//152
f 2662//152 2763//152 2663//152
f 2663//153 2763//153 2764//153
f 2663//153 2764//153 2664//153
f 2664//154 2764//154 2765//154
f 2664//154 2765//154 2665//154
f 2665//155 2765//155 2766//155
f 2665//155 2766//155 2666//155
f 2666//156 2766//156 2723//156
f 2766//205 2767//205 2723//205
f 2723//206 2767//206 2768//206
f 2723//206 2768//206 2724//206
f 2724//207 2768//207 2769//207
f 2724//900 2769//900 2725//900
f 2725//208 2769//208 2770//208
f 2725//208 2770//208 2726//208
f 2726//209 2770//209 2771//209
f 2726//209 2771//209 2727//209
f 2727//902 2771//902 2772//902
f 2727//211 2772//211 2728//211
f 2728//212 2772//212 2773//212
f 2728//212 2773//212 2729//212
f 2729//213 2773//213 2774//213
f 2729//213 2774//213 2730//213
f 2730//214 2774//214 2775//214
f 2730//214 2775//214 2731//214
f 2731//215 2775//215 2776//215
f 2731//215 2776//215 2732//215
f 2732//216 2776//216 2777//216
f 2732//216 2777//216 2733//216
f 2733//168 2777//168 2778//168
f 2733//168 2778//168 2734//168
f 2734//169 2778//169 2779//169
f 2734//169 2779//169 2735//169
f 2735//170 2779//170 2780//170
f 2735//170 2780//170 2736//170
f 2736//171 2780//171 2781//171
f 2736//171 2781//171 2737//171
f 2737//1236 2781//1236 2782//1236
f 2737//1295 2782//1295 2738//1295
f 2738//174 2782//174 2783//174
f 2738//174 2783//174 2739//174
f 2739//176 2783//176 2784//176
f 2739//176 2784//176 2740//176
f 2740//177 2784//177 2785//177
f 2740//177 2785//177 2741//177
f 2741//178 2785//178 2786//178
f 2741//178 2786//178 2742//178
f 2742//179 2786//179 2787//179
f 2742//179 2787//179 2743//179
f 2743//180 2787//180 2788//180
f 2743//1296 2788//1296 2744//1296
f 2744//181 2788//181 2789//181
f 2744//1297 2789//1297 2745//1297
f 2745//182 2789//182 2790//182
f 2745//182 2790//182 2746//182
f 2746//1298 2790//1298 2791//1298
f 2746//894 2791//894 2747//894
f 2747//184 2791//184 2792//184
f 2747//184 2792//184 2748//184
f 2748//1237 2792//1237 2793//1237
f 2748//185 2793//185 2749//185
f 2749//1299 2793//1299 2794//1299
f 2749//895 2794//895 2750//895
f 2750//188 2794//188 2795//188
f 2750//188 2795//188 2751//188
f 2751//189 2795//189 2796//189
f 2751//189 2796//189 2752//189
f 2752//190 2796//190 2797//190
f 2752//190 2797//190 2753//190
f 2753//191 2797//191 2798//191
f 2753//191 2798//191 2754//191
f 2754//192 2798//192 2799//192
f 2754//192 2799//192 2755//192
f 2755//193 2799//193 2800//193
f 2755//193 2800//193 2756//193
f 2756//194 2800//194 2801//194
f 2756//194 2801//194 2757//194
f 2757//195 2801//195 2802//195
f 2757//195 2802//195 2758//195
f 2758//196 2802//196 2803//196
f 2758//196 2803//196 2759//196
f 2759//1233 2803//1233 2804//1233
f 2759//1234 2804//1234 2760//1234
f 2760//198 2804//198 2805//198
f 2760//198 2805//198 2761//198
f 2761//200 2805//200 2806//200
f 2761//200 2806//200 2762//200
f 2762//201 2806//201 2807//201
f 2762//201 2807//201 2763//201
f 2763//202 2807//202 2808//202
f 2763//202 2808//202 2764//202
f 2764//203 2808//203 2809//203
f 2764//203 2809//203 2765//203
f 2765//204 2809//204 2810//204
f 2765//204 2810//204 2766//204
f 2766//205 2810//205 2767//205
f 2810//254 2591//254 2767//254
f 2767//255 2591//255 2590//255
f 2767//255 2590//255 2768//255
f 2768//256 2590//256 2606//256
f 2768//256 2606//256 2769//256
f 2769//257 2606//257 2605//257
f 2769//257 2605//257 2770//257
f 2770//258 2605//258 2604//258
f 2770//258 2604//258 2771//258
f 2771//259 2604//259 2597//259
f 2771//259 2597//259 2772//259
f 2772//260 2597//260 2596//260
f 2772//260 2596//260 2773//260
f 2773//262 2596//262 2595//262
f 2773//262 2595//262 2774//262
f 2774//263 2595//263 2583//263
f 2774//263 2583//263 2775//263
f 2775//265 2583//265 2582//265
f 2775//1300 2582//1300 2776//1300
f 2776//266 2582//266 2580//266
f 2776//266 2580//266 2777//266
f 2777//217 2580//217 2579//217
f 2777//217 2579//217 2778//217
f 2778//218 2579//218 2570//218
f 2778//218 2570//218 2779//218
f 2779//219 2570//219 2569//219
f 2779//219 2569//219 2780//219
f 2780//220 2569//220 2568//220
f 2780//220 2568//220 2781//220
f 2781//221 2568//221 2559//221
f 2781//221 2559//221 2782//221
f 2782//222 2559//222 2558//222
f 2782//222 2558//222 2783//222
f 2783//905 2558//905 2586//905
f 2783//223 2586//223 2784//223
f 2784//224 2586//224 2585//224
f 2784//224 2585//224 2785//224
f 2785//225 2585//225 2584//225
f 2785//225 2584//225 2786//225
f 2786//226 2584//226 2575//226
f 2786//907 2575//907 2787//907
f 2787//228 2575//228 2574//228
f 2787//228 2574//228 2788//228
f 2788//229 2574//229 2572//229
f 2788//229 2572//229 2789//229
f 2789//230 2572//230 2571//230
f 2789//230 2571//230 2790//230
f 2790//231 2571//231 2600//231
f 2790//231 2600//231 2791//231
f 2791//232 2600//232 2599//232
f 2791//232 2599//232 2792//232
f 2792//233 2599//233 2598//233
f 2792//233 2598//233 2793//233
f 2793//234 2598//234 2567//234
f 2793//234 2567//234 2794//234
f 2794//235 2567//235 2566//235
f 2794//235 2566//235 2795//235
f 2795//237 2566//237 2564//237
f 2795//237 2564//237 2796//237
f 2796//238 2564//238 2563//238
f 2796//238 2563//238 2797//238
f 2797//239 2563//239 2589//239
f 2797//239 2589//239 2798//239
f 2798//240 2589//240 2588//240
f 2798//240 2588//240 2799//240
f 2799//241 2588//241 2587//241
f 2799//241 2587//241 2800//241
f 2800//242 2587//242 2561//242
f 2800//242 2561//242 2801//242
f 2801//243 2561//243 2560//243
f 2801//243 2560//243 2802//243
f 2802//244 2560//244 2578//244
f 2802//244 2578//244 2803//244
f 2803//245 2578//245 2577//245
f 2803//245 2577//245 2804//245
f 2804//246 2577//246 2576//246
f 2804//246 2576//246 2805//246
f 2805//248 2576//248 2603//248
f 2805//247 2603//247 2806//247
f 2806//249 2603//249 2602//249
f 2806//249 2602//249 2807//249
f 2807//250 2602//250 2601//250
f 2807//1301 2601//1301 2808//1301
f 2808//904 2601//904 2594//904
f 2808//1302 2594//1302 2809//1302
f 2809//253 2594//253 2593//253
f 2809//253 2593//253 2810//253
f 2810//254 2593//254 2591//254
f 2704//271 2714//271 2689//271
f 2689//272 2714//272 2719//272
f 2689//272 2719//272 2690//272
f 2690//273 2719//273 2718//273
f 2690//273 2718//273 2691//273
f 2691//274 2718//274 2717//274
f 2691//274 2717//274 2692//274
f 2692//275 2717//275 2721//275
f 2692//275 2721//275 2693//275
f 2693//276 2721//276 2720//276
f 2693//276 2720//276 2694//276
f 2694//277 2720//277 2706//277
f 2694//277 2706//277 2695//277
f 2695//278 2706//278 2705//278
f 2695//278 2705//278 2696//278
f 2696//279 2705//279 2710//279
f 2696//279 2710//279 2697//279
f 2697//280 2710//280 2709//280
f 2697//280 2709//280 2698//280
f 2698//281 2709//281 2708//281
f 2698//281 2708//281 2699//281
f 2699//282 2708//282 2713//282
f 2699//282 2713//282 2700//282
f 2700//267 2713//267 2712//267
f 2700//267 2712//267 2701//267
f 2701//268 2712//268 2711//268
f 2701//268 2711//268 2702//268
f 2702//269 2711//269 2716//269
f 2702//269 2716//269 2703//269
f 2703//270 2716//270 2715//270
f 2703//270 2715//270 2704//270
f 2704//271 2715//271 2714//271
f 2811//1 2812//1 2813//1
f 2813//1 2814//1 2811//1
f 2811//1 2814//1 2815//1
f 2811//1 2815//1 2816//1
f 2817//1 2818//1 2819//1
f 2819//1 2818//1 2820//1
f 2819//1 2820//1 2812//1
f 2821//1 2822//1 2823//1
f 2823//1 2824//1 2821//1
f 2821//1 2824//1 2825//1
f 2821//283 2825//283 2817//283
f 2826//1 2827//1 2828//1
f 2828//1 2827//1 2829//1
f 2828//1 2829//1 2822//1
f 2830//1 2831//1 2832//1
f 2832//1 2833//1 2830//1
f 2830//1 2833//1 2834//1
f 2830//1 2834//1 2826//1
f 2816//1 2835//1 2836//1
f 2836//1 2835//1 2837//1
f 2836//1 2837//1 2831//1
f 2838//1 2839//1 2840//1
f 2841//1 2842//1 2843//1
f 2843//1 2842//1 2844//1
f 2843//1 2844//1 2845//1
f 2845//1 2846//1 2843//1
f 2843//1 2846//1 2847//1
f 2843//1 2847//1 2840//1
f 2840//1 2847//1 2848//1
f 2840//1 2848//1 2838//1
f 2849//1 2850//1 2851//1
f 2851//1 2850//1 2852//1
f 2851//1 2852//1 2853//1
f 2853//1 2854//1 2851//1
f 2851//1 2854//1 2855//1
f 2851//1 2855//1 2843//1
f 2843//1 2855//1 2856//1
f 2843//1 2856//1 2841//1
f 2839//1 2857//1 2840//1
f 2840//1 2857//1 2858//1
f 2840//1 2858//1 2859//1
f 2860//1 2861//1 2862//1
f 2862//1 2863//1 2860//1
f 2860//1 2863//1 2864//1
f 2860//1 2864//1 2851//1
f 2851//1 2864//1 2865//1
f 2851//1 2865//1 2849//1
f 2866//1 2867//1 2860//1
f 2860//1 2867//1 2868//1
f 2860//1 2868//1 2861//1
f 2869//1 2870//1 2871//1
f 2871//1 2870//1 2872//1
f 2871//1 2872//1 2873//1
f 2859//1 2874//1 2840//1
f 2840//1 2874//1 2875//1
f 2840//1 2875//1 2876//1
f 2876//1 2875//1 2877//1
f 2876//1 2877//1 2878//1
f 2873//1 2879//1 2871//1
f 2871//1 2879//1 2880//1
f 2871//1 2880//1 2860//1
f 2860//1 2880//1 2881//1
f 2860//1 2881//1 2866//1
f 2878//1 2882//1 2876//1
f 2876//1 2882//1 2883//1
f 2876//1 2883//1 2884//1
f 2884//1 2885//1 2876//1
f 2876//1 2885//1 2886//1
f 2876//1 2886//1 2871//1
f 2871//1 2886//1 2887//1
f 2871//1 2887//1 2869//1
f 2888//2 2889//2 2890//2
f 2890//2 2889//2 2891//2
f 2890//2 2891//2 2892//2
f 2892//2 2891//2 2893//2
f 2892//2 2893//2 2894//2
f 2895//2 2896//2 2897//2
f 2897//2 2896//2 2898//2
f 2897//2 2898//2 2899//2
f 2899//2 2898//2 2900//2
f 2899//2 2900//2 2888//2
f 2888//2 2900//2 2901//2
f 2888//2 2901//2 2889//2
f 2902//2 2903//2 2904//2
f 2904//2 2903//2 2905//2
f 2904//2 2905//2 2895//2
f 2895//2 2905//2 2906//2
f 2895//2 2906//2 2896//2
f 2907//2 2908//2 2909//2
f 2909//2 2908//2 2910//2
f 2909//2 2910//2 2911//2
f 2911//2 2910//2 2912//2
f 2911//2 2912//2 2902//2
f 2902//2 2912//2 2913//2
f 2902//2 2913//2 2903//2
f 2914//2 2915//2 2916//2
f 2916//2 2915//2 2917//2
f 2916//2 2917//2 2907//2
f 2907//2 2917//2 2918//2
f 2907//2 2918//2 2908//2
f 2893//2 2919//2 2894//2
f 2894//2 2919//2 2920//2
f 2894//2 2920//2 2921//2
f 2921//2 2920//2 2922//2
f 2921//2 2922//2 2923//2
f 2923//2 2922//2 2924//2
f 2923//2 2924//2 2914//2
f 2914//2 2924//2 2925//2
f 2914//2 2925//2 2915//2
f 2926//923 2919//923 2893//923
f 2926//924 2927//924 2919//924
f 2919//337 2927//337 2928//337
f 2919//925 2928//925 2920//925
f 2928//338 2929//338 2920//338
f 2920//340 2929//340 2930//340
f 2920//926 2930//926 2922//926
f 2930//1303 2931//1303 2922//1303
f 2922//343 2931//343 2932//343
f 2922//927 2932//927 2924//927
f 2932//344 2933//344 2924//344
f 2924//346 2933//346 2934//346
f 2924//928 2934//928 2925//928
f 2934//347 2935//347 2925//347
f 2925//349 2935//349 2936//349
f 2925//929 2936//929 2915//929
f 2936//350 2937//350 2915//350
f 2915//1241 2937//1241 2938//1241
f 2915//930 2938//930 2917//930
f 2938//287 2939//287 2917//287
f 2917//289 2939//289 2940//289
f 2917//931 2940//931 2918//931
f 2940//932 2941//932 2918//932
f 2918//292 2941//292 2942//292
f 2918//933 2942//933 2908//933
f 2942//293 2943//293 2908//293
f 2908//295 2943//295 2944//295
f 2908//934 2944//934 2910//934
f 2944//296 2945//296 2910//296
f 2910//298 2945//298 2946//298
f 2910//935 2946//935 2912//935
f 2946//299 2947//299 2912//299
f 2912//301 2947//301 2948//301
f 2912//909 2948//909 2913//909
f 2948//302 2949//302 2913//302
f 2913//304 2949//304 2950//304
f 2913//910 2950//910 2903//910
f 2950//305 2951//305 2903//305
f 2903//911 2951//911 2952//911
f 2903//912 2952//912 2905//912
f 2952//308 2953//308 2905//308
f 2905//310 2953//310 2954//310
f 2905//914 2954//914 2906//914
f 2954//311 2955//311 2906//311
f 2906//313 2955//313 2956//313
f 2906//915 2956//915 2896//915
f 2956//314 2957//314 2896//314
f 2896//316 2957//316 2958//316
f 2896//916 2958//916 2898//916
f 2958//317 2959//317 2898//317
f 2898//1239 2959//1239 2960//1239
f 2898//917 2960//917 2900//917
f 2960//320 2961//320 2900//320
f 2900//322 2961//322 2962//322
f 2900//918 2962//918 2901//918
f 2962//919 2963//919 2901//919
f 2901//325 2963//325 2964//325
f 2901//920 2964//920 2889//920
f 2964//326 2965//326 2889//326
f 2889//328 2965//328 2966//328
f 2889//921 2966//921 2891//921
f 2966//329 2967//329 2891//329
f 2891//331 2967//331 2968//331
f 2891//922 2968//922 2893//922
f 2893//332 2968//332 2969//332
f 2893//334 2969//334 2926//334
f 2892//355 2970//355 2890//355
f 2890//356 2970//356 2971//356
f 2890//356 2971//356 2888//356
f 2888//357 2971//357 2972//357
f 2888//357 2972//357 2899//357
f 2899//358 2972//358 2973//358
f 2899//358 2973//358 2897//358
f 2897//359 2973//359 2974//359
f 2897//359 2974//359 2895//359
f 2895//360 2974//360 2975//360
f 2895//360 2975//360 2904//360
f 2904//361 2975//361 2976//361
f 2904//361 2976//361 2902//361
f 2902//362 2976//362 2977//362
f 2902//362 2977//362 2911//362
f 2911//363 2977//363 2978//363
f 2911//363 2978//363 2909//363
f 2909//364 2978//364 2979//364
f 2909//364 2979//364 2907//364
f 2907//365 2979//365 2980//365
f 2907//365 2980//365 2916//365
f 2916//366 2980//366 2981//366
f 2916//366 2981//366 2914//366
f 2914//351 2981//351 2982//351
f 2914//351 2982//351 2923//351
f 2923//352 2982//352 2983//352
f 2923//352 2983//352 2921//352
f 2921//353 2983//353 2984//353
f 2921//353 2984//353 2894//353
f 2894//354 2984//354 2985//354
f 2894//354 2985//354 2892//354
f 2892//355 2985//355 2970//355
f 2986//2 2987//2 2988//2
f 2989//2 2990//2 2988//2
f 2988//2 2990//2 2991//2
f 2988//2 2991//2 2986//2
f 2992//2 2993//2 2988//2
f 2988//2 2993//2 2994//2
f 2988//2 2994//2 2989//2
f 2995//2 2996//2 2988//2
f 2988//2 2996//2 2997//2
f 2988//2 2997//2 2992//2
f 2998//2 2999//2 2988//2
f 2988//2 2999//2 3000//2
f 2988//2 3000//2 2995//2
f 2987//2 3001//2 2988//2
f 2988//2 3001//2 3002//2
f 2988//2 3002//2 2998//2
f 2836//94 2840//94 2816//94
f 2816//94 2840//94 2876//94
f 2816//94 2876//94 2811//94
f 2830//89 2843//89 2831//89
f 2831//89 2843//89 2840//89
f 2831//89 2840//89 2836//89
f 2828//90 2851//90 2826//90
f 2826//90 2851//90 2843//90
f 2826//90 2843//90 2830//90
f 2821//91 2860//91 2822//91
f 2822//91 2860//91 2851//91
f 2822//91 2851//91 2828//91
f 2819//92 2871//92 2817//92
f 2817//92 2871//92 2860//92
f 2817//92 2860//92 2821//92
f 2811//93 2876//93 2812//93
f 2812//93 2876//93 2871//93
f 2812//93 2871//93 2819//93
f 3003//660 2829//660 2827//660
f 2822//661 2829//661 3003//661
f 3003//1229 2833//1229 2832//1229
f 2834//663 2833//663 3003//663
f 2826//664 2834//664 3003//664
f 3003//665 2837//665 2835//665
f 2831//666 2837//666 3003//666
f 3003//668 2814//668 2813//668
f 2815//667 2814//667 3003//667
f 2816//669 2815//669 3003//669
f 3003//655 2820//655 2818//655
f 2812//656 2820//656 3003//656
f 3003//658 2825//658 2824//658
f 2823//657 3003//657 2824//657
f 2817//1228 2825//1228 3003//1228
f 2818//674 2817//674 3003//674
f 2813//1230 2812//1230 3003//1230
f 2835//670 2816//670 3003//670
f 2832//671 2831//671 3003//671
f 2827//672 2826//672 3003//672
f 2823//1304 2822//1304 3003//1304
f 2947//432 3004//432 2948//432
f 2948//433 3004//433 3005//433
f 2948//433 3005//433 2949//433
f 2949//435 3005//435 3006//435
f 2949//435 3006//435 2950//435
f 2950//436 3006//436 3007//436
f 2950//436 3007//436 2951//436
f 2951//437 3007//437 3008//437
f 2951//437 3008//437 2952//437
f 2952//438 3008//438 3009//438
f 2952//438 3009//438 2953//438
f 2953//439 3009//439 3010//439
f 2953//439 3010//439 2954//439
f 2954//440 3010//440 3011//440
f 2954//440 3011//440 2955//440
f 2955//441 3011//441 3012//441
f 2955//441 3012//441 2956//441
f 2956//442 3012//442 3013//442
f 2956//442 3013//442 2957//442
f 2957//443 3013//443 3014//443
f 2957//443 3014//443 2958//443
f 2958//394 3014//394 3015//394
f 2958//394 3015//394 2959//394
f 2959//395 3015//395 3016//395
f 2959//396 3016//396 2960//396
f 2960//397 3016//397 3017//397
f 2960//1305 3017//1305 2961//1305
f 2961//398 3017//398 3018//398
f 2961//398 3018//398 2962//398
f 2962//399 3018//399 3019//399
f 2962//399 3019//399 2963//399
f 2963//400 3019//400 3020//400
f 2963//400 3020//400 2964//400
f 2964//401 3020//401 3021//401
f 2964//401 3021//401 2965//401
f 2965//402 3021//402 3022//402
f 2965//402 3022//402 2966//402
f 2966//403 3022//403 3023//403
f 2966//403 3023//403 2967//403
f 2967//404 3023//404 3024//404
f 2967//404 3024//404 2968//404
f 2968//1250 3024//1250 3025//1250
f 2968//405 3025//405 2969//405
f 2969//408 3025//408 3026//408
f 2969//408 3026//408 2926//408
f 2926//409 3026//409 3027//409
f 2926//409 3027//409 2927//409
f 2927//1306 3027//1306 3028//1306
f 2927//410 3028//410 2928//410
f 2928//412 3028//412 3029//412
f 2928//412 3029//412 2929//412
f 2929//413 3029//413 3030//413
f 2929//413 3030//413 2930//413
f 2930//414 3030//414 3031//414
f 2930//414 3031//414 2931//414
f 2931//415 3031//415 3032//415
f 2931//415 3032//415 2932//415
f 2932//416 3032//416 3033//416
f 2932//416 3033//416 2933//416
f 2933//417 3033//417 3034//417
f 2933//417 3034//417 2934//417
f 2934//418 3034//418 3035//418
f 2934//418 3035//418 2935//418
f 2935//419 3035//419 3036//419
f 2935//419 3036//419 2936//419
f 2936//420 3036//420 3037//420
f 2936//420 3037//420 2937//420
f 2937//421 3037//421 3038//421
f 2937//421 3038//421 2938//421
f 2938//422 3038//422 3039//422
f 2938//422 3039//422 2939//422
f 2939//423 3039//423 3040//423
f 2939//423 3040//423 2940//423
f 2940//424 3040//424 3041//424
f 2940//424 3041//424 2941//424
f 2941//425 3041//425 3042//425
f 2941//425 3042//425 2942//425
f 2942//426 3042//426 3043//426
f 2942//426 3043//426 2943//426
f 2943//427 3043//427 3044//427
f 2943//427 3044//427 2944//427
f 2944//428 3044//428 3045//428
f 2944//428 3045//428 2945//428
f 2945//429 3045//429 3046//429
f 2945//429 3046//429 2946//429
f 2946//431 3046//431 3047//431
f 2946//431 3047//431 2947//431
f 2947//1248 3047//1248 3004//1248
f 3047//1253 3048//1253 3004//1253
f 3004//489 3048//489 3049//489
f 3004//489 3049//489 3005//489
f 3005//490 3049//490 3050//490
f 3005//490 3050//490 3006//490
f 3006//491 3050//491 3051//491
f 3006//491 3051//491 3007//491
f 3007//492 3051//492 3052//492
f 3007//492 3052//492 3008//492
f 3008//948 3052//948 3053//948
f 3008//948 3053//948 3009//948
f 3009//494 3053//494 3054//494
f 3009//494 3054//494 3010//494
f 3010//495 3054//495 3055//495
f 3010//495 3055//495 3011//495
f 3011//496 3055//496 3056//496
f 3011//496 3056//496 3012//496
f 3012//498 3056//498 3057//498
f 3012//498 3057//498 3013//498
f 3013//1307 3057//1307 3058//1307
f 3013//499 3058//499 3014//499
f 3014//1308 3058//1308 3059//1308
f 3014//951 3059//951 3015//951
f 3015//445 3059//445 3060//445
f 3015//445 3060//445 3016//445
f 3016//446 3060//446 3061//446
f 3016//446 3061//446 3017//446
f 3017//447 3061//447 3062//447
f 3017//447 3062//447 3018//447
f 3018//1309 3062//1309 3063//1309
f 3018//448 3063//448 3019//448
f 3019//450 3063//450 3064//450
f 3019//449 3064//449 3020//449
f 3020//451 3064//451 3065//451
f 3020//451 3065//451 3021//451
f 3021//452 3065//452 3066//452
f 3021//1310 3066//1310 3022//1310
f 3022//952 3066//952 3067//952
f 3022//454 3067//454 3023//454
f 3023//455 3067//455 3068//455
f 3023//455 3068//455 3024//455
f 3024//953 3068//953 3069//953
f 3024//457 3069//457 3025//457
f 3025//1254 3069//1254 3070//1254
f 3025//458 3070//458 3026//458
f 3026//460 3070//460 3071//460
f 3026//460 3071//460 3027//460
f 3027//461 3071//461 3072//461
f 3027//461 3072//461 3028//461
f 3028//462 3072//462 3073//462
f 3028//462 3073//462 3029//462
f 3029//463 3073//463 3074//463
f 3029//463 3074//463 3030//463
f 3030//1255 3074//1255 3075//1255
f 3030//464 3075//464 3031//464
f 3031//465 3075//465 3076//465
f 3031//465 3076//465 3032//465
f 3032//466 3076//466 3077//466
f 3032//467 3077//467 3033//467
f 3033//468 3077//468 3078//468
f 3033//468 3078//468 3034//468
f 3034//469 3078//469 3079//469
f 3034//469 3079//469 3035//469
f 3035//471 3079//471 3080//471
f 3035//471 3080//471 3036//471
f 3036//472 3080//472 3081//472
f 3036//944 3081//944 3037//944
f 3037//474 3081//474 3082//474
f 3037//474 3082//474 3038//474
f 3038//475 3082//475 3083//475
f 3038//475 3083//475 3039//475
f 3039//476 3083//476 3084//476
f 3039//476 3084//476 3040//476
f 3040//477 3084//477 3085//477
f 3040//477 3085//477 3041//477
f 3041//478 3085//478 3086//478
f 3041//478 3086//478 3042//478
f 3042//479 3086//479 3087//479
f 3042//479 3087//479 3043//479
f 3043//481 3087//481 3088//481
f 3043//481 3088//481 3044//481
f 3044//482 3088//482 3089//482
f 3044//483 3089//483 3045//483
f 3045//484 3089//484 3090//484
f 3045//484 3090//484 3046//484
f 3046//485 3090//485 3091//485
f 3046//486 3091//486 3047//486
f 3047//1253 3091//1253 3048//1253
f 3091//535 2839//535 3048//535
f 3048//536 2839//536 2838//536
f 3048//536 2838//536 3049//536
f 3049//537 2838//537 2848//537
f 3049//537 2848//537 3050//537
f 3050//538 2848//538 2847//538
f 3050//538 2847//538 3051//538
f 3051//539 2847//539 2846//539
f 3051//539 2846//539 3052//539
f 3052//541 2846//541 2845//541
f 3052//541 2845//541 3053//541
f 3053//542 2845//542 2844//542
f 3053//1311 2844//1311 3054//1311
f 3054//543 2844//543 2842//543
f 3054//543 2842//543 3055//543
f 3055//544 2842//544 2841//544
f 3055//544 2841//544 3056//544
f 3056//545 2841//545 2856//545
f 3056//545 2856//545 3057//545
f 3057//546 2856//546 2855//546
f 3057//546 2855//546 3058//546
f 3058//501 2855//501 2854//501
f 3058//501 2854//501 3059//501
f 3059//502 2854//502 2853//502
f 3059//502 2853//502 3060//502
f 3060//503 2853//503 2852//503
f 3060//503 2852//503 3061//503
f 3061//504 2852//504 2850//504
f 3061//504 2850//504 3062//504
f 3062//505 2850//505 2849//505
f 3062//505 2849//505 3063//505
f 3063//506 2849//506 2865//506
f 3063//506 2865//506 3064//506
f 3064//1312 2865//1312 2864//1312
f 3064//507 2864//507 3065//507
f 3065//508 2864//508 2863//508
f 3065//508 2863//508 3066//508
f 3066//509 2863//509 2862//509
f 3066//509 2862//509 3067//509
f 3067//510 2862//510 2861//510
f 3067//510 2861//510 3068//510
f 3068//511 2861//511 2868//511
f 3068//511 2868//511 3069//511
f 3069//512 2868//512 2867//512
f 3069//512 2867//512 3070//512
f 3070//513 2867//513 2866//513
f 3070//513 2866//513 3071//513
f 3071//514 2866//514 2881//514
f 3071//514 2881//514 3072//514
f 3072//515 2881//515 2880//515
f 3072//515 2880//515 3073//515
f 3073//517 2880//517 2879//517
f 3073//516 2879//516 3074//516
f 3074//518 2879//518 2873//518
f 3074//518 2873//518 3075//518
f 3075//519 2873//519 2872//519
f 3075//519 2872//519 3076//519
f 3076//520 2872//520 2870//520
f 3076//520 2870//520 3077//520
f 3077//521 2870//521 2869//521
f 3077//521 2869//521 3078//521
f 3078//522 2869//522 2887//522
f 3078//522 2887//522 3079//522
f 3079//523 2887//523 2886//523
f 3079//523 2886//523 3080//523
f 3080//524 2886//524 2885//524
f 3080//524 2885//524 3081//524
f 3081//525 2885//525 2884//525
f 3081//525 2884//525 3082//525
f 3082//526 2884//526 2883//526
f 3082//526 2883//526 3083//526
f 3083//527 2883//527 2882//527
f 3083//527 2882//527 3084//527
f 3084//528 2882//528 2878//528
f 3084//528 2878//528 3085//528
f 3085//529 2878//529 2877//529
f 3085//529 2877//529 3086//529
f 3086//530 2877//530 2875//530
f 3086//530 2875//530 3087//530
f 3087//531 2875//531 2874//531
f 3087//531 2874//531 3088//531
f 3088//532 2874//532 2859//532
f 3088//532 2859//532 3089//532
f 3089//533 2859//533 2858//533
f 3089//533 2858//533 3090//533
f 3090//534 2858//534 2857//534
f 3090//534 2857//534 3091//534
f 3091//535 2857//535 2839//535
f 2985//553 2995//553 2970//553
f 2970//556 2995//556 3000//556
f 2970//556 3000//556 2971//556
f 2971//557 3000//557 2999//557
f 2971//557 2999//557 2972//557
f 2972//558 2999//558 2998//558
f 2972//558 2998//558 2973//558
f 2973//560 2998//560 3002//560
f 2973//560 3002//560 2974//560
f 2974//561 3002//561 3001//561
f 2974//561 3001//561 2975//561
f 2975//563 3001//563 2987//563
f 2975//563 2987//563 2976//563
f 2976//565 2987//565 2986//565
f 2976//564 2986//564 2977//564
f 2977//566 2986//566 2991//566
f 2977//566 2991//566 2978//566
f 2978//567 2991//567 2990//567
f 2978//567 2990//567 2979//567
f 2979//569 2990//569 2989//569
f 2979//569 2989//569 2980//569
f 2980//570 2989//570 2994//570
f 2980//1259 2994//1259 2981//1259
f 2981//547 2994//547 2993//547
f 2981//547 2993//547 2982//547
f 2982//548 2993//548 2992//548
f 2982//1260 2992//1260 2983//1260
f 2983//550 2992//550 2997//550
f 2983//550 2997//550 2984//550
f 2984//552 2997//552 2996//552
f 2984//552 2996//552 2985//552
f 2985//553 2996//553 2995//553
f 3092//1 3093//1 3094//1
f 3094//1 3095//1 3092//1
f 3092//1 3095//1 3096//1
f 3092//1 3096//1 3097//1
f 3098//1 3099//1 3100//1
f 3100//1 3099//1 3101//1
f 3100//1 3101//1 3093//1
f 3102//1 3103//1 3104//1
f 3104//1 3105//1 3102//1
f 3102//1 3105//1 3106//1
f 3102//1 3106//1 3098//1
f 3107//1 3108//1 3109//1
f 3109//1 3108//1 3110//1
f 3109//1 3110//1 3103//1
f 3111//1 3112//1 3113//1
f 3113//1 3114//1 3111//1
f 3111//1 3114//1 3115//1
f 3111//284 3115//284 3107//284
f 3097//1 3116//1 3117//1
f 3117//1 3116//1 3118//1
f 3117//1 3118//1 3112//1
f 3119//1 3120//1 3121//1
f 3122//1 3123//1 3124//1
f 3124//1 3123//1 3125//1
f 3126//1 3127//1 3128//1
f 3128//1 3127//1 3129//1
f 3120//1 3130//1 3121//1
f 3121//1 3130//1 3131//1
f 3121//1 3131//1 3132//1
f 3133//1 3134//1 3135//1
f 3135//1 3134//1 3136//1
f 3135//1 3136//1 3137//1
f 3138//1 3139//1 3140//1
f 3140//1 3139//1 3141//1
f 3140//1 3141//1 3135//1
f 3135//1 3141//1 3142//1
f 3135//1 3142//1 3133//1
f 3143//1 3144//1 3140//1
f 3140//1 3144//1 3145//1
f 3140//1 3145//1 3138//1
f 3146//1 3147//1 3148//1
f 3148//1 3147//1 3149//1
f 3148//1 3149//1 3150//1
f 3129//1 3151//1 3128//1
f 3128//1 3151//1 3152//1
f 3128//1 3152//1 3153//1
f 3132//1 3154//1 3121//1
f 3121//1 3154//1 3155//1
f 3121//1 3155//1 3140//1
f 3140//1 3155//1 3156//1
f 3140//1 3156//1 3143//1
f 3125//1 3157//1 3124//1
f 3124//1 3157//1 3158//1
f 3124//1 3158//1 3148//1
f 3148//1 3158//1 3159//1
f 3148//1 3159//1 3146//1
f 3137//1 3160//1 3135//1
f 3135//1 3160//1 3161//1
f 3135//1 3161//1 3128//1
f 3128//1 3161//1 3162//1
f 3128//1 3162//1 3126//1
f 3150//1 3163//1 3148//1
f 3148//1 3163//1 3164//1
f 3148//1 3164//1 3121//1
f 3121//1 3164//1 3165//1
f 3121//1 3165//1 3119//1
f 3153//1 3166//1 3128//1
f 3128//1 3166//1 3167//1
f 3128//1 3167//1 3124//1
f 3124//1 3167//1 3168//1
f 3124//1 3168//1 3122//1
f 3169//2 3170//2 3171//2
f 3171//2 3170//2 3172//2
f 3171//2 3172//2 3173//2
f 3173//2 3172//2 3174//2
f 3173//2 3174//2 3175//2
f 3176//2 3177//2 3178//2
f 3178//2 3177//2 3179//2
f 3178//2 3179//2 3169//2
f 3169//2 3179//2 3180//2
f 3169//2 3180//2 3170//2
f 3181//2 3182//2 3183//2
f 3183//2 3182//2 3184//2
f 3183//2 3184//2 3185//2
f 3185//2 3184//2 3186//2
f 3185//2 3186//2 3187//2
f 3174//2 3188//2 3175//2
f 3175//2 3188//2 3189//2
f 3175//2 3189//2 3190//2
f 3190//2 3189//2 3191//2
f 3190//2 3191//2 3192//2
f 3192//2 3191//2 3193//2
f 3192//2 3193//2 3194//2
f 3186//2 3195//2 3187//2
f 3187//2 3195//2 3196//2
f 3187//2 3196//2 3197//2
f 3197//2 3196//2 3198//2
f 3197//2 3198//2 3199//2
f 3199//2 3198//2 3200//2
f 3199//2 3200//2 3176//2
f 3176//2 3200//2 3201//2
f 3176//2 3201//2 3177//2
f 3193//2 3202//2 3194//2
f 3194//2 3202//2 3203//2
f 3194//2 3203//2 3204//2
f 3204//2 3203//2 3205//2
f 3204//2 3205//2 3181//2
f 3181//2 3205//2 3206//2
f 3181//2 3206//2 3182//2
f 3188//1313 3174//1313 3207//1313
f 3207//621 3208//621 3188//621
f 3188//623 3208//623 3209//623
f 3188//1314 3209//1314 3189//1314
f 3209//1315 3210//1315 3189//1315
f 3189//626 3210//626 3211//626
f 3189//1316 3211//1316 3191//1316
f 3211//1263 3212//1263 3191//1263
f 3191//629 3212//629 3213//629
f 3191//1317 3213//1317 3193//1317
f 3213//1318 3214//1318 3193//1318
f 3193//632 3214//632 3215//632
f 3193//1319 3215//1319 3202//1319
f 3215//633 3216//633 3202//633
f 3202//635 3216//635 3217//635
f 3202//1320 3217//1320 3203//1320
f 3217//636 3218//636 3203//636
f 3203//572 3218//572 3219//572
f 3203//1321 3219//1321 3205//1321
f 3219//573 3220//573 3205//573
f 3205//575 3220//575 3221//575
f 3205//1322 3221//1322 3206//1322
f 3221//576 3222//576 3206//576
f 3206//578 3222//578 3223//578
f 3206//1020 3223//1020 3182//1020
f 3223//579 3224//579 3182//579
f 3182//581 3224//581 3225//581
f 3182//1323 3225//1323 3184//1323
f 3225//582 3226//582 3184//582
f 3184//584 3226//584 3227//584
f 3184//1324 3227//1324 3186//1324
f 3227//585 3228//585 3186//585
f 3186//587 3228//587 3229//587
f 3186//1325 3229//1325 3195//1325
f 3229//588 3230//588 3195//588
f 3195//590 3230//590 3231//590
f 3195//1326 3231//1326 3196//1326
f 3231//1327 3232//1327 3196//1327
f 3196//1328 3232//1328 3233//1328
f 3196//963 3233//963 3198//963
f 3233//594 3234//594 3198//594
f 3198//596 3234//596 3235//596
f 3198//1329 3235//1329 3200//1329
f 3235//597 3236//597 3200//597
f 3200//599 3236//599 3237//599
f 3200//1330 3237//1330 3201//1330
f 3237//600 3238//600 3201//600
f 3201//602 3238//602 3239//602
f 3201//1331 3239//1331 3177//1331
f 3239//603 3240//603 3177//603
f 3177//605 3240//605 3241//605
f 3177//1332 3241//1332 3179//1332
f 3241//606 3242//606 3179//606
f 3179//608 3242//608 3243//608
f 3179//1333 3243//1333 3180//1333
f 3243//609 3244//609 3180//609
f 3180//1262 3244//1262 3245//1262
f 3180//1334 3245//1334 3170//1334
f 3245//612 3246//612 3170//612
f 3170//614 3246//614 3247//614
f 3170//1335 3247//1335 3172//1335
f 3247//615 3248//615 3172//615
f 3172//617 3248//617 3249//617
f 3172//1336 3249//1336 3174//1336
f 3174//618 3249//618 3250//618
f 3174//620 3250//620 3207//620
f 3173//642 3251//642 3171//642
f 3171//643 3251//643 3252//643
f 3171//643 3252//643 3169//643
f 3169//1269 3252//1269 3253//1269
f 3169//1269 3253//1269 3178//1269
f 3178//645 3253//645 3254//645
f 3178//645 3254//645 3176//645
f 3176//646 3254//646 3255//646
f 3176//1266 3255//1266 3199//1266
f 3199//647 3255//647 3256//647
f 3199//647 3256//647 3197//647
f 3197//648 3256//648 3257//648
f 3197//1267 3257//1267 3187//1267
f 3187//649 3257//649 3258//649
f 3187//649 3258//649 3185//649
f 3185//650 3258//650 3259//650
f 3185//1032 3259//1032 3183//1032
f 3183//651 3259//651 3260//651
f 3183//651 3260//651 3181//651
f 3181//1268 3260//1268 3261//1268
f 3181//1268 3261//1268 3204//1268
f 3204//653 3261//653 3262//653
f 3204//653 3262//653 3194//653
f 3194//654 3262//654 3263//654
f 3194//654 3263//654 3192//654
f 3192//638 3263//638 3264//638
f 3192//638 3264//638 3190//638
f 3190//640 3264//640 3265//640
f 3190//640 3265//640 3175//640
f 3175//641 3265//641 3266//641
f 3175//641 3266//641 3173//641
f 3173//1031 3266//1031 3251//1031
f 3267//2 3268//2 3269//2
f 3270//2 3271//2 3269//2
f 3269//2 3271//2 3272//2
f 3269//2 3272//2 3267//2
f 3273//2 3274//2 3269//2
f 3269//2 3274//2 3275//2
f 3269//2 3275//2 3270//2
f 3276//2 3277//2 3269//2
f 3269//2 3277//2 3278//2
f 3269//2 3278//2 3273//2
f 3279//2 3280//2 3269//2
f 3269//2 3280//2 3281//2
f 3269//2 3281//2 3276//2
f 3268//2 3282//2 3269//2
f 3269//2 3282//2 3283//2
f 3269//2 3283//2 3279//2
f 3117//372 3140//372 3097//372
f 3097//372 3140//372 3135//372
f 3097//372 3135//372 3092//372
f 3111//367 3121//367 3112//367
f 3112//367 3121//367 3140//367
f 3112//367 3140//367 3117//367
f 3109//368 3148//368 3107//368
f 3107//368 3148//368 3121//368
f 3107//368 3121//368 3111//368
f 3102//369 3124//369 3103//369
f 3103//369 3124//369 3148//369
f 3103//369 3148//369 3109//369
f 3100//370 3128//370 3098//370
f 3098//370 3128//370 3124//370
f 3098//370 3124//370 3102//370
f 3092//371 3135//371 3093//371
f 3093//371 3135//371 3128//371
f 3093//371 3128//371 3100//371
f 3284//1244 3110//1244 3108//1244
f 3103//873 3110//873 3284//873
f 3284//874 3114//874 3113//874
f 3115//875 3114//875 3284//875
f 3107//1337 3115//1337 3284//1337
f 3284//877 3118//877 3116//877
f 3112//878 3118//878 3284//878
f 3284//880 3095//880 3094//880
f 3096//879 3095//879 3284//879
f 3097//881 3096//881 3284//881
f 3284//867 3101//867 3099//867
f 3093//868 3101//868 3284//868
f 3284//1243 3106//1243 3105//1243
f 3104//869 3284//869 3105//869
f 3098//871 3106//871 3284//871
f 3099//886 3098//886 3284//886
f 3094//887 3093//887 3284//887
f 3116//882 3097//882 3284//882
f 3113//1338 3112//1338 3284//1338
f 3108//884 3107//884 3284//884
f 3104//885 3103//885 3284//885
f 3228//713 3285//713 3229//713
f 3229//714 3285//714 3286//714
f 3229//714 3286//714 3230//714
f 3230//715 3286//715 3287//715
f 3230//715 3287//715 3231//715
f 3231//716 3287//716 3288//716
f 3231//716 3288//716 3232//716
f 3232//717 3288//717 3289//717
f 3232//1339 3289//1339 3233//1339
f 3233//1340 3289//1340 3290//1340
f 3233//1341 3290//1341 3234//1341
f 3234//719 3290//719 3291//719
f 3234//719 3291//719 3235//719
f 3235//720 3291//720 3292//720
f 3235//720 3292//720 3236//720
f 3236//721 3292//721 3293//721
f 3236//721 3293//721 3237//721
f 3237//722 3293//722 3294//722
f 3237//722 3294//722 3238//722
f 3238//723 3294//723 3295//723
f 3238//723 3295//723 3239//723
f 3239//676 3295//676 3296//676
f 3239//676 3296//676 3240//676
f 3240//677 3296//677 3297//677
f 3240//677 3297//677 3241//677
f 3241//678 3297//678 3298//678
f 3241//678 3298//678 3242//678
f 3242//679 3298//679 3299//679
f 3242//679 3299//679 3243//679
f 3243//1276 3299//1276 3300//1276
f 3243//680 3300//680 3244//680
f 3244//682 3300//682 3301//682
f 3244//682 3301//682 3245//682
f 3245//684 3301//684 3302//684
f 3245//684 3302//684 3246//684
f 3246//685 3302//685 3303//685
f 3246//685 3303//685 3247//685
f 3247//686 3303//686 3304//686
f 3247//686 3304//686 3248//686
f 3248//687 3304//687 3305//687
f 3248//687 3305//687 3249//687
f 3249//688 3305//688 3306//688
f 3249//688 3306//688 3250//688
f 3250//689 3306//689 3307//689
f 3250//689 3307//689 3207//689
f 3207//690 3307//690 3308//690
f 3207//690 3308//690 3208//690
f 3208//691 3308//691 3309//691
f 3208//691 3309//691 3209//691
f 3209//692 3309//692 3310//692
f 3209//692 3310//692 3210//692
f 3210//693 3310//693 3311//693
f 3210//1342 3311//1342 3211//1342
f 3211//694 3311//694 3312//694
f 3211//1343 3312//1343 3212//1343
f 3212//1344 3312//1344 3313//1344
f 3212//695 3313//695 3213//695
f 3213//696 3313//696 3314//696
f 3213//696 3314//696 3214//696
f 3214//697 3314//697 3315//697
f 3214//697 3315//697 3215//697
f 3215//698 3315//698 3316//698
f 3215//698 3316//698 3216//698
f 3216//1345 3316//1345 3317//1345
f 3216//1345 3317//1345 3217//1345
f 3217//700 3317//700 3318//700
f 3217//700 3318//700 3218//700
f 3218//701 3318//701 3319//701
f 3218//701 3319//701 3219//701
f 3219//702 3319//702 3320//702
f 3219//702 3320//702 3220//702
f 3220//703 3320//703 3321//703
f 3220//703 3321//703 3221//703
f 3221//704 3321//704 3322//704
f 3221//704 3322//704 3222//704
f 3222//705 3322//705 3323//705
f 3222//705 3323//705 3223//705
f 3223//706 3323//706 3324//706
f 3223//706 3324//706 3224//706
f 3224//707 3324//707 3325//707
f 3224//707 3325//707 3225//707
f 3225//708 3325//708 3326//708
f 3225//708 3326//708 3226//708
f 3226//709 3326//709 3327//709
f 3226//709 3327//709 3227//709
f 3227//711 3327//711 3328//711
f 3227//712 3328//712 3228//712
f 3228//713 3328//713 3285//713
f 3328//761 3329//761 3285//761
f 3285//762 3329//762 3330//762
f 3285//762 3330//762 3286//762
f 3286//763 3330//763 3331//763
f 3286//763 3331//763 3287//763
f 3287//764 3331//764 3332//764
f 3287//764 3332//764 3288//764
f 3288//765 3332//765 3333//765
f 3288//765 3333//765 3289//765
f 3289//766 3333//766 3334//766
f 3289//766 3334//766 3290//766
f 3290//767 3334//767 3335//767
f 3290//767 3335//767 3291//767
f 3291//768 3335//768 3336//768
f 3291//768 3336//768 3292//768
f 3292//769 3336//769 3337//769
f 3292//770 3337//770 3293//770
f 3293//771 3337//771 3338//771
f 3293//771 3338//771 3294//771
f 3294//772 3338//772 3339//772
f 3294//772 3339//772 3295//772
f 3295//724 3339//724 3340//724
f 3295//724 3340//724 3296//724
f 3296//725 3340//725 3341//725
f 3296//725 3341//725 3297//725
f 3297//726 3341//726 3342//726
f 3297//726 3342//726 3298//726
f 3298//727 3342//727 3343//727
f 3298//727 3343//727 3299//727
f 3299//728 3343//728 3344//728
f 3299//728 3344//728 3300//728
f 3300//730 3344//730 3345//730
f 3300//729 3345//729 3301//729
f 3301//731 3345//731 3346//731
f 3301//731 3346//731 3302//731
f 3302//732 3346//732 3347//732
f 3302//732 3347//732 3303//732
f 3303//734 3347//734 3348//734
f 3303//734 3348//734 3304//734
f 3304//735 3348//735 3349//735
f 3304//735 3349//735 3305//735
f 3305//736 3349//736 3350//736
f 3305//736 3350//736 3306//736
f 3306//738 3350//738 3351//738
f 3306//738 3351//738 3307//738
f 3307//739 3351//739 3352//739
f 3307//739 3352//739 3308//739
f 3308//740 3352//740 3353//740
f 3308//740 3353//740 3309//740
f 3309//741 3353//741 3354//741
f 3309//741 3354//741 3310//741
f 3310//742 3354//742 3355//742
f 3310//742 3355//742 3311//742
f 3311//743 3355//743 3356//743
f 3311//743 3356//743 3312//743
f 3312//744 3356//744 3357//744
f 3312//744 3357//744 3313//744
f 3313//745 3357//745 3358//745
f 3313//745 3358//745 3314//745
f 3314//1281 3358//1281 3359//1281
f 3314//746 3359//746 3315//746
f 3315//747 3359//747 3360//747
f 3315//747 3360//747 3316//747
f 3316//748 3360//748 3361//748
f 3316//748 3361//748 3317//748
f 3317//749 3361//749 3362//749
f 3317//749 3362//749 3318//749
f 3318//750 3362//750 3363//750
f 3318//750 3363//750 3319//750
f 3319//751 3363//751 3364//751
f 3319//1346 3364//1346 3320//1346
f 3320//752 3364//752 3365//752
f 3320//752 3365//752 3321//752
f 3321//753 3365//753 3366//753
f 3321//753 3366//753 3322//753
f 3322//755 3366//755 3367//755
f 3322//755 3367//755 3323//755
f 3323//756 3367//756 3368//756
f 3323//756 3368//756 3324//756
f 3324//757 3368//757 3369//757
f 3324//757 3369//757 3325//757
f 3325//758 3369//758 3370//758
f 3325//758 3370//758 3326//758
f 3326//759 3370//759 3371//759
f 3326//759 3371//759 3327//759
f 3327//760 3371//760 3372//760
f 3327//760 3372//760 3328//760
f 3328//761 3372//761 3329//761
f 3372//809 3144//809 3329//809
f 3329//811 3144//811 3143//811
f 3329//811 3143//811 3330//811
f 3330//812 3143//812 3156//812
f 3330//812 3156//812 3331//812
f 3331//813 3156//813 3155//813
f 3331//813 3155//813 3332//813
f 3332//814 3155//814 3154//814
f 3332//1347 3154//1347 3333//1347
f 3333//1348 3154//1348 3132//1348
f 3333//815 3132//815 3334//815
f 3334//816 3132//816 3131//816
f 3334//816 3131//816 3335//816
f 3335//817 3131//817 3130//817
f 3335//817 3130//817 3336//817
f 3336//818 3130//818 3120//818
f 3336//818 3120//818 3337//818
f 3337//819 3120//819 3119//819
f 3337//819 3119//819 3338//819
f 3338//820 3119//820 3165//820
f 3338//1283 3165//1283 3339//1283
f 3339//1349 3165//1349 3164//1349
f 3339//773 3164//773 3340//773
f 3340//774 3164//774 3163//774
f 3340//774 3163//774 3341//774
f 3341//775 3163//775 3150//775
f 3341//775 3150//775 3342//775
f 3342//776 3150//776 3149//776
f 3342//776 3149//776 3343//776
f 3343//777 3149//777 3147//777
f 3343//777 3147//777 3344//777
f 3344//778 3147//778 3146//778
f 3344//778 3146//778 3345//778
f 3345//779 3146//779 3159//779
f 3345//779 3159//779 3346//779
f 3346//780 3159//780 3158//780
f 3346//780 3158//780 3347//780
f 3347//781 3158//781 3157//781
f 3347//781 3157//781 3348//781
f 3348//782 3157//782 3125//782
f 3348//782 3125//782 3349//782
f 3349//783 3125//783 3123//783
f 3349//784 3123//784 3350//784
f 3350//786 3123//786 3122//786
f 3350//786 3122//786 3351//786
f 3351//787 3122//787 3168//787
f 3351//787 3168//787 3352//787
f 3352//788 3168//788 3167//788
f 3352//788 3167//788 3353//788
f 3353//789 3167//789 3166//789
f 3353//789 3166//789 3354//789
f 3354//790 3166//790 3153//790
f 3354//790 3153//790 3355//790
f 3355//791 3153//791 3152//791
f 3355//1350 3152//1350 3356//1350
f 3356//792 3152//792 3151//792
f 3356//792 3151//792 3357//792
f 3357//793 3151//793 3129//793
f 3357//793 3129//793 3358//793
f 3358//794 3129//794 3127//794
f 3358//794 3127//794 3359//794
f 3359//795 3127//795 3126//795
f 3359//795 3126//795 3360//795
f 3360//796 3126//796 3162//796
f 3360//797 3162//797 3361//797
f 3361//798 3162//798 3161//798
f 3361//1351 3161//1351 3362//1351
f 3362//799 3161//799 3160//799
f 3362//799 3160//799 3363//799
f 3363//800 3160//800 3137//800
f 3363//800 3137//800 3364//800
f 3364//801 3137//801 3136//801
f 3364//801 3136//801 3365//801
f 3365//802 3136//802 3134//802
f 3365//802 3134//802 3366//802
f 3366//803 3134//803 3133//803
f 3366//803 3133//803 3367//803
f 3367//804 3133//804 3142//804
f 3367//804 3142//804 3368//804
f 3368//805 3142//805 3141//805
f 3368//805 3141//805 3369//805
f 3369//806 3141//806 3139//806
f 3369//806 3139//806 3370//806
f 3370//807 3139//807 3138//807
f 3370//807 3138//807 3371//807
f 3371//808 3138//808 3145//808
f 3371//1282 3145//1282 3372//1282
f 3372//809 3145//809 3144//809
f 3266//825 3276//825 3251//825
f 3251//827 3276//827 3281//827
f 3251//827 3281//827 3252//827
f 3252//828 3281//828 3280//828
f 3252//828 3280//828 3253//828
f 3253//829 3280//829 3279//829
f 3253//829 3279//829 3254//829
f 3254//830 3279//830 3283//830
f 3254//830 3283//830 3255//830
f 3255//831 3283//831 3282//831
f 3255//831 3282//831 3256//831
f 3256//832 3282//832 3268//832
f 3256//832 3268//832 3257//832
f 3257//833 3268//833 3267//833
f 3257//833 3267//833 3258//833
f 3258//1221 3267//1221 3272//1221
f 3258//1221 3272//1221 3259//1221
f 3259//836 3272//836 3271//836
f 3259//836 3271//836 3260//836
f 3260//837 3271//837 3270//837
f 3260//1352 3270//1352 3261//1352
f 3261//839 3270//839 3275//839
f 3261//839 3275//839 3262//839
f 3262//821 3275//821 3274//821
f 3262//821 3274//821 3263//821
f 3263//822 3274//822 3273//822
f 3263//822 3273//822 3264//822
f 3264//823 3273//823 3278//823
f 3264//823 3278//823 3265//823
f 3265//824 3278//824 3277//824
f 3265//824 3277//824 3266//824
f 3266//825 3277//825 3276//825
f 3373//1 3374//1 3375//1
f 3375//1 3374//1 3376//1
f 3377//1 3378//1 3379//1
f 3380//1 3381//1 3382//1
f 3383//1 3384//1 3385//1
f 3386//1 3387//1 3388//1
f 3380//1 3382//1 3389//1
f 3390//1 3391//1 3376//1
f 3392//1 3393//1 3394//1
f 3395//1 3396//1 3384//1
f 3397//1 3398//1 3399//1
f 3400//1 3401//1 3402//1
f 3402//1 3401//1 3403//1
f 3402//1 3403//1 3404//1
f 3374//1 3405//1 3376//1
f 3376//1 3405//1 3406//1
f 3376//1 3406//1 3407//1
f 3394//1 3393//1 3378//1
f 3378//1 3393//1 3408//1
f 3378//1 3408//1 3379//1
f 3382//1 3409//1 3389//1
f 3389//1 3409//1 3410//1
f 3389//1 3410//1 3384//1
f 3384//1 3410//1 3411//1
f 3384//1 3411//1 3412//1
f 3398//1 3413//1 3399//1
f 3399//1 3413//1 3414//1
f 3399//1 3414//1 3400//1
f 3400//1 3414//1 3415//1
f 3400//1 3415//1 3401//1
f 3416//1 3417//1 3402//1
f 3402//1 3417//1 3418//1
f 3419//1 3420//1 3402//1
f 3402//1 3420//1 3421//1
f 3402//1 3421//1 3422//1
f 3422//1 3421//1 3423//1
f 3422//1 3423//1 3424//1
f 3424//1 3423//1 3425//1
f 3426//1 3427//1 3428//1
f 3386//1 3388//1 3429//1
f 3429//1 3388//1 3430//1
f 3429//1 3430//1 3431//1
f 3379//1 3432//1 3377//1
f 3377//1 3432//1 3433//1
f 3377//1 3433//1 3434//1
f 3396//1 3435//1 3384//1
f 3384//1 3435//1 3436//1
f 3384//1 3436//1 3385//1
f 3385//1 3437//1 3383//1
f 3383//1 3437//1 3438//1
f 3383//1 3438//1 3439//1
f 3439//1 3438//1 3440//1
f 3439//1 3440//1 3399//1
f 3399//1 3440//1 3441//1
f 3399//1 3441//1 3442//1
f 3443//1 3444//1 3445//1
f 3446//1 3447//1 3448//1
f 3448//1 3447//1 3449//1
f 3448//1 3449//1 3450//1
f 3450//1 3449//1 3451//1
f 3450//1 3451//1 3386//1
f 3386//1 3451//1 3452//1
f 3386//1 3452//1 3387//1
f 3453//1 3454//1 3377//1
f 3377//1 3454//1 3455//1
f 3377//1 3455//1 3456//1
f 3457//1 3416//1 3458//1
f 3458//1 3416//1 3402//1
f 3458//1 3402//1 3459//1
f 3459//1 3402//1 3404//1
f 3460//1 3461//1 3462//1
f 3445//1 3444//1 3463//1
f 3464//1 3465//1 3430//1
f 3430//1 3465//1 3466//1
f 3430//1 3466//1 3431//1
f 3429//1 3467//1 3386//1
f 3386//1 3467//1 3468//1
f 3386//1 3468//1 3469//1
f 3373//1 3375//1 3470//1
f 3470//1 3375//1 3471//1
f 3470//1 3471//1 3472//1
f 3472//1 3471//1 3386//1
f 3472//1 3386//1 3473//1
f 3473//1 3386//1 3469//1
f 3473//1 3469//1 3474//1
f 3475//1 3390//1 3476//1
f 3476//1 3390//1 3376//1
f 3476//1 3376//1 3477//1
f 3477//1 3376//1 3407//1
f 3391//1 3478//1 3376//1
f 3376//1 3478//1 3479//1
f 3376//1 3479//1 3480//1
f 3394//1 3481//1 3392//1
f 3392//1 3481//1 3376//1
f 3392//1 3376//1 3482//1
f 3482//1 3376//1 3480//1
f 3482//1 3480//1 3483//1
f 3456//1 3484//1 3377//1
f 3377//1 3484//1 3485//1
f 3377//1 3485//1 3486//1
f 3381//1 3380//1 3487//1
f 3487//1 3380//1 3377//1
f 3487//1 3377//1 3488//1
f 3488//1 3377//1 3486//1
f 3488//1 3486//1 3489//1
f 3490//1 3395//1 3491//1
f 3491//1 3395//1 3384//1
f 3491//1 3384//1 3492//1
f 3492//1 3384//1 3412//1
f 3493//1 3494//1 3495//1
f 3495//1 3494//1 3435//1
f 3495//1 3435//1 3496//1
f 3496//1 3435//1 3396//1
f 3442//1 3497//1 3498//1
f 3499//1 3419//1 3500//1
f 3500//1 3419//1 3402//1
f 3500//1 3402//1 3501//1
f 3501//1 3402//1 3418//1
f 3502//1 3503//1 3504//1
f 3505//1 3506//1 3507//1
f 3508//1 3509//1 3510//1
f 3511//1 3512//1 3508//1
f 3444//1 3513//1 3463//1
f 3463//1 3513//1 3514//1
f 3463//1 3514//1 3448//1
f 3448//1 3514//1 3515//1
f 3448//1 3515//1 3516//1
f 3498//1 3517//1 3442//1
f 3442//1 3517//1 3518//1
f 3442//1 3518//1 3399//1
f 3399//1 3518//1 3519//1
f 3399//1 3519//1 3397//1
f 3520//1 3521//1 3522//1
f 3522//1 3521//1 3397//1
f 3522//1 3397//1 3523//1
f 3523//1 3397//1 3519//1
f 3428//1 3427//1 3524//1
f 3524//1 3427//1 3525//1
f 3524//1 3525//1 3504//1
f 3504//1 3525//1 3526//1
f 3504//1 3526//1 3527//1
f 3460//1 3462//1 3528//1
f 3505//1 3507//1 3529//1
f 3530//1 3531//1 3448//1
f 3448//1 3531//1 3532//1
f 3434//1 3533//1 3377//1
f 3377//1 3533//1 3534//1
f 3377//1 3534//1 3453//1
f 3424//1 3535//1 3536//1
f 3502//1 3504//1 3537//1
f 3538//1 3539//1 3540//1
f 3540//1 3541//1 3509//1
f 3509//1 3541//1 3542//1
f 3509//1 3542//1 3510//1
f 3425//1 3543//1 3424//1
f 3424//1 3543//1 3544//1
f 3424//1 3544//1 3535//1
f 3535//1 3544//1 3545//1
f 3535//1 3545//1 3546//1
f 3507//1 3547//1 3529//1
f 3529//1 3547//1 3548//1
f 3529//1 3548//1 3540//1
f 3540//1 3548//1 3549//1
f 3540//1 3549//1 3550//1
f 3551//1 3530//1 3552//1
f 3552//1 3530//1 3448//1
f 3552//1 3448//1 3553//1
f 3553//1 3448//1 3516//1
f 3503//1 3554//1 3504//1
f 3504//1 3554//1 3555//1
f 3504//1 3555//1 3556//1
f 3461//1 3460//1 3557//1
f 3557//1 3460//1 3558//1
f 3557//1 3558//1 3559//1
f 3559//1 3558//1 3504//1
f 3559//1 3504//1 3560//1
f 3560//1 3504//1 3556//1
f 3560//1 3556//1 3561//1
f 3539//1 3562//1 3540//1
f 3540//1 3562//1 3563//1
f 3540//1 3563//1 3541//1
f 3564//1 3565//1 3566//1
f 3512//1 3567//1 3508//1
f 3508//1 3567//1 3568//1
f 3508//1 3568//1 3569//1
f 3570//1 3446//1 3571//1
f 3571//1 3446//1 3448//1
f 3571//1 3448//1 3572//1
f 3572//1 3448//1 3532//1
f 3573//1 3574//1 3545//1
f 3545//1 3574//1 3575//1
f 3545//1 3575//1 3546//1
f 3426//1 3428//1 3576//1
f 3576//1 3428//1 3577//1
f 3576//1 3577//1 3578//1
f 3578//1 3577//1 3424//1
f 3578//1 3424//1 3579//1
f 3579//1 3424//1 3536//1
f 3579//1 3536//1 3580//1
f 3527//1 3581//1 3504//1
f 3504//1 3581//1 3582//1
f 3504//1 3582//1 3537//1
f 3583//1 3584//1 3585//1
f 3510//1 3586//1 3508//1
f 3508//1 3586//1 3587//1
f 3508//1 3587//1 3511//1
f 3511//1 3587//1 3564//1
f 3511//1 3564//1 3588//1
f 3588//1 3564//1 3566//1
f 3588//1 3566//1 3589//1
f 3443//1 3445//1 3590//1
f 3590//1 3445//1 3508//1
f 3590//1 3508//1 3591//1
f 3591//1 3508//1 3569//1
f 3591//1 3569//1 3592//1
f 3580//1 3593//1 3579//1
f 3579//1 3593//1 3594//1
f 3579//1 3594//1 3595//1
f 3462//1 3596//1 3528//1
f 3528//1 3596//1 3597//1
f 3528//1 3597//1 3598//1
f 3598//1 3597//1 3583//1
f 3598//1 3583//1 3599//1
f 3599//1 3583//1 3585//1
f 3599//1 3585//1 3600//1
f 3598//1 3601//1 3528//1
f 3528//1 3601//1 3602//1
f 3528//1 3602//1 3603//1
f 3506//1 3505//1 3604//1
f 3604//1 3505//1 3528//1
f 3604//1 3528//1 3605//1
f 3605//1 3528//1 3603//1
f 3605//1 3603//1 3606//1
f 3607//1 3538//1 3608//1
f 3608//1 3538//1 3540//1
f 3608//1 3540//1 3609//1
f 3609//1 3540//1 3550//1
f 3610//1 3611//1 3612//1
f 3612//1 3611//1 3562//1
f 3612//1 3562//1 3613//1
f 3613//1 3562//1 3539//1
f 3614//1353 3615//1353 3616//1353
f 3617//1354 3618//1354 3619//1354
f 3619//1355 3618//1355 3620//1355
f 3621//1356 3622//1356 3623//1356
f 3623//1357 3622//1357 3624//1357
f 3623//1358 3624//1358 3625//1358
f 3626//1359 3627//1359 3624//1359
f 3624//1360 3627//1360 3628//1360
f 3624//1361 3628//1361 3625//1361
f 3629//1362 3615//1362 3630//1362
f 3630//1363 3615//1363 3614//1363
f 3630//1364 3614//1364 3631//1364
f 3631//1365 3614//1365 3632//1365
f 3631//1366 3632//1366 3633//1366
f 3634//1367 3635//1367 3636//1367
f 3633//1368 3632//1368 3636//1368
f 3636//1369 3632//1369 3637//1369
f 3636//1370 3637//1370 3634//1370
f 3638//1371 3639//1371 3640//1371
f 3640//1372 3639//1372 3641//1372
f 3641//1373 3639//1373 3642//1373
f 3641//1374 3642//1374 3643//1374
f 3644//1375 3645//1375 3646//1375
f 3646//1376 3645//1376 3619//1376
f 3646//1376 3619//1376 3647//1376
f 3647//1377 3619//1377 3620//1377
f 3647//1378 3620//1378 3648//1378
f 3649//1379 3650//1379 3644//1379
f 3644//1380 3650//1380 3651//1380
f 3644//1375 3651//1375 3645//1375
f 3644//1381 3652//1381 3649//1381
f 3649//1382 3652//1382 3653//1382
f 3649//1382 3653//1382 3640//1382
f 3640//1383 3653//1383 3654//1383
f 3640//1384 3654//1384 3638//1384
f 3643//1385 3655//1385 3641//1385
f 3641//1386 3655//1386 3656//1386
f 3641//1387 3656//1387 3657//1387
f 3657//1388 3656//1388 3658//1388
f 3657//1389 3658//1389 3659//1389
f 3659//1390 3658//1390 3660//1390
f 3658//1391 3661//1391 3660//1391
f 3660//1392 3661//1392 3662//1392
f 3660//1392 3662//1392 3663//1392
f 3663//1393 3662//1393 3664//1393
f 3663//1393 3664//1393 3634//1393
f 3634//1394 3664//1394 3665//1394
f 3634//1395 3665//1395 3635//1395
f 3624//1396 3666//1396 3626//1396
f 3626//1397 3666//1397 3667//1397
f 3626//1397 3667//1397 3668//1397
f 3668//1398 3667//1398 3669//1398
f 3668//1399 3669//1399 3616//1399
f 3616//1400 3669//1400 3670//1400
f 3616//1353 3670//1353 3614//1353
f 3671//1401 3672//1401 3673//1401
f 3673//1402 3672//1402 3622//1402
f 3673//1403 3622//1403 3621//1403
f 3618//1404 3617//1404 3674//1404
f 3674//1405 3617//1405 3675//1405
f 3674//1406 3675//1406 3676//1406
f 3677//1407 3678//1407 3675//1407
f 3675//1408 3678//1408 3679//1408
f 3675//1409 3679//1409 3676//1409
f 3680//1410 3681//1410 3682//1410
f 3682//1411 3681//1411 3683//1411
f 3682//1412 3683//1412 3684//1412
f 3684//1413 3683//1413 3685//1413
f 3685//1414 3683//1414 3686//1414
f 3685//1415 3686//1415 3687//1415
f 3688//1416 3689//1416 3690//1416
f 3690//1417 3689//1417 3691//1417
f 3690//1418 3691//1418 3692//1418
f 3693//1419 3694//1419 3695//1419
f 3695//1420 3694//1420 3696//1420
f 3695//1421 3696//1421 3690//1421
f 3690//1422 3696//1422 3697//1422
f 3690//1423 3697//1423 3688//1423
f 3693//1424 3695//1424 3698//1424
f 3698//1425 3695//1425 3699//1425
f 3698//1425 3699//1425 3700//1425
f 3700//1426 3699//1426 3701//1426
f 3700//1426 3701//1426 3702//1426
f 3702//1427 3701//1427 3703//1427
f 3702//1427 3703//1427 3704//1427
f 3704//1428 3703//1428 3672//1428
f 3704//1428 3672//1428 3705//1428
f 3705//1429 3672//1429 3671//1429
f 3705//1430 3671//1430 3706//1430
f 3691//1431 3707//1431 3692//1431
f 3692//1432 3707//1432 3708//1432
f 3692//1432 3708//1432 3709//1432
f 3709//1433 3708//1433 3710//1433
f 3709//1433 3710//1433 3711//1433
f 3711//1434 3710//1434 3712//1434
f 3711//1434 3712//1434 3686//1434
f 3686//1435 3712//1435 3713//1435
f 3686//1436 3713//1436 3687//1436
f 3675//1437 3714//1437 3677//1437
f 3677//1438 3714//1438 3715//1438
f 3677//1438 3715//1438 3716//1438
f 3716//1439 3715//1439 3717//1439
f 3716//1439 3717//1439 3718//1439
f 3718//1440 3717//1440 3681//1440
f 3718//1440 3681//1440 3719//1440
f 3719//1441 3681//1441 3680//1441
f 3719//1442 3680//1442 3720//1442
f 3721//2 3654//2 3653//2
f 3646//2 3722//2 3644//2
f 3644//2 3722//2 3723//2
f 3644//2 3723//2 3652//2
f 3647//2 3648//2 3724//2
f 3723//2 3725//2 3652//2
f 3652//2 3725//2 3726//2
f 3652//2 3726//2 3653//2
f 3653//2 3726//2 3727//2
f 3653//2 3727//2 3721//2
f 3721//2 3727//2 3728//2
f 3724//2 3729//2 3647//2
f 3647//2 3729//2 3730//2
f 3647//2 3730//2 3646//2
f 3646//2 3730//2 3731//2
f 3646//2 3731//2 3722//2
f 3732//2 3733//2 3734//2
f 3735//2 3736//2 3737//2
f 3662//2 3661//2 3738//2
f 3738//2 3661//2 3739//2
f 3739//2 3661//2 3658//2
f 3739//2 3658//2 3740//2
f 3737//2 3665//2 3735//2
f 3735//2 3665//2 3664//2
f 3735//2 3664//2 3741//2
f 3741//2 3664//2 3662//2
f 3741//2 3662//2 3742//2
f 3742//2 3662//2 3738//2
f 3740//2 3658//2 3734//2
f 3734//2 3658//2 3656//2
f 3734//2 3656//2 3732//2
f 3743//2 3744//2 3745//2
f 3626//2 3668//2 3746//2
f 3747//2 3748//2 3749//2
f 3746//2 3668//2 3750//2
f 3750//2 3668//2 3616//2
f 3750//2 3616//2 3751//2
f 3751//2 3616//2 3752//2
f 3752//2 3616//2 3615//2
f 3752//2 3615//2 3745//2
f 3745//2 3615//2 3629//2
f 3745//2 3629//2 3743//2
f 3749//2 3627//2 3747//2
f 3747//2 3627//2 3626//2
f 3747//2 3626//2 3753//2
f 3753//2 3626//2 3746//2
f 3754//2 3693//2 3698//2
f 3704//2 3755//2 3702//2
f 3702//2 3755//2 3756//2
f 3702//2 3756//2 3700//2
f 3705//2 3706//2 3757//2
f 3756//2 3758//2 3700//2
f 3700//2 3758//2 3759//2
f 3700//2 3759//2 3698//2
f 3698//2 3759//2 3760//2
f 3698//2 3760//2 3754//2
f 3754//2 3760//2 3761//2
f 3757//2 3762//2 3705//2
f 3705//2 3762//2 3763//2
f 3705//2 3763//2 3704//2
f 3704//2 3763//2 3764//2
f 3704//2 3764//2 3755//2
f 3765//2 3766//2 3767//2
f 3768//2 3769//2 3770//2
f 3710//2 3708//2 3771//2
f 3771//2 3708//2 3772//2
f 3772//2 3708//2 3707//2
f 3772//2 3707//2 3773//2
f 3770//2 3713//2 3768//2
f 3768//2 3713//2 3712//2
f 3768//2 3712//2 3774//2
f 3774//2 3712//2 3710//2
f 3774//2 3710//2 3775//2
f 3775//2 3710//2 3771//2
f 3773//2 3707//2 3767//2
f 3767//2 3707//2 3691//2
f 3767//2 3691//2 3765//2
f 3776//2 3777//2 3778//2
f 3677//2 3716//2 3779//2
f 3780//2 3781//2 3782//2
f 3779//2 3716//2 3783//2
f 3783//2 3716//2 3718//2
f 3783//2 3718//2 3784//2
f 3782//2 3678//2 3780//2
f 3780//2 3678//2 3677//2
f 3780//2 3677//2 3785//2
f 3785//2 3677//2 3779//2
f 3784//2 3718//2 3786//2
f 3786//2 3718//2 3719//2
f 3786//2 3719//2 3778//2
f 3778//2 3719//2 3720//2
f 3778//2 3720//2 3776//2
f 3787//2 3788//2 3789//2
f 3790//2 3791//2 3792//2
f 3793//2 3794//2 3795//2
f 3796//2 3797//2 3798//2
f 3799//2 3800//2 3801//2
f 3657//2 3802//2 3641//2
f 3667//2 3788//2 3669//2
f 3622//2 3672//2 3803//2
f 3690//2 3804//2 3695//2
f 3805//2 3806//2 3798//2
f 3717//2 3715//2 3807//2
f 3807//2 3715//2 3794//2
f 3714//2 3675//2 3808//2
f 3808//2 3675//2 3617//2
f 3808//2 3617//2 3619//2
f 3809//2 3810//2 3714//2
f 3714//2 3810//2 3715//2
f 3811//2 3812//2 3813//2
f 3814//2 3815//2 3808//2
f 3808//2 3815//2 3812//2
f 3810//2 3816//2 3715//2
f 3715//2 3816//2 3817//2
f 3715//2 3817//2 3794//2
f 3794//2 3817//2 3818//2
f 3794//2 3818//2 3795//2
f 3795//2 3818//2 3819//2
f 3795//2 3819//2 3813//2
f 3813//2 3819//2 3820//2
f 3813//2 3820//2 3811//2
f 3811//2 3821//2 3812//2
f 3812//2 3821//2 3822//2
f 3812//2 3822//2 3808//2
f 3808//2 3822//2 3823//2
f 3808//2 3823//2 3714//2
f 3714//2 3823//2 3824//2
f 3714//2 3824//2 3809//2
f 3805//2 3683//2 3825//2
f 3825//2 3683//2 3681//2
f 3825//2 3681//2 3826//2
f 3826//2 3681//2 3717//2
f 3826//2 3717//2 3827//2
f 3827//2 3717//2 3807//2
f 3805//2 3798//2 3683//2
f 3683//2 3798//2 3797//2
f 3683//2 3797//2 3686//2
f 3797//2 3828//2 3686//2
f 3686//2 3828//2 3829//2
f 3686//2 3829//2 3711//2
f 3801//2 3800//2 3830//2
f 3830//2 3800//2 3831//2
f 3830//2 3831//2 3832//2
f 3829//2 3833//2 3711//2
f 3711//2 3833//2 3834//2
f 3711//2 3834//2 3709//2
f 3709//2 3834//2 3835//2
f 3709//2 3835//2 3836//2
f 3832//2 3837//2 3830//2
f 3830//2 3837//2 3838//2
f 3830//2 3838//2 3839//2
f 3839//2 3838//2 3840//2
f 3841//2 3842//2 3835//2
f 3835//2 3842//2 3839//2
f 3835//2 3839//2 3836//2
f 3836//2 3839//2 3840//2
f 3843//2 3692//2 3844//2
f 3844//2 3692//2 3709//2
f 3844//2 3709//2 3845//2
f 3845//2 3709//2 3836//2
f 3843//2 3846//2 3692//2
f 3692//2 3846//2 3847//2
f 3692//2 3847//2 3800//2
f 3800//2 3847//2 3848//2
f 3800//2 3848//2 3831//2
f 3699//2 3849//2 3850//2
f 3851//2 3852//2 3701//2
f 3701//2 3852//2 3853//2
f 3701//2 3853//2 3703//2
f 3853//2 3854//2 3703//2
f 3703//2 3854//2 3855//2
f 3703//2 3855//2 3856//2
f 3789//2 3788//2 3857//2
f 3858//2 3859//2 3666//2
f 3666//2 3859//2 3860//2
f 3666//2 3860//2 3667//2
f 3860//2 3861//2 3667//2
f 3667//2 3861//2 3862//2
f 3667//2 3862//2 3788//2
f 3788//2 3862//2 3863//2
f 3788//2 3863//2 3857//2
f 3864//2 3865//2 3866//2
f 3866//2 3865//2 3857//2
f 3866//2 3857//2 3867//2
f 3867//2 3857//2 3863//2
f 3868//2 3869//2 3870//2
f 3622//2 3803//2 3624//2
f 3624//2 3803//2 3868//2
f 3624//2 3868//2 3666//2
f 3666//2 3868//2 3870//2
f 3666//2 3870//2 3858//2
f 3871//2 3872//2 3873//2
f 3873//2 3872//2 3874//2
f 3873//2 3874//2 3875//2
f 3670//2 3876//2 3614//2
f 3614//2 3876//2 3877//2
f 3614//2 3877//2 3632//2
f 3632//2 3877//2 3878//2
f 3632//2 3878//2 3637//2
f 3871//2 3879//2 3872//2
f 3872//2 3879//2 3880//2
f 3872//2 3880//2 3881//2
f 3881//2 3880//2 3882//2
f 3881//2 3882//2 3883//2
f 3787//2 3881//2 3788//2
f 3788//2 3881//2 3883//2
f 3788//2 3883//2 3669//2
f 3669//2 3883//2 3884//2
f 3669//2 3884//2 3670//2
f 3670//2 3884//2 3885//2
f 3670//2 3885//2 3876//2
f 3660//2 3663//2 3886//2
f 3887//2 3888//2 3791//2
f 3889//2 3890//2 3891//2
f 3791//2 3888//2 3792//2
f 3792//2 3888//2 3892//2
f 3792//2 3892//2 3891//2
f 3891//2 3892//2 3893//2
f 3891//2 3893//2 3889//2
f 3878//2 3875//2 3637//2
f 3637//2 3875//2 3874//2
f 3637//2 3874//2 3894//2
f 3894//2 3874//2 3890//2
f 3894//2 3890//2 3895//2
f 3895//2 3890//2 3889//2
f 3894//2 3896//2 3637//2
f 3637//2 3896//2 3897//2
f 3637//2 3897//2 3634//2
f 3634//2 3897//2 3898//2
f 3634//2 3898//2 3663//2
f 3663//2 3898//2 3899//2
f 3663//2 3899//2 3886//2
f 3659//2 3900//2 3901//2
f 3659//2 3901//2 3657//2
f 3902//2 3802//2 3903//2
f 3903//2 3802//2 3657//2
f 3903//2 3657//2 3904//2
f 3904//2 3657//2 3901//2
f 3886//2 3887//2 3660//2
f 3660//2 3887//2 3791//2
f 3660//2 3791//2 3659//2
f 3659//2 3791//2 3905//2
f 3659//2 3905//2 3900//2
f 3902//2 3906//2 3802//2
f 3802//2 3906//2 3907//2
f 3802//2 3907//2 3908//2
f 3909//2 3802//2 3910//2
f 3910//2 3802//2 3908//2
f 3910//2 3908//2 3911//2
f 3911//2 3908//2 3912//2
f 3911//2 3912//2 3790//2
f 3790//2 3912//2 3913//2
f 3790//2 3913//2 3791//2
f 3791//2 3913//2 3914//2
f 3791//2 3914//2 3905//2
f 3915//2 3916//2 3917//2
f 3915//2 3917//2 3918//2
f 3649//2 3640//2 3919//2
f 3920//2 3650//2 3921//2
f 3921//2 3650//2 3649//2
f 3921//2 3649//2 3922//2
f 3922//2 3649//2 3919//2
f 3920//2 3923//2 3650//2
f 3650//2 3923//2 3924//2
f 3650//1443 3924//1443 3925//1443
f 3909//2 3918//2 3802//2
f 3802//2 3918//2 3917//2
f 3802//2 3917//2 3641//2
f 3641//2 3917//2 3926//2
f 3641//2 3926//2 3640//2
f 3640//2 3926//2 3927//2
f 3640//2 3927//2 3919//2
f 3928//2 3929//2 3930//2
f 3645//2 3651//2 3931//2
f 3931//2 3651//2 3932//2
f 3932//2 3651//2 3650//2
f 3932//2 3650//2 3933//2
f 3928//2 3934//2 3929//2
f 3929//2 3934//2 3933//2
f 3929//2 3933//2 3935//2
f 3935//2 3933//2 3650//2
f 3935//2 3650//2 3936//2
f 3936//2 3650//2 3925//2
f 3936//2 3925//2 3915//2
f 3915//2 3925//2 3937//2
f 3915//2 3937//2 3916//2
f 3931//2 3938//2 3645//2
f 3645//2 3938//2 3939//2
f 3645//2 3939//2 3619//2
f 3940//2 3941//2 3930//2
f 3930//2 3941//2 3942//2
f 3930//2 3942//2 3928//2
f 3939//2 3943//2 3619//2
f 3619//2 3943//2 3944//2
f 3619//2 3944//2 3808//2
f 3808//2 3944//2 3940//2
f 3808//2 3940//2 3814//2
f 3814//2 3940//2 3930//2
f 3945//2 3946//2 3804//2
f 3804//2 3946//2 3947//2
f 3804//2 3947//2 3695//2
f 3695//2 3947//2 3948//2
f 3695//2 3948//2 3699//2
f 3699//2 3948//2 3949//2
f 3699//2 3949//2 3849//2
f 3799//2 3950//2 3951//2
f 3951//2 3950//2 3952//2
f 3951//2 3953//2 3799//2
f 3799//2 3953//2 3945//2
f 3799//2 3945//2 3800//2
f 3800//2 3945//2 3804//2
f 3800//2 3804//2 3692//2
f 3692//2 3804//2 3690//2
f 3952//2 3950//2 3954//2
f 3954//2 3950//2 3955//2
f 3954//2 3955//2 3956//2
f 3956//2 3955//2 3851//2
f 3956//2 3851//2 3850//2
f 3850//2 3851//2 3701//2
f 3850//2 3701//2 3699//2
f 3833//2 3957//2 3834//2
f 3834//2 3957//2 3958//2
f 3834//2 3958//2 3835//2
f 3835//2 3958//2 3959//2
f 3835//2 3959//2 3841//2
f 3960//2 3961//2 3962//2
f 3962//2 3961//2 3841//2
f 3962//2 3841//2 3963//2
f 3963//2 3841//2 3959//2
f 3806//2 3964//2 3798//2
f 3798//2 3964//2 3965//2
f 3798//2 3965//2 3796//2
f 3796//2 3965//2 3961//2
f 3796//2 3961//2 3966//2
f 3966//2 3961//2 3960//2
f 3964//2 3967//2 3965//2
f 3965//2 3967//2 3968//2
f 3965//2 3968//2 3793//2
f 3793//2 3968//2 3969//2
f 3793//2 3969//2 3794//2
f 3969//2 3970//2 3794//2
f 3794//2 3970//2 3971//2
f 3794//2 3971//2 3807//2
f 3807//2 3971//2 3972//2
f 3807//2 3972//2 3827//2
f 3864//2 3973//2 3865//2
f 3865//2 3973//2 3869//2
f 3865//2 3869//2 3974//2
f 3974//2 3869//2 3868//2
f 3974//2 3868//2 3975//2
f 3975//2 3868//2 3976//2
f 3976//2 3868//2 3977//2
f 3977//2 3868//2 3803//2
f 3977//2 3803//2 3856//2
f 3856//2 3803//2 3672//2
f 3856//2 3672//2 3703//2
f 3976//2 3978//2 3975//2
f 3975//2 3978//2 3979//2
f 3975//2 3979//2 3980//2
f 3980//2 3979//2 3981//2
f 3980//2 3981//2 3955//2
f 3955//2 3981//2 3982//2
f 3955//2 3982//2 3851//2
f 3851//2 3982//2 3983//2
f 3851//2 3983//2 3852//2
f 3984//1444 3985//1444 3986//1444
f 3987//1445 3988//1445 3989//1445
f 3989//1446 3988//1446 3990//1446
f 3989//1446 3990//1446 3991//1446
f 3991//1447 3990//1447 3992//1447
f 3991//1447 3992//1447 3993//1447
f 3993//1448 3992//1448 3994//1448
f 3995//1449 3996//1449 3997//1449
f 3994//1450 3992//1450 3998//1450
f 3998//1451 3992//1451 3999//1451
f 3998//1452 3999//1452 4000//1452
f 4000//1453 3999//1453 4001//1453
f 4000//1454 4001//1454 4002//1454
f 4002//1455 4001//1455 4003//1455
f 4002//1455 4003//1455 4004//1455
f 4004//1456 4003//1456 3995//1456
f 4004//1456 3995//1456 4005//1456
f 4005//1457 3995//1457 3997//1457
f 4005//1458 3997//1458 4006//1458
f 4007//1459 4008//1459 4009//1459
f 4010//1460 4011//1460 4012//1460
f 3730//1461 3729//1461 4011//1461
f 4011//1462 4010//1462 3730//1462
f 3730//1463 4010//1463 4013//1463
f 3730//1463 4013//1463 3731//1463
f 3731//1464 4013//1464 4014//1464
f 3731//1464 4014//1464 3722//1464
f 3722//1465 4014//1465 4015//1465
f 3722//1465 4015//1465 3723//1465
f 3723//1466 4015//1466 4016//1466
f 3723//1466 4016//1466 3725//1466
f 3725//1467 4016//1467 4017//1467
f 3725//1467 4017//1467 3726//1467
f 3726//1468 4017//1468 3986//1468
f 3726//1468 3986//1468 3727//1468
f 3727//1469 3986//1469 3985//1469
f 3727//1470 3985//1470 3728//1470
f 4018//1471 4019//1471 4020//1471
f 4020//1472 4019//1472 3984//1472
f 3987//1473 4021//1473 3988//1473
f 3988//1474 4021//1474 4022//1474
f 3988//1475 4022//1475 4018//1475
f 4018//1476 4020//1476 3988//1476
f 3988//1477 4020//1477 4023//1477
f 3988//1477 4023//1477 3990//1477
f 3990//1478 4023//1478 4024//1478
f 3990//1478 4024//1478 3992//1478
f 3992//1479 4024//1479 4025//1479
f 3992//1479 4025//1479 3999//1479
f 3999//1480 4025//1480 4026//1480
f 3999//1480 4026//1480 4001//1480
f 4001//1481 4026//1481 4027//1481
f 4001//1481 4027//1481 4003//1481
f 4003//1482 4027//1482 4007//1482
f 4003//1482 4007//1482 3995//1482
f 3995//1483 4007//1483 4009//1483
f 3995//1484 4009//1484 3996//1484
f 3984//1485 3986//1485 4020//1485
f 4020//1486 3986//1486 4017//1486
f 4020//1486 4017//1486 4023//1486
f 4023//1487 4017//1487 4016//1487
f 4023//1487 4016//1487 4024//1487
f 4024//1488 4016//1488 4015//1488
f 4024//1488 4015//1488 4025//1488
f 4025//1489 4015//1489 4014//1489
f 4025//1489 4014//1489 4026//1489
f 4026//1490 4014//1490 4013//1490
f 4026//1490 4013//1490 4027//1490
f 4027//1491 4013//1491 4010//1491
f 4027//1491 4010//1491 4007//1491
f 4007//1492 4010//1492 4012//1492
f 4007//1493 4012//1493 4008//1493
f 4028//1494 4029//1494 4030//1494
f 3734//1495 4031//1495 4032//1495
f 3734//1495 4032//1495 3740//1495
f 3740//1496 4032//1496 4033//1496
f 3740//1496 4033//1496 3739//1496
f 3739//1497 4033//1497 4034//1497
f 3739//1497 4034//1497 3738//1497
f 3738//1498 4034//1498 4035//1498
f 3738//1498 4035//1498 3742//1498
f 3742//1499 4035//1499 4036//1499
f 3742//1499 4036//1499 3741//1499
f 3741//1500 4036//1500 4030//1500
f 3741//1500 4030//1500 3735//1500
f 3735//1501 4030//1501 4029//1501
f 3735//1502 4029//1502 3736//1502
f 4037//1503 4038//1503 4039//1503
f 4039//1504 4038//1504 4028//1504
f 4040//1505 4041//1505 4042//1505
f 4042//1506 4041//1506 4037//1506
f 4043//1507 4044//1507 4045//1507
f 4045//1508 4044//1508 4046//1508
f 4045//1508 4046//1508 4047//1508
f 4047//1509 4046//1509 4048//1509
f 4047//1509 4048//1509 4042//1509
f 4042//1510 4048//1510 4049//1510
f 4042//1511 4049//1511 4040//1511
f 4050//1512 4051//1512 4052//1512
f 4043//1513 4045//1513 4053//1513
f 4053//1514 4045//1514 4054//1514
f 4053//1515 4054//1515 4055//1515
f 4055//1516 4054//1516 4056//1516
f 4055//1517 4056//1517 4057//1517
f 4057//1518 4056//1518 4058//1518
f 4057//1518 4058//1518 4059//1518
f 4059//1519 4058//1519 4050//1519
f 4059//1519 4050//1519 4060//1519
f 4060//1520 4050//1520 4052//1520
f 4060//1521 4052//1521 4061//1521
f 4062//1522 4063//1522 4064//1522
f 3734//1523 3733//1523 4031//1523
f 4031//1524 3733//1524 4065//1524
f 4031//1525 4065//1525 4066//1525
f 4037//1526 4039//1526 4042//1526
f 4042//1527 4039//1527 4067//1527
f 4042//1527 4067//1527 4047//1527
f 4047//1528 4067//1528 4068//1528
f 4047//1528 4068//1528 4045//1528
f 4045//1529 4068//1529 4069//1529
f 4045//1530 4069//1530 4054//1530
f 4054//1531 4069//1531 4070//1531
f 4054//1531 4070//1531 4056//1531
f 4056//1532 4070//1532 4071//1532
f 4056//1532 4071//1532 4058//1532
f 4058//1533 4071//1533 4062//1533
f 4058//1533 4062//1533 4050//1533
f 4050//1534 4062//1534 4064//1534
f 4050//1535 4064//1535 4051//1535
f 4028//1536 4030//1536 4039//1536
f 4039//1537 4030//1537 4036//1537
f 4039//1537 4036//1537 4067//1537
f 4067//1538 4036//1538 4035//1538
f 4067//1538 4035//1538 4068//1538
f 4068//1539 4035//1539 4034//1539
f 4068//1539 4034//1539 4069//1539
f 4069//1540 4034//1540 4033//1540
f 4069//1540 4033//1540 4070//1540
f 4070//1541 4033//1541 4032//1541
f 4070//1542 4032//1542 4071//1542
f 4071//1543 4032//1543 4031//1543
f 4071//1543 4031//1543 4062//1543
f 4062//1544 4031//1544 4066//1544
f 4062//1545 4066//1545 4063//1545
f 4072//1546 4073//1546 4074//1546
f 4074//1547 4073//1547 3748//1547
f 4075//1548 4076//1548 4077//1548
f 4077//1549 4076//1549 4072//1549
f 4078//1550 4079//1550 4080//1550
f 4080//1551 4079//1551 4075//1551
f 4081//1552 4082//1552 4083//1552
f 4083//1553 4082//1553 4084//1553
f 4083//1553 4084//1553 4085//1553
f 4085//1554 4084//1554 4086//1554
f 4085//1555 4086//1555 4080//1555
f 4080//1556 4086//1556 4087//1556
f 4080//1557 4087//1557 4078//1557
f 4088//1558 4089//1558 4090//1558
f 4081//1559 4083//1559 4091//1559
f 4091//1560 4083//1560 4092//1560
f 4091//1561 4092//1561 4093//1561
f 4093//1562 4092//1562 4094//1562
f 4093//1563 4094//1563 4095//1563
f 4095//1564 4094//1564 4096//1564
f 4095//1564 4096//1564 4097//1564
f 4097//1565 4096//1565 4088//1565
f 4097//1565 4088//1565 4098//1565
f 4098//1566 4088//1566 4090//1566
f 4098//1567 4090//1567 4099//1567
f 4100//1568 4101//1568 4102//1568
f 3745//1569 3744//1569 4103//1569
f 3748//1570 3747//1570 4074//1570
f 4074//1571 3747//1571 3753//1571
f 4074//1571 3753//1571 4104//1571
f 4104//1572 3753//1572 3746//1572
f 4104//1572 3746//1572 4105//1572
f 4105//1573 3746//1573 3750//1573
f 4105//1573 3750//1573 4106//1573
f 4106//1574 3750//1574 3751//1574
f 4106//1574 3751//1574 4107//1574
f 4107//1575 3751//1575 3752//1575
f 4107//1575 3752//1575 4108//1575
f 4108//1576 3752//1576 3745//1576
f 4108//1576 3745//1576 4109//1576
f 4109//1577 3745//1577 4103//1577
f 4109//1578 4103//1578 4110//1578
f 4075//1579 4077//1579 4080//1579
f 4080//1580 4077//1580 4111//1580
f 4080//1580 4111//1580 4085//1580
f 4085//1581 4111//1581 4112//1581
f 4085//1581 4112//1581 4083//1581
f 4083//1582 4112//1582 4113//1582
f 4083//1582 4113//1582 4092//1582
f 4092//1583 4113//1583 4114//1583
f 4092//1583 4114//1583 4094//1583
f 4094//1584 4114//1584 4115//1584
f 4094//1584 4115//1584 4096//1584
f 4096//1585 4115//1585 4100//1585
f 4096//1585 4100//1585 4088//1585
f 4088//1586 4100//1586 4102//1586
f 4088//1587 4102//1587 4089//1587
f 4072//1588 4074//1588 4077//1588
f 4077//1589 4074//1589 4104//1589
f 4077//1589 4104//1589 4111//1589
f 4111//1590 4104//1590 4105//1590
f 4111//1590 4105//1590 4112//1590
f 4112//1591 4105//1591 4106//1591
f 4112//1591 4106//1591 4113//1591
f 4113//1592 4106//1592 4107//1592
f 4113//1592 4107//1592 4114//1592
f 4114//1593 4107//1593 4108//1593
f 4114//1593 4108//1593 4115//1593
f 4115//1594 4108//1594 4109//1594
f 4115//1594 4109//1594 4100//1594
f 4100//1595 4109//1595 4110//1595
f 4100//1596 4110//1596 4101//1596
f 4116//1597 4117//1597 4118//1597
f 4119//1598 4120//1598 4121//1598
f 4121//1599 4120//1599 4122//1599
f 4121//1599 4122//1599 4123//1599
f 4123//1600 4122//1600 4124//1600
f 4123//1600 4124//1600 4125//1600
f 4125//1601 4124//1601 4126//1601
f 4127//1602 4128//1602 4129//1602
f 4126//1603 4124//1603 4130//1603
f 4130//1604 4124//1604 4131//1604
f 4130//1605 4131//1605 4132//1605
f 4132//1606 4131//1606 4133//1606
f 4132//1607 4133//1607 4134//1607
f 4134//1608 4133//1608 4135//1608
f 4134//1608 4135//1608 4136//1608
f 4136//1609 4135//1609 4127//1609
f 4136//1609 4127//1609 4137//1609
f 4137//1610 4127//1610 4129//1610
f 4137//1611 4129//1611 4138//1611
f 4139//1612 4140//1612 4141//1612
f 4142//1613 4143//1613 4144//1613
f 3763//1614 3762//1614 4143//1614
f 4143//1615 4142//1615 3763//1615
f 3763//1616 4142//1616 4145//1616
f 3763//1616 4145//1616 3764//1616
f 3764//1617 4145//1617 4146//1617
f 3764//1617 4146//1617 3755//1617
f 3755//1618 4146//1618 4147//1618
f 3755//1618 4147//1618 3756//1618
f 3756//1619 4147//1619 4148//1619
f 3756//1619 4148//1619 3758//1619
f 3758//1620 4148//1620 4149//1620
f 3758//1620 4149//1620 3759//1620
f 3759//1621 4149//1621 4118//1621
f 3759//1621 4118//1621 3760//1621
f 3760//1622 4118//1622 4117//1622
f 3760//1623 4117//1623 3761//1623
f 4150//1624 4151//1624 4152//1624
f 4152//1625 4151//1625 4116//1625
f 4119//1626 4153//1626 4120//1626
f 4120//1627 4153//1627 4154//1627
f 4120//1628 4154//1628 4150//1628
f 4150//1629 4152//1629 4120//1629
f 4120//1630 4152//1630 4155//1630
f 4120//1630 4155//1630 4122//1630
f 4122//1631 4155//1631 4156//1631
f 4122//1631 4156//1631 4124//1631
f 4124//1632 4156//1632 4157//1632
f 4124//1632 4157//1632 4131//1632
f 4131//1633 4157//1633 4158//1633
f 4131//1633 4158//1633 4133//1633
f 4133//1634 4158//1634 4159//1634
f 4133//1634 4159//1634 4135//1634
f 4135//1635 4159//1635 4139//1635
f 4135//1635 4139//1635 4127//1635
f 4127//1636 4139//1636 4141//1636
f 4127//1637 4141//1637 4128//1637
f 4116//1638 4118//1638 4152//1638
f 4152//1639 4118//1639 4149//1639
f 4152//1639 4149//1639 4155//1639
f 4155//1640 4149//1640 4148//1640
f 4155//1640 4148//1640 4156//1640
f 4156//1641 4148//1641 4147//1641
f 4156//1641 4147//1641 4157//1641
f 4157//1642 4147//1642 4146//1642
f 4157//1642 4146//1642 4158//1642
f 4158//1643 4146//1643 4145//1643
f 4158//1643 4145//1643 4159//1643
f 4159//1644 4145//1644 4142//1644
f 4159//1644 4142//1644 4139//1644
f 4139//1645 4142//1645 4144//1645
f 4139//1646 4144//1646 4140//1646
f 4160//1647 4161//1647 4162//1647
f 3767//1648 4163//1648 4164//1648
f 3767//1648 4164//1648 3773//1648
f 3773//1649 4164//1649 4165//1649
f 3773//1649 4165//1649 3772//1649
f 3772//1650 4165//1650 4166//1650
f 3772//1650 4166//1650 3771//1650
f 3771//1651 4166//1651 4167//1651
f 3771//1651 4167//1651 3775//1651
f 3775//1652 4167//1652 4168//1652
f 3775//1652 4168//1652 3774//1652
f 3774//1653 4168//1653 4162//1653
f 3774//1653 4162//1653 3768//1653
f 3768//1654 4162//1654 4161//1654
f 3768//1655 4161//1655 3769//1655
f 4169//1656 4170//1656 4171//1656
f 4171//1657 4170//1657 4160//1657
f 4172//1658 4173//1658 4174//1658
f 4174//1659 4173//1659 4169//1659
f 4175//1660 4176//1660 4177//1660
f 4177//1661 4176//1661 4178//1661
f 4177//1661 4178//1661 4179//1661
f 4179//1662 4178//1662 4180//1662
f 4179//1662 4180//1662 4174//1662
f 4174//1663 4180//1663 4181//1663
f 4174//1664 4181//1664 4172//1664
f 4182//1665 4183//1665 4184//1665
f 4175//1666 4177//1666 4185//1666
f 4185//1667 4177//1667 4186//1667
f 4185//1668 4186//1668 4187//1668
f 4187//1669 4186//1669 4188//1669
f 4187//1670 4188//1670 4189//1670
f 4189//1671 4188//1671 4190//1671
f 4189//1671 4190//1671 4191//1671
f 4191//1672 4190//1672 4182//1672
f 4191//1672 4182//1672 4192//1672
f 4192//1673 4182//1673 4184//1673
f 4192//1674 4184//1674 4193//1674
f 4194//1675 4195//1675 4196//1675
f 3767//1676 3766//1676 4163//1676
f 4163//1677 3766//1677 4197//1677
f 4163//1678 4197//1678 4198//1678
f 4169//1679 4171//1679 4174//1679
f 4174//1680 4171//1680 4199//1680
f 4174//1680 4199//1680 4179//1680
f 4179//1681 4199//1681 4200//1681
f 4179//1681 4200//1681 4177//1681
f 4177//1682 4200//1682 4201//1682
f 4177//1683 4201//1683 4186//1683
f 4186//1684 4201//1684 4202//1684
f 4186//1684 4202//1684 4188//1684
f 4188//1685 4202//1685 4203//1685
f 4188//1685 4203//1685 4190//1685
f 4190//1686 4203//1686 4194//1686
f 4190//1686 4194//1686 4182//1686
f 4182//1687 4194//1687 4196//1687
f 4182//1688 4196//1688 4183//1688
f 4160//1689 4162//1689 4171//1689
f 4171//1690 4162//1690 4168//1690
f 4171//1690 4168//1690 4199//1690
f 4199//1691 4168//1691 4167//1691
f 4199//1691 4167//1691 4200//1691
f 4200//1692 4167//1692 4166//1692
f 4200//1692 4166//1692 4201//1692
f 4201//1693 4166//1693 4165//1693
f 4201//1693 4165//1693 4202//1693
f 4202//1694 4165//1694 4164//1694
f 4202//1695 4164//1695 4203//1695
f 4203//1696 4164//1696 4163//1696
f 4203//1696 4163//1696 4194//1696
f 4194//1697 4163//1697 4198//1697
f 4194//1698 4198//1698 4195//1698
f 4204//1699 4205//1699 4206//1699
f 4206//1700 4205//1700 3781//1700
f 4207//1701 4208//1701 4209//1701
f 4209//1702 4208//1702 4204//1702
f 4210//1703 4211//1703 4212//1703
f 4212//1704 4211//1704 4207//1704
f 4213//1705 4214//1705 4215//1705
f 4215//1706 4214//1706 4216//1706
f 4215//1706 4216//1706 4217//1706
f 4217//1707 4216//1707 4218//1707
f 4217//1708 4218//1708 4212//1708
f 4212//1709 4218//1709 4219//1709
f 4212//1710 4219//1710 4210//1710
f 4220//1711 4221//1711 4222//1711
f 4213//1712 4215//1712 4223//1712
f 4223//1713 4215//1713 4224//1713
f 4223//1714 4224//1714 4225//1714
f 4225//1715 4224//1715 4226//1715
f 4225//1716 4226//1716 4227//1716
f 4227//1717 4226//1717 4228//1717
f 4227//1717 4228//1717 4229//1717
f 4229//1718 4228//1718 4220//1718
f 4229//1718 4220//1718 4230//1718
f 4230//1719 4220//1719 4222//1719
f 4230//1720 4222//1720 4231//1720
f 4232//1721 4233//1721 4234//1721
f 3778//1722 3777//1722 4235//1722
f 3781//1723 3780//1723 4206//1723
f 4206//1724 3780//1724 3785//1724
f 4206//1724 3785//1724 4236//1724
f 4236//1725 3785//1725 3779//1725
f 4236//1725 3779//1725 4237//1725
f 4237//1726 3779//1726 3783//1726
f 4237//1726 3783//1726 4238//1726
f 4238//1727 3783//1727 3784//1727
f 4238//1727 3784//1727 4239//1727
f 4239//1728 3784//1728 3786//1728
f 4239//1728 3786//1728 4240//1728
f 4240//1729 3786//1729 3778//1729
f 4240//1729 3778//1729 4241//1729
f 4241//1730 3778//1730 4235//1730
f 4241//1731 4235//1731 4242//1731
f 4207//1732 4209//1732 4212//1732
f 4212//1733 4209//1733 4243//1733
f 4212//1733 4243//1733 4217//1733
f 4217//1734 4243//1734 4244//1734
f 4217//1734 4244//1734 4215//1734
f 4215//1735 4244//1735 4245//1735
f 4215//1735 4245//1735 4224//1735
f 4224//1736 4245//1736 4246//1736
f 4224//1736 4246//1736 4226//1736
f 4226//1737 4246//1737 4247//1737
f 4226//1737 4247//1737 4228//1737
f 4228//1738 4247//1738 4232//1738
f 4228//1738 4232//1738 4220//1738
f 4220//1739 4232//1739 4234//1739
f 4220//1740 4234//1740 4221//1740
f 4204//1741 4206//1741 4209//1741
f 4209//1742 4206//1742 4236//1742
f 4209//1742 4236//1742 4243//1742
f 4243//1743 4236//1743 4237//1743
f 4243//1743 4237//1743 4244//1743
f 4244//1744 4237//1744 4238//1744
f 4244//1744 4238//1744 4245//1744
f 4245//1745 4238//1745 4239//1745
f 4245//1745 4239//1745 4246//1745
f 4246//1746 4239//1746 4240//1746
f 4246//1746 4240//1746 4247//1746
f 4247//1747 4240//1747 4241//1747
f 4247//1747 4241//1747 4232//1747
f 4232//1748 4241//1748 4242//1748
f 4232//1749 4242//1749 4233//1749
f 4248//1750 3987//1750 3989//1750
f 4248//1751 3989//1751 4249//1751
f 4006//1752 4250//1752 4005//1752
f 4005//1753 4250//1753 4251//1753
f 4005//1754 4251//1754 4004//1754
f 4004//1755 4251//1755 4252//1755
f 4004//1756 4252//1756 4002//1756
f 4002//1757 4252//1757 4253//1757
f 4002//1758 4253//1758 4000//1758
f 4254//1759 3994//1759 4253//1759
f 4253//1760 3994//1760 3998//1760
f 4253//1761 3998//1761 4000//1761
f 4249//1762 3989//1762 4255//1762
f 4255//1763 3989//1763 3991//1763
f 4255//1764 3991//1764 4254//1764
f 4254//1765 3991//1765 3993//1765
f 4254//1766 3993//1766 3994//1766
f 4256//1767 4049//1767 4048//1767
f 4256//1768 4048//1768 4257//1768
f 4061//1769 4258//1769 4060//1769
f 4060//1770 4258//1770 4259//1770
f 4060//1771 4259//1771 4059//1771
f 4059//1772 4259//1772 4260//1772
f 4059//1773 4260//1773 4057//1773
f 4057//1774 4260//1774 4261//1774
f 4057//1775 4261//1775 4055//1775
f 4262//1776 4043//1776 4261//1776
f 4261//1777 4043//1777 4053//1777
f 4261//1778 4053//1778 4055//1778
f 4257//1779 4048//1779 4263//1779
f 4263//1780 4048//1780 4046//1780
f 4263//1781 4046//1781 4262//1781
f 4262//1782 4046//1782 4044//1782
f 4262//1783 4044//1783 4043//1783
f 4264//1784 4087//1784 4086//1784
f 4264//1785 4086//1785 4265//1785
f 4099//1786 4266//1786 4098//1786
f 4098//1787 4266//1787 4267//1787
f 4098//1788 4267//1788 4097//1788
f 4097//1789 4267//1789 4268//1789
f 4097//1790 4268//1790 4095//1790
f 4095//1791 4268//1791 4269//1791
f 4095//1792 4269//1792 4093//1792
f 4270//1793 4081//1793 4269//1793
f 4269//1794 4081//1794 4091//1794
f 4269//1795 4091//1795 4093//1795
f 4265//1796 4086//1796 4271//1796
f 4271//1797 4086//1797 4084//1797
f 4271//1798 4084//1798 4270//1798
f 4270//1799 4084//1799 4082//1799
f 4270//1800 4082//1800 4081//1800
f 4272//1801 4119//1801 4121//1801
f 4272//1802 4121//1802 4273//1802
f 4138//1803 4274//1803 4137//1803
f 4137//1804 4274//1804 4275//1804
f 4137//1805 4275//1805 4136//1805
f 4136//1806 4275//1806 4276//1806
f 4136//1807 4276//1807 4134//1807
f 4134//1808 4276//1808 4277//1808
f 4134//1809 4277//1809 4132//1809
f 4278//1810 4126//1810 4277//1810
f 4277//1811 4126//1811 4130//1811
f 4277//1812 4130//1812 4132//1812
f 4273//1813 4121//1813 4279//1813
f 4279//1814 4121//1814 4123//1814
f 4279//1815 4123//1815 4278//1815
f 4278//1816 4123//1816 4125//1816
f 4278//1817 4125//1817 4126//1817
f 4280//1818 4181//1818 4180//1818
f 4280//1819 4180//1819 4281//1819
f 4193//1820 4282//1820 4192//1820
f 4192//1821 4282//1821 4283//1821
f 4192//1822 4283//1822 4191//1822
f 4191//1823 4283//1823 4284//1823
f 4191//1824 4284//1824 4189//1824
f 4189//1825 4284//1825 4285//1825
f 4189//1826 4285//1826 4187//1826
f 4286//1827 4175//1827 4285//1827
f 4285//1828 4175//1828 4185//1828
f 4285//1829 4185//1829 4187//1829
f 4281//1830 4180//1830 4287//1830
f 4287//1831 4180//1831 4178//1831
f 4287//1832 4178//1832 4286//1832
f 4286//1833 4178//1833 4176//1833
f 4286//1834 4176//1834 4175//1834
f 4288//1835 4219//1835 4218//1835
f 4288//1836 4218//1836 4289//1836
f 4231//1837 4290//1837 4230//1837
f 4230//1838 4290//1838 4291//1838
f 4230//1839 4291//1839 4229//1839
f 4229//1840 4291//1840 4292//1840
f 4229//1841 4292//1841 4227//1841
f 4227//1842 4292//1842 4293//1842
f 4227//1843 4293//1843 4225//1843
f 4294//1844 4213//1844 4293//1844
f 4293//1845 4213//1845 4223//1845
f 4293//1846 4223//1846 4225//1846
f 4289//1847 4218//1847 4295//1847
f 4295//1848 4218//1848 4216//1848
f 4295//1849 4216//1849 4294//1849
f 4294//1850 4216//1850 4214//1850
f 4294//1851 4214//1851 4213//1851
f 4296//1852 4297//1852 4298//1852
f 4296//1853 4298//1853 4251//1853
f 4251//1854 4298//1854 4252//1854
f 4252//1855 4298//1855 4299//1855
f 4252//1856 4299//1856 4253//1856
f 4299//1857 4300//1857 4253//1857
f 4253//1758 4300//1758 4301//1758
f 4253//1759 4301//1759 4254//1759
f 4254//1858 4301//1858 4302//1858
f 4303//1859 4304//1859 4305//1859
f 4305//1860 4304//1860 4249//1860
f 4305//1861 4249//1861 4306//1861
f 4306//1862 4249//1862 4255//1862
f 4306//1863 4255//1863 4307//1863
f 4307//1864 4255//1864 4254//1864
f 4307//1766 4254//1766 4308//1766
f 4308//1865 4254//1865 4302//1865
f 4309//1866 4310//1866 4311//1866
f 4309//1867 4311//1867 4259//1867
f 4259//1868 4311//1868 4260//1868
f 4260//1869 4311//1869 4312//1869
f 4260//1870 4312//1870 4261//1870
f 4312//1871 4313//1871 4261//1871
f 4261//1775 4313//1775 4314//1775
f 4261//1776 4314//1776 4262//1776
f 4262//1872 4314//1872 4315//1872
f 4316//1873 4317//1873 4318//1873
f 4318//1874 4317//1874 4257//1874
f 4318//1875 4257//1875 4319//1875
f 4319//1876 4257//1876 4263//1876
f 4319//1877 4263//1877 4320//1877
f 4320//1878 4263//1878 4262//1878
f 4320//1783 4262//1783 4321//1783
f 4321//1879 4262//1879 4315//1879
f 4322//1880 4323//1880 4324//1880
f 4322//1881 4324//1881 4267//1881
f 4267//1882 4324//1882 4268//1882
f 4268//1883 4324//1883 4325//1883
f 4268//1884 4325//1884 4269//1884
f 4325//1885 4326//1885 4269//1885
f 4269//1792 4326//1792 4327//1792
f 4269//1793 4327//1793 4270//1793
f 4270//1886 4327//1886 4328//1886
f 4329//1887 4330//1887 4331//1887
f 4331//1888 4330//1888 4265//1888
f 4331//1889 4265//1889 4332//1889
f 4332//1890 4265//1890 4271//1890
f 4332//1891 4271//1891 4333//1891
f 4333//1892 4271//1892 4270//1892
f 4333//1800 4270//1800 4334//1800
f 4334//1893 4270//1893 4328//1893
f 4335//1894 4336//1894 4337//1894
f 4335//1895 4337//1895 4275//1895
f 4275//1896 4337//1896 4276//1896
f 4276//1897 4337//1897 4338//1897
f 4276//1898 4338//1898 4277//1898
f 4338//1899 4339//1899 4277//1899
f 4277//1809 4339//1809 4340//1809
f 4277//1810 4340//1810 4278//1810
f 4278//1900 4340//1900 4341//1900
f 4342//1901 4343//1901 4344//1901
f 4344//1902 4343//1902 4273//1902
f 4344//1903 4273//1903 4345//1903
f 4345//1904 4273//1904 4279//1904
f 4345//1905 4279//1905 4346//1905
f 4346//1906 4279//1906 4278//1906
f 4346//1817 4278//1817 4347//1817
f 4347//1907 4278//1907 4341//1907
f 4348//1908 4349//1908 4350//1908
f 4348//1909 4350//1909 4283//1909
f 4283//1910 4350//1910 4284//1910
f 4284//1911 4350//1911 4351//1911
f 4284//1912 4351//1912 4285//1912
f 4351//1913 4352//1913 4285//1913
f 4285//1826 4352//1826 4353//1826
f 4285//1827 4353//1827 4286//1827
f 4286//1914 4353//1914 4354//1914
f 4355//1915 4356//1915 4357//1915
f 4357//1916 4356//1916 4281//1916
f 4357//1917 4281//1917 4358//1917
f 4358//1918 4281//1918 4287//1918
f 4358//1919 4287//1919 4359//1919
f 4359//1920 4287//1920 4286//1920
f 4359//1834 4286//1834 4360//1834
f 4360//1921 4286//1921 4354//1921
f 4361//1922 4362//1922 4363//1922
f 4361//1923 4363//1923 4291//1923
f 4291//1924 4363//1924 4292//1924
f 4292//1925 4363//1925 4364//1925
f 4292//1926 4364//1926 4293//1926
f 4364//1927 4365//1927 4293//1927
f 4293//1843 4365//1843 4366//1843
f 4293//1844 4366//1844 4294//1844
f 4294//1928 4366//1928 4367//1928
f 4368//1929 4369//1929 4370//1929
f 4370//1930 4369//1930 4289//1930
f 4370//1931 4289//1931 4371//1931
f 4371//1932 4289//1932 4295//1932
f 4371//1933 4295//1933 4372//1933
f 4372//1934 4295//1934 4294//1934
f 4372//1851 4294//1851 4373//1851
f 4373//1935 4294//1935 4367//1935
f 4374//1936 4375//1936 4376//1936
f 4374//1936 4376//1936 4377//1936
f 4377//1937 4376//1937 4378//1937
f 4377//1937 4378//1937 4379//1937
f 4379//1938 4378//1938 4380//1938
f 4379//1938 4380//1938 4381//1938
f 4381//1939 4380//1939 4382//1939
f 4381//1939 4382//1939 4383//1939
f 4383//1940 4382//1940 4384//1940
f 4383//1941 4384//1941 4385//1941
f 4385//1942 4384//1942 4386//1942
f 4385//1942 4386//1942 4387//1942
f 4387//1943 4386//1943 4388//1943
f 4387//1944 4388//1944 4389//1944
f 4390//1945 4391//1945 4392//1945
f 4393//1946 4394//1946 4395//1946
f 4395//1947 4394//1947 4396//1947
f 4301//1948 4300//1948 4397//1948
f 4397//1949 4300//1949 4299//1949
f 4397//1949 4299//1949 4398//1949
f 4398//1950 4299//1950 4298//1950
f 4398//1950 4298//1950 4395//1950
f 4395//1951 4298//1951 4297//1951
f 4395//1952 4297//1952 4393//1952
f 4399//1953 4400//1953 4401//1953
f 4401//1954 4400//1954 4402//1954
f 4301//1955 4397//1955 4302//1955
f 4302//1956 4397//1956 4403//1956
f 4302//1957 4403//1957 4308//1957
f 4308//1958 4403//1958 4404//1958
f 4308//1959 4404//1959 4307//1959
f 4307//1960 4404//1960 4405//1960
f 4307//1960 4405//1960 4306//1960
f 4306//1961 4405//1961 4401//1961
f 4306//1961 4401//1961 4305//1961
f 4305//1962 4401//1962 4402//1962
f 4305//1963 4402//1963 4303//1963
f 4406//1964 4407//1964 4408//1964
f 4408//1965 4407//1965 4399//1965
f 4374//1966 4409//1966 4375//1966
f 4375//1967 4409//1967 4410//1967
f 4375//1968 4410//1968 4406//1968
f 4406//1969 4408//1969 4375//1969
f 4375//1970 4408//1970 4411//1970
f 4375//1970 4411//1970 4376//1970
f 4376//1971 4411//1971 4412//1971
f 4376//1971 4412//1971 4378//1971
f 4378//1972 4412//1972 4413//1972
f 4378//1972 4413//1972 4380//1972
f 4380//1973 4413//1973 4414//1973
f 4380//1973 4414//1973 4382//1973
f 4382//1974 4414//1974 4415//1974
f 4382//1974 4415//1974 4384//1974
f 4384//1975 4415//1975 4390//1975
f 4384//1975 4390//1975 4386//1975
f 4386//1976 4390//1976 4392//1976
f 4386//1977 4392//1977 4388//1977
f 4399//1978 4401//1978 4408//1978
f 4408//1979 4401//1979 4405//1979
f 4408//1979 4405//1979 4411//1979
f 4411//1980 4405//1980 4404//1980
f 4411//1980 4404//1980 4412//1980
f 4412//1981 4404//1981 4403//1981
f 4412//1981 4403//1981 4413//1981
f 4413//1982 4403//1982 4397//1982
f 4413//1982 4397//1982 4414//1982
f 4414//1983 4397//1983 4398//1983
f 4414//1983 4398//1983 4415//1983
f 4415//1984 4398//1984 4395//1984
f 4415//1984 4395//1984 4390//1984
f 4390//1985 4395//1985 4396//1985
f 4390//1986 4396//1986 4391//1986
f 4314//1987 4313//1987 4416//1987
f 4416//1988 4313//1988 4312//1988
f 4416//1988 4312//1988 4417//1988
f 4417//1989 4312//1989 4311//1989
f 4417//1989 4311//1989 4418//1989
f 4418//1990 4311//1990 4310//1990
f 4419//1991 4420//1991 4421//1991
f 4421//1992 4420//1992 4422//1992
f 4314//1993 4416//1993 4315//1993
f 4315//1994 4416//1994 4423//1994
f 4315//1995 4423//1995 4321//1995
f 4321//1996 4423//1996 4424//1996
f 4321//1997 4424//1997 4320//1997
f 4320//1998 4424//1998 4425//1998
f 4320//1998 4425//1998 4319//1998
f 4319//1999 4425//1999 4421//1999
f 4319//1999 4421//1999 4318//1999
f 4318//2000 4421//2000 4422//2000
f 4318//2001 4422//2001 4316//2001
f 4426//2002 4427//2002 4428//2002
f 4428//2003 4427//2003 4419//2003
f 4429//2004 4430//2004 4426//2004
f 4431//2005 4432//2005 4430//2005
f 4430//2006 4429//2006 4431//2006
f 4431//2007 4429//2007 4433//2007
f 4431//2007 4433//2007 4434//2007
f 4434//2008 4433//2008 4435//2008
f 4434//2008 4435//2008 4436//2008
f 4436//2009 4435//2009 4437//2009
f 4436//2009 4437//2009 4438//2009
f 4438//2010 4437//2010 4439//2010
f 4438//2010 4439//2010 4440//2010
f 4440//2011 4439//2011 4441//2011
f 4440//2011 4441//2011 4442//2011
f 4442//2012 4441//2012 4443//2012
f 4442//2012 4443//2012 4444//2012
f 4444//2013 4443//2013 4445//2013
f 4444//2014 4445//2014 4446//2014
f 4447//2015 4448//2015 4449//2015
f 4310//2016 4450//2016 4418//2016
f 4418//2017 4450//2017 4451//2017
f 4418//2018 4451//2018 4452//2018
f 4426//2019 4428//2019 4429//2019
f 4429//2020 4428//2020 4453//2020
f 4429//2020 4453//2020 4433//2020
f 4433//2021 4453//2021 4454//2021
f 4433//2022 4454//2022 4435//2022
f 4435//2023 4454//2023 4455//2023
f 4435//2023 4455//2023 4437//2023
f 4437//2024 4455//2024 4456//2024
f 4437//2024 4456//2024 4439//2024
f 4439//2025 4456//2025 4457//2025
f 4439//2025 4457//2025 4441//2025
f 4441//2026 4457//2026 4447//2026
f 4441//2026 4447//2026 4443//2026
f 4443//2027 4447//2027 4449//2027
f 4443//2028 4449//2028 4445//2028
f 4419//2029 4421//2029 4428//2029
f 4428//2030 4421//2030 4425//2030
f 4428//2030 4425//2030 4453//2030
f 4453//2031 4425//2031 4424//2031
f 4453//2031 4424//2031 4454//2031
f 4454//2032 4424//2032 4423//2032
f 4454//2032 4423//2032 4455//2032
f 4455//2033 4423//2033 4416//2033
f 4455//2033 4416//2033 4456//2033
f 4456//2034 4416//2034 4417//2034
f 4456//2034 4417//2034 4457//2034
f 4457//2035 4417//2035 4418//2035
f 4457//2035 4418//2035 4447//2035
f 4447//2036 4418//2036 4452//2036
f 4447//2037 4452//2037 4448//2037
f 4458//2038 4329//2038 4331//2038
f 4459//2039 4460//2039 4461//2039
f 4461//2040 4460//2040 4458//2040
f 4462//2041 4463//2041 4464//2041
f 4464//2042 4463//2042 4459//2042
f 4465//2043 4466//2043 4462//2043
f 4467//2044 4468//2044 4466//2044
f 4466//2045 4465//2045 4467//2045
f 4467//2046 4465//2046 4469//2046
f 4467//2046 4469//2046 4470//2046
f 4470//2047 4469//2047 4471//2047
f 4470//2047 4471//2047 4472//2047
f 4472//2048 4471//2048 4473//2048
f 4472//2048 4473//2048 4474//2048
f 4474//2049 4473//2049 4475//2049
f 4474//2049 4475//2049 4476//2049
f 4476//2050 4475//2050 4477//2050
f 4476//2050 4477//2050 4478//2050
f 4478//2051 4477//2051 4479//2051
f 4478//2051 4479//2051 4480//2051
f 4480//2052 4479//2052 4481//2052
f 4480//2053 4481//2053 4482//2053
f 4483//2054 4484//2054 4485//2054
f 4323//2055 4486//2055 4487//2055
f 4487//2056 4486//2056 4488//2056
f 4487//2057 4488//2057 4489//2057
f 4323//2058 4487//2058 4324//2058
f 4324//2059 4487//2059 4490//2059
f 4324//2059 4490//2059 4325//2059
f 4325//2060 4490//2060 4491//2060
f 4325//2060 4491//2060 4326//2060
f 4458//2061 4331//2061 4461//2061
f 4461//2062 4331//2062 4332//2062
f 4461//2062 4332//2062 4492//2062
f 4492//2063 4332//2063 4333//2063
f 4492//2063 4333//2063 4493//2063
f 4493//2064 4333//2064 4334//2064
f 4493//2065 4334//2065 4494//2065
f 4494//2066 4334//2066 4328//2066
f 4494//2067 4328//2067 4491//2067
f 4491//2068 4328//2068 4327//2068
f 4491//2069 4327//2069 4326//2069
f 4462//2070 4464//2070 4465//2070
f 4465//2071 4464//2071 4495//2071
f 4465//2071 4495//2071 4469//2071
f 4469//2072 4495//2072 4496//2072
f 4469//2072 4496//2072 4471//2072
f 4471//2073 4496//2073 4497//2073
f 4471//2073 4497//2073 4473//2073
f 4473//2074 4497//2074 4498//2074
f 4473//2074 4498//2074 4475//2074
f 4475//2075 4498//2075 4499//2075
f 4475//2075 4499//2075 4477//2075
f 4477//2076 4499//2076 4483//2076
f 4477//2076 4483//2076 4479//2076
f 4479//2077 4483//2077 4485//2077
f 4479//2078 4485//2078 4481//2078
f 4459//2079 4461//2079 4464//2079
f 4464//2080 4461//2080 4492//2080
f 4464//2080 4492//2080 4495//2080
f 4495//2081 4492//2081 4493//2081
f 4495//2081 4493//2081 4496//2081
f 4496//2082 4493//2082 4494//2082
f 4496//2082 4494//2082 4497//2082
f 4497//2083 4494//2083 4491//2083
f 4497//2083 4491//2083 4498//2083
f 4498//2084 4491//2084 4490//2084
f 4498//2084 4490//2084 4499//2084
f 4499//2085 4490//2085 4487//2085
f 4499//2085 4487//2085 4483//2085
f 4483//2086 4487//2086 4489//2086
f 4483//2087 4489//2087 4484//2087
f 4500//2088 4501//2088 4502//2088
f 4500//2088 4502//2088 4503//2088
f 4503//2089 4502//2089 4504//2089
f 4503//2089 4504//2089 4505//2089
f 4505//2090 4504//2090 4506//2090
f 4505//2090 4506//2090 4507//2090
f 4507//2091 4506//2091 4508//2091
f 4507//2091 4508//2091 4509//2091
f 4509//2092 4508//2092 4510//2092
f 4509//2093 4510//2093 4511//2093
f 4511//2094 4510//2094 4512//2094
f 4511//2094 4512//2094 4513//2094
f 4513//2095 4512//2095 4514//2095
f 4513//2096 4514//2096 4515//2096
f 4516//2097 4517//2097 4518//2097
f 4519//2098 4520//2098 4521//2098
f 4521//2099 4520//2099 4522//2099
f 4340//2100 4339//2100 4523//2100
f 4523//2101 4339//2101 4338//2101
f 4523//2101 4338//2101 4524//2101
f 4524//2102 4338//2102 4337//2102
f 4524//2102 4337//2102 4521//2102
f 4521//2103 4337//2103 4336//2103
f 4521//2104 4336//2104 4519//2104
f 4525//2105 4526//2105 4527//2105
f 4527//2106 4526//2106 4528//2106
f 4340//2107 4523//2107 4341//2107
f 4341//2108 4523//2108 4529//2108
f 4341//2109 4529//2109 4347//2109
f 4347//2110 4529//2110 4530//2110
f 4347//2111 4530//2111 4346//2111
f 4346//2112 4530//2112 4531//2112
f 4346//2112 4531//2112 4345//2112
f 4345//2113 4531//2113 4527//2113
f 4345//2113 4527//2113 4344//2113
f 4344//2114 4527//2114 4528//2114
f 4344//2115 4528//2115 4342//2115
f 4532//2116 4533//2116 4534//2116
f 4534//2117 4533//2117 4525//2117
f 4500//2118 4535//2118 4501//2118
f 4501//2119 4535//2119 4536//2119
f 4501//2120 4536//2120 4532//2120
f 4532//2121 4534//2121 4501//2121
f 4501//2122 4534//2122 4537//2122
f 4501//2122 4537//2122 4502//2122
f 4502//2123 4537//2123 4538//2123
f 4502//2123 4538//2123 4504//2123
f 4504//2124 4538//2124 4539//2124
f 4504//2124 4539//2124 4506//2124
f 4506//2125 4539//2125 4540//2125
f 4506//2125 4540//2125 4508//2125
f 4508//2126 4540//2126 4541//2126
f 4508//2126 4541//2126 4510//2126
f 4510//2127 4541//2127 4516//2127
f 4510//2127 4516//2127 4512//2127
f 4512//2128 4516//2128 4518//2128
f 4512//2129 4518//2129 4514//2129
f 4525//2130 4527//2130 4534//2130
f 4534//2131 4527//2131 4531//2131
f 4534//2131 4531//2131 4537//2131
f 4537//2132 4531//2132 4530//2132
f 4537//2132 4530//2132 4538//2132
f 4538//2133 4530//2133 4529//2133
f 4538//2133 4529//2133 4539//2133
f 4539//2134 4529//2134 4523//2134
f 4539//2134 4523//2134 4540//2134
f 4540//2135 4523//2135 4524//2135
f 4540//2135 4524//2135 4541//2135
f 4541//2136 4524//2136 4521//2136
f 4541//2136 4521//2136 4516//2136
f 4516//2137 4521//2137 4522//2137
f 4516//2138 4522//2138 4517//2138
f 4353//2139 4352//2139 4542//2139
f 4542//2140 4352//2140 4351//2140
f 4542//2140 4351//2140 4543//2140
f 4543//2141 4351//2141 4350//2141
f 4543//2141 4350//2141 4544//2141
f 4544//2142 4350//2142 4349//2142
f 4545//2143 4546//2143 4547//2143
f 4547//2144 4546//2144 4548//2144
f 4353//2145 4542//2145 4354//2145
f 4354//2146 4542//2146 4549//2146
f 4354//2147 4549//2147 4360//2147
f 4360//2148 4549//2148 4550//2148
f 4360//2149 4550//2149 4359//2149
f 4359//2150 4550//2150 4551//2150
f 4359//2150 4551//2150 4358//2150
f 4358//2151 4551//2151 4547//2151
f 4358//2151 4547//2151 4357//2151
f 4357//2152 4547//2152 4548//2152
f 4357//2153 4548//2153 4355//2153
f 4552//2154 4553//2154 4554//2154
f 4554//2155 4553//2155 4545//2155
f 4555//2156 4556//2156 4552//2156
f 4557//2157 4558//2157 4556//2157
f 4556//2158 4555//2158 4557//2158
f 4557//2159 4555//2159 4559//2159
f 4557//2159 4559//2159 4560//2159
f 4560//2160 4559//2160 4561//2160
f 4560//2160 4561//2160 4562//2160
f 4562//2161 4561//2161 4563//2161
f 4562//2161 4563//2161 4564//2161
f 4564//2162 4563//2162 4565//2162
f 4564//2162 4565//2162 4566//2162
f 4566//2163 4565//2163 4567//2163
f 4566//2163 4567//2163 4568//2163
f 4568//2164 4567//2164 4569//2164
f 4568//2164 4569//2164 4570//2164
f 4570//2165 4569//2165 4571//2165
f 4570//2166 4571//2166 4572//2166
f 4573//2167 4574//2167 4575//2167
f 4349//2168 4576//2168 4544//2168
f 4544//2169 4576//2169 4577//2169
f 4544//2170 4577//2170 4578//2170
f 4552//2171 4554//2171 4555//2171
f 4555//2172 4554//2172 4579//2172
f 4555//2172 4579//2172 4559//2172
f 4559//2173 4579//2173 4580//2173
f 4559//2174 4580//2174 4561//2174
f 4561//2175 4580//2175 4581//2175
f 4561//2175 4581//2175 4563//2175
f 4563//2176 4581//2176 4582//2176
f 4563//2176 4582//2176 4565//2176
f 4565//2177 4582//2177 4583//2177
f 4565//2177 4583//2177 4567//2177
f 4567//2178 4583//2178 4573//2178
f 4567//2178 4573//2178 4569//2178
f 4569//2179 4573//2179 4575//2179
f 4569//2180 4575//2180 4571//2180
f 4545//2181 4547//2181 4554//2181
f 4554//2182 4547//2182 4551//2182
f 4554//2182 4551//2182 4579//2182
f 4579//2183 4551//2183 4550//2183
f 4579//2183 4550//2183 4580//2183
f 4580//2184 4550//2184 4549//2184
f 4580//2184 4549//2184 4581//2184
f 4581//2185 4549//2185 4542//2185
f 4581//2185 4542//2185 4582//2185
f 4582//2186 4542//2186 4543//2186
f 4582//2186 4543//2186 4583//2186
f 4583//2187 4543//2187 4544//2187
f 4583//2187 4544//2187 4573//2187
f 4573//2188 4544//2188 4578//2188
f 4573//2189 4578//2189 4574//2189
f 4584//2190 4368//2190 4370//2190
f 4585//2191 4586//2191 4587//2191
f 4587//2192 4586//2192 4584//2192
f 4588//2193 4589//2193 4590//2193
f 4590//2194 4589//2194 4585//2194
f 4591//2195 4592//2195 4588//2195
f 4593//2196 4594//2196 4592//2196
f 4592//2197 4591//2197 4593//2197
f 4593//2198 4591//2198 4595//2198
f 4593//2198 4595//2198 4596//2198
f 4596//2199 4595//2199 4597//2199
f 4596//2199 4597//2199 4598//2199
f 4598//2200 4597//2200 4599//2200
f 4598//2200 4599//2200 4600//2200
f 4600//2201 4599//2201 4601//2201
f 4600//2201 4601//2201 4602//2201
f 4602//2202 4601//2202 4603//2202
f 4602//2202 4603//2202 4604//2202
f 4604//2203 4603//2203 4605//2203
f 4604//2203 4605//2203 4606//2203
f 4606//2204 4605//2204 4607//2204
f 4606//2205 4607//2205 4608//2205
f 4609//2206 4610//2206 4611//2206
f 4362//2207 4612//2207 4613//2207
f 4613//2208 4612//2208 4614//2208
f 4613//2209 4614//2209 4615//2209
f 4362//2210 4613//2210 4363//2210
f 4363//2211 4613//2211 4616//2211
f 4363//2211 4616//2211 4364//2211
f 4364//2212 4616//2212 4617//2212
f 4364//2212 4617//2212 4365//2212
f 4584//2213 4370//2213 4587//2213
f 4587//2214 4370//2214 4371//2214
f 4587//2214 4371//2214 4618//2214
f 4618//2215 4371//2215 4372//2215
f 4618//2215 4372//2215 4619//2215
f 4619//2216 4372//2216 4373//2216
f 4619//2217 4373//2217 4620//2217
f 4620//2218 4373//2218 4367//2218
f 4620//2219 4367//2219 4617//2219
f 4617//2220 4367//2220 4366//2220
f 4617//2221 4366//2221 4365//2221
f 4588//2222 4590//2222 4591//2222
f 4591//2223 4590//2223 4621//2223
f 4591//2223 4621//2223 4595//2223
f 4595//2224 4621//2224 4622//2224
f 4595//2224 4622//2224 4597//2224
f 4597//2225 4622//2225 4623//2225
f 4597//2225 4623//2225 4599//2225
f 4599//2226 4623//2226 4624//2226
f 4599//2226 4624//2226 4601//2226
f 4601//2227 4624//2227 4625//2227
f 4601//2227 4625//2227 4603//2227
f 4603//2228 4625//2228 4609//2228
f 4603//2228 4609//2228 4605//2228
f 4605//2229 4609//2229 4611//2229
f 4605//2230 4611//2230 4607//2230
f 4585//2231 4587//2231 4590//2231
f 4590//2232 4587//2232 4618//2232
f 4590//2232 4618//2232 4621//2232
f 4621//2233 4618//2233 4619//2233
f 4621//2233 4619//2233 4622//2233
f 4622//2234 4619//2234 4620//2234
f 4622//2234 4620//2234 4623//2234
f 4623//2235 4620//2235 4617//2235
f 4623//2235 4617//2235 4624//2235
f 4624//2236 4617//2236 4616//2236
f 4624//2236 4616//2236 4625//2236
f 4625//2237 4616//2237 4613//2237
f 4625//2237 4613//2237 4609//2237
f 4609//2238 4613//2238 4615//2238
f 4609//2239 4615//2239 4610//2239
f 4626//1 4409//1 4374//1
f 4627//1 4381//1 4383//1
f 4628//1 4629//1 4630//1
f 4627//1 4383//1 4631//1
f 4383//1 4385//1 4631//1
f 4631//1 4385//1 4387//1
f 4631//1 4387//1 4630//1
f 4630//1 4387//1 4389//1
f 4630//1 4389//1 4628//1
f 4381//1 4627//1 4379//1
f 4379//1 4627//1 4632//1
f 4379//1 4632//1 4377//1
f 4377//1 4632//1 4633//1
f 4377//1 4633//1 4374//1
f 4374//1 4633//1 4634//1
f 4374//1 4634//1 4626//1
f 4635//1 4636//1 4637//1
f 4444//1 4446//1 4638//1
f 4639//1 4640//1 4440//1
f 4440//1 4640//1 4438//1
f 4438//1 4640//1 4641//1
f 4438//1 4641//1 4436//1
f 4436//1 4641//1 4434//1
f 4434//1 4641//1 4635//1
f 4434//1 4635//1 4431//1
f 4431//1 4635//1 4637//1
f 4431//1 4637//1 4432//1
f 4638//1 4642//1 4444//1
f 4444//1 4642//1 4639//1
f 4444//1 4639//1 4442//1
f 4442//1 4639//1 4440//1
f 4643//1 4468//1 4467//1
f 4480//1 4482//1 4644//1
f 4645//1 4472//1 4474//1
f 4645//1 4474//1 4646//1
f 4644//1 4647//1 4480//1
f 4480//1 4647//1 4648//1
f 4480//1 4648//1 4478//1
f 4478//1 4648//1 4646//1
f 4478//1 4646//1 4476//1
f 4476//1 4646//1 4474//1
f 4472//1 4645//1 4470//1
f 4470//1 4645//1 4649//1
f 4470//1 4649//1 4467//1
f 4467//1 4649//1 4650//1
f 4467//1 4650//1 4643//1
f 4651//1 4535//1 4500//1
f 4652//1 4507//1 4509//1
f 4653//1 4654//1 4655//1
f 4652//1 4509//1 4656//1
f 4509//1 4511//1 4656//1
f 4656//1 4511//1 4513//1
f 4656//1 4513//1 4655//1
f 4655//1 4513//1 4515//1
f 4655//1 4515//1 4653//1
f 4507//1 4652//1 4505//1
f 4505//1 4652//1 4657//1
f 4505//1 4657//1 4503//1
f 4503//1 4657//1 4658//1
f 4503//1 4658//1 4500//1
f 4500//1 4658//1 4659//1
f 4500//1 4659//1 4651//1
f 4570//1 4572//1 4660//1
f 4661//1 4662//1 4566//1
f 4566//1 4662//1 4564//1
f 4564//1 4662//1 4663//1
f 4564//1 4663//1 4562//1
f 4664//1 4665//1 4666//1
f 4660//1 4667//1 4570//1
f 4570//1 4667//1 4661//1
f 4570//1 4661//1 4568//1
f 4568//1 4661//1 4566//1
f 4562//1 4663//1 4560//1
f 4560//1 4663//1 4664//1
f 4560//1 4664//1 4557//1
f 4557//1 4664//1 4666//1
f 4557//1 4666//1 4558//1
f 4668//1 4594//1 4593//1
f 4669//1 4598//1 4600//1
f 4606//1 4608//1 4670//1
f 4669//1 4600//1 4671//1
f 4598//1 4669//1 4596//1
f 4596//1 4669//1 4672//1
f 4596//1 4672//1 4593//1
f 4593//1 4672//1 4673//1
f 4593//1 4673//1 4668//1
f 4670//1 4674//1 4606//1
f 4606//1 4674//1 4675//1
f 4606//1 4675//1 4604//1
f 4604//1 4675//1 4671//1
f 4604//1 4671//1 4602//1
f 4602//1 4671//1 4600//1
f 4676//2240 4634//2240 4633//2240
f 3428//2241 3524//2241 4650//2241
f 3504//2242 4677//2242 3524//2242
f 3524//2243 4677//2243 4678//2243
f 4678//2244 4679//2244 3524//2244
f 3524//2245 4679//2245 4680//2245
f 3524//2246 4680//2246 4650//2246
f 4681//2247 3481//2247 4682//2247
f 4682//2248 3481//2248 3394//2248
f 4683//2249 4684//2249 3384//2249
f 3384//2250 4684//2250 4685//2250
f 3384//2251 4685//2251 3389//2251
f 3389//2252 4685//2252 4676//2252
f 4639//2253 4642//2253 3384//2253
f 3384//2254 4642//2254 4686//2254
f 3384//2255 4686//2255 4683//2255
f 4687//2256 3400//2256 4688//2256
f 4688//2257 3400//2257 3402//2257
f 4688//2258 3402//2258 4689//2258
f 3422//2259 4690//2259 3402//2259
f 3402//2260 4690//2260 4691//2260
f 3402//2261 4691//2261 4689//2261
f 4676//2262 4633//2262 3389//2262
f 3389//1382 4633//1382 4632//1382
f 3389//1382 4632//1382 3380//1382
f 3380//1381 4632//1381 4627//1381
f 3380//1381 4627//1381 3377//1381
f 3377//1375 4627//1375 4631//1375
f 3377//1375 4631//1375 3378//1375
f 3378//1376 4631//1376 4630//1376
f 3378//1376 4630//1376 3394//1376
f 3394//2263 4630//2263 4629//2263
f 3394//2264 4629//2264 4682//2264
f 3384//2265 3383//2265 4639//2265
f 4639//1391 3383//1391 3439//1391
f 4639//1391 3439//1391 4640//1391
f 4640//1392 3439//1392 3399//1392
f 4640//1392 3399//1392 4641//1392
f 4641//1393 3399//1393 3400//1393
f 4641//1393 3400//1393 4635//1393
f 4635//2266 3400//2266 4687//2266
f 4635//2267 4687//2267 4636//2267
f 4650//2268 4649//2268 3428//2268
f 3428//1397 4649//1397 4645//1397
f 3428//1397 4645//1397 3577//1397
f 3577//2269 4645//2269 4646//2269
f 3577//2269 4646//2269 3424//2269
f 3424//1353 4646//1353 4648//1353
f 3424//1353 4648//1353 3422//1353
f 3422//2270 4648//2270 4647//2270
f 3422//2271 4647//2271 4690//2271
f 4692//2272 4659//2272 4658//2272
f 3376//2273 4693//2273 4673//2273
f 3376//2274 4673//2274 3375//2274
f 3481//2275 4681//2275 3376//2275
f 3376//2276 4681//2276 4694//2276
f 3376//2277 4694//2277 4693//2277
f 4677//2278 3504//2278 4695//2278
f 4695//2279 3504//2279 3558//2279
f 4696//2280 4697//2280 3540//2280
f 3540//2281 4697//2281 4698//2281
f 3540//2282 4698//2282 3529//2282
f 3529//2283 4698//2283 4692//2283
f 4661//2284 4667//2284 3540//2284
f 3540//2285 4667//2285 4699//2285
f 3540//2286 4699//2286 4696//2286
f 4700//2287 3463//2287 4701//2287
f 4701//2288 3463//2288 3448//2288
f 4701//2289 3448//2289 4702//2289
f 3450//2290 4703//2290 3448//2290
f 3448//2291 4703//2291 4704//2291
f 3448//2292 4704//2292 4702//2292
f 4692//2293 4658//2293 3529//2293
f 3529//1425 4658//1425 4657//1425
f 3529//1425 4657//1425 3505//1425
f 3505//1426 4657//1426 4652//1426
f 3505//1426 4652//1426 3528//1426
f 3528//1427 4652//1427 4656//1427
f 3528//1427 4656//1427 3460//1427
f 3460//1428 4656//1428 4655//1428
f 3460//1428 4655//1428 3558//1428
f 3558//2294 4655//2294 4654//2294
f 3558//2295 4654//2295 4695//2295
f 3540//2296 3509//2296 4661//2296
f 4661//1432 3509//1432 3508//1432
f 4661//1432 3508//1432 4662//1432
f 4662//1433 3508//1433 3445//1433
f 4662//1433 3445//1433 4663//1433
f 4663//1434 3445//1434 3463//1434
f 4663//1434 3463//1434 4664//1434
f 4664//2297 3463//2297 4700//2297
f 4664//2298 4700//2298 4665//2298
f 4673//2299 4672//2299 3375//2299
f 3375//1438 4672//1438 4669//1438
f 3375//1438 4669//1438 3471//1438
f 3471//1439 4669//1439 4671//1439
f 3471//1439 4671//1439 3386//1439
f 3386//1440 4671//1440 4675//1440
f 3386//1440 4675//1440 3450//1440
f 3450//2300 4675//2300 4674//2300
f 3450//2301 4674//2301 4703//2301
f 4705//2302 4267//2302 4706//2302
f 4706//2303 4267//2303 4266//2303
f 4706//2304 4266//2304 4707//2304
f 4707//2305 4266//2305 4099//2305
f 4707//2306 4099//2306 4090//2306
f 4484//2307 4489//2307 4708//2307
f 4708//2308 4489//2308 4488//2308
f 4708//2309 4488//2309 4709//2309
f 4488//2310 4486//2310 4709//2310
f 4709//2311 4486//2311 4323//2311
f 4709//2312 4323//2312 4705//2312
f 4705//2313 4323//2313 4322//2313
f 4705//2314 4322//2314 4267//2314
f 4647//2315 4710//2315 4690//2315
f 4690//2316 4710//2316 4482//2316
f 4690//2317 4482//2317 4691//2317
f 4484//2318 4708//2318 4485//2318
f 4485//2319 4708//2319 4711//2319
f 4485//2320 4711//2320 4481//2320
f 4482//2321 4481//2321 4691//2321
f 4691//2322 4481//2322 4711//2322
f 4691//2323 4711//2323 4689//2323
f 4689//2324 4711//2324 4712//2324
f 4426//2325 4430//2325 4688//2325
f 4430//2326 4432//2326 4688//2326
f 4688//2327 4432//2327 4713//2327
f 4688//2328 4713//2328 4687//2328
f 4687//2329 4713//2329 4636//2329
f 4419//2330 4427//2330 4714//2330
f 4714//2331 4427//2331 4426//2331
f 4714//2332 4426//2332 4712//2332
f 4712//2333 4426//2333 4688//2333
f 4712//2334 4688//2334 4689//2334
f 4715//2335 4422//2335 4714//2335
f 4714//2336 4422//2336 4420//2336
f 4714//2337 4420//2337 4419//2337
f 4705//2338 4706//2338 4716//2338
f 4708//2339 4709//2339 4717//2339
f 4718//2340 4719//2340 4720//2340
f 4720//2341 4719//2341 4721//2341
f 4720//2341 4721//2341 4722//2341
f 4722//2342 4721//2342 4723//2342
f 4722//2342 4723//2342 4724//2342
f 4724//2343 4723//2343 4725//2343
f 4724//2343 4725//2343 4726//2343
f 4726//2344 4725//2344 4727//2344
f 4726//2344 4727//2344 4728//2344
f 4728//2345 4727//2345 4729//2345
f 4728//2345 4729//2345 4730//2345
f 4730//2346 4729//2346 4731//2346
f 4730//2346 4731//2346 4732//2346
f 4732//2347 4731//2347 4733//2347
f 4732//2347 4733//2347 4734//2347
f 4734//2348 4733//2348 4735//2348
f 4734//2348 4735//2348 4736//2348
f 4736//2349 4735//2349 4737//2349
f 4736//2349 4737//2349 4738//2349
f 4738//2350 4737//2350 4739//2350
f 4738//2350 4739//2350 4740//2350
f 4740//2351 4739//2351 4741//2351
f 4740//2351 4741//2351 4742//2351
f 4742//2352 4741//2352 4743//2352
f 4742//2352 4743//2352 4744//2352
f 4744//2353 4743//2353 4745//2353
f 4744//2354 4745//2354 4746//2354
f 4746//2355 4745//2355 4747//2355
f 4746//2355 4747//2355 4748//2355
f 4748//2356 4747//2356 4749//2356
f 4748//2356 4749//2356 4750//2356
f 4750//2357 4749//2357 4751//2357
f 4750//2357 4751//2357 4752//2357
f 4752//2358 4751//2358 4753//2358
f 4752//2359 4753//2359 4754//2359
f 4754//2360 4753//2360 4755//2360
f 4754//2360 4755//2360 4756//2360
f 4756//2361 4755//2361 4757//2361
f 4756//2361 4757//2361 4758//2361
f 4758//2362 4757//2362 4759//2362
f 4758//2362 4759//2362 4760//2362
f 4760//2363 4759//2363 4761//2363
f 4760//2364 4761//2364 4762//2364
f 4762//2365 4761//2365 4763//2365
f 4762//2365 4763//2365 4764//2365
f 4764//2366 4763//2366 4765//2366
f 4764//2366 4765//2366 4766//2366
f 4766//2367 4765//2367 4767//2367
f 4766//2368 4767//2368 4768//2368
f 4768//2369 4767//2369 4769//2369
f 4768//2370 4769//2370 4770//2370
f 4770//2371 4769//2371 4771//2371
f 4770//2372 4771//2372 4772//2372
f 4772//2373 4771//2373 4773//2373
f 4772//2373 4773//2373 4774//2373
f 4774//2374 4773//2374 4775//2374
f 4774//2374 4775//2374 4776//2374
f 4776//2375 4775//2375 4777//2375
f 4776//2375 4777//2375 4778//2375
f 4778//2376 4777//2376 4715//2376
f 4715//2376 4714//2376 4778//2376
f 4778//2377 4714//2377 4779//2377
f 4778//2378 4779//2378 4776//2378
f 4776//2378 4779//2378 4780//2378
f 4776//2379 4780//2379 4774//2379
f 4774//2379 4780//2379 4781//2379
f 4774//2380 4781//2380 4772//2380
f 4772//2380 4781//2380 4782//2380
f 4772//2381 4782//2381 4770//2381
f 4770//2382 4782//2382 4783//2382
f 4770//2383 4783//2383 4768//2383
f 4768//2383 4783//2383 4784//2383
f 4768//2384 4784//2384 4766//2384
f 4766//2385 4784//2385 4785//2385
f 4766//2386 4785//2386 4764//2386
f 4764//2386 4785//2386 4786//2386
f 4764//2387 4786//2387 4762//2387
f 4762//2387 4786//2387 4787//2387
f 4762//2388 4787//2388 4760//2388
f 4760//2388 4787//2388 4788//2388
f 4760//2389 4788//2389 4758//2389
f 4758//2389 4788//2389 4789//2389
f 4758//2390 4789//2390 4756//2390
f 4756//2390 4789//2390 4790//2390
f 4756//2391 4790//2391 4754//2391
f 4754//2391 4790//2391 4791//2391
f 4754//2392 4791//2392 4752//2392
f 4752//2392 4791//2392 4792//2392
f 4752//2393 4792//2393 4750//2393
f 4750//2393 4792//2393 4793//2393
f 4750//2394 4793//2394 4748//2394
f 4748//2394 4793//2394 4794//2394
f 4748//2395 4794//2395 4746//2395
f 4746//2395 4794//2395 4795//2395
f 4746//2396 4795//2396 4744//2396
f 4744//2397 4795//2397 4796//2397
f 4744//2398 4796//2398 4742//2398
f 4742//2399 4796//2399 4797//2399
f 4742//2400 4797//2400 4740//2400
f 4740//2400 4797//2400 4798//2400
f 4740//2401 4798//2401 4738//2401
f 4738//2401 4798//2401 4799//2401
f 4738//2402 4799//2402 4736//2402
f 4736//2402 4799//2402 4800//2402
f 4736//2403 4800//2403 4734//2403
f 4734//2403 4800//2403 4801//2403
f 4734//2404 4801//2404 4732//2404
f 4732//2404 4801//2404 4802//2404
f 4732//2405 4802//2405 4730//2405
f 4730//2405 4802//2405 4803//2405
f 4730//2406 4803//2406 4728//2406
f 4728//2406 4803//2406 4804//2406
f 4728//2407 4804//2407 4726//2407
f 4726//2407 4804//2407 4805//2407
f 4726//2408 4805//2408 4724//2408
f 4724//2408 4805//2408 4806//2408
f 4724//2409 4806//2409 4722//2409
f 4722//2409 4806//2409 4807//2409
f 4722//2410 4807//2410 4720//2410
f 4720//2410 4807//2410 4808//2410
f 4720//2411 4808//2411 4718//2411
f 4714//2377 4712//2377 4779//2377
f 4779//2412 4712//2412 4809//2412
f 4779//2413 4809//2413 4780//2413
f 4780//2413 4809//2413 4810//2413
f 4780//2414 4810//2414 4781//2414
f 4781//2414 4810//2414 4811//2414
f 4781//2415 4811//2415 4782//2415
f 4782//2415 4811//2415 4812//2415
f 4782//2416 4812//2416 4783//2416
f 4783//2417 4812//2417 4813//2417
f 4783//2418 4813//2418 4784//2418
f 4784//2418 4813//2418 4814//2418
f 4784//2419 4814//2419 4785//2419
f 4785//2419 4814//2419 4815//2419
f 4785//2420 4815//2420 4786//2420
f 4786//2420 4815//2420 4816//2420
f 4786//2421 4816//2421 4787//2421
f 4787//2421 4816//2421 4817//2421
f 4787//2422 4817//2422 4788//2422
f 4788//2423 4817//2423 4818//2423
f 4788//2424 4818//2424 4789//2424
f 4789//2424 4818//2424 4819//2424
f 4789//2425 4819//2425 4790//2425
f 4790//2425 4819//2425 4820//2425
f 4790//2426 4820//2426 4791//2426
f 4791//2426 4820//2426 4821//2426
f 4791//2427 4821//2427 4792//2427
f 4792//2427 4821//2427 4822//2427
f 4792//2428 4822//2428 4793//2428
f 4793//2428 4822//2428 4823//2428
f 4793//2429 4823//2429 4794//2429
f 4794//2429 4823//2429 4824//2429
f 4794//2430 4824//2430 4795//2430
f 4795//2430 4824//2430 4825//2430
f 4795//2431 4825//2431 4796//2431
f 4796//2431 4825//2431 4826//2431
f 4796//2432 4826//2432 4797//2432
f 4797//2432 4826//2432 4827//2432
f 4797//2433 4827//2433 4798//2433
f 4798//2433 4827//2433 4828//2433
f 4798//2434 4828//2434 4799//2434
f 4799//2434 4828//2434 4829//2434
f 4799//2435 4829//2435 4800//2435
f 4800//2435 4829//2435 4830//2435
f 4800//2436 4830//2436 4801//2436
f 4801//2436 4830//2436 4831//2436
f 4801//2437 4831//2437 4802//2437
f 4802//2437 4831//2437 4832//2437
f 4802//2438 4832//2438 4803//2438
f 4803//2438 4832//2438 4833//2438
f 4803//2439 4833//2439 4804//2439
f 4804//2439 4833//2439 4834//2439
f 4804//2440 4834//2440 4805//2440
f 4805//2440 4834//2440 4835//2440
f 4805//2441 4835//2441 4806//2441
f 4806//2441 4835//2441 4836//2441
f 4806//2442 4836//2442 4807//2442
f 4807//2442 4836//2442 4837//2442
f 4807//2443 4837//2443 4808//2443
f 4808//2443 4837//2443 4838//2443
f 4808//2444 4838//2444 4718//2444
f 4712//2412 4711//2412 4809//2412
f 4809//2445 4711//2445 4839//2445
f 4809//2446 4839//2446 4810//2446
f 4810//2446 4839//2446 4840//2446
f 4810//2447 4840//2447 4811//2447
f 4811//2447 4840//2447 4841//2447
f 4811//2448 4841//2448 4812//2448
f 4812//2449 4841//2449 4842//2449
f 4812//2450 4842//2450 4813//2450
f 4813//2451 4842//2451 4843//2451
f 4813//2452 4843//2452 4814//2452
f 4814//2452 4843//2452 4844//2452
f 4814//2453 4844//2453 4815//2453
f 4815//2454 4844//2454 4845//2454
f 4815//2455 4845//2455 4816//2455
f 4816//2456 4845//2456 4846//2456
f 4816//2457 4846//2457 4817//2457
f 4817//2457 4846//2457 4847//2457
f 4817//2458 4847//2458 4818//2458
f 4818//2458 4847//2458 4848//2458
f 4818//2459 4848//2459 4819//2459
f 4819//2460 4848//2460 4849//2460
f 4819//2461 4849//2461 4820//2461
f 4820//2462 4849//2462 4850//2462
f 4820//2463 4850//2463 4821//2463
f 4821//2463 4850//2463 4851//2463
f 4821//2464 4851//2464 4822//2464
f 4822//2464 4851//2464 4852//2464
f 4822//2465 4852//2465 4823//2465
f 4823//2465 4852//2465 4853//2465
f 4823//2466 4853//2466 4824//2466
f 4824//2466 4853//2466 4854//2466
f 4824//2467 4854//2467 4825//2467
f 4825//2467 4854//2467 4855//2467
f 4825//2468 4855//2468 4826//2468
f 4826//2468 4855//2468 4856//2468
f 4826//2469 4856//2469 4827//2469
f 4827//2469 4856//2469 4857//2469
f 4827//2470 4857//2470 4828//2470
f 4828//2470 4857//2470 4858//2470
f 4828//2471 4858//2471 4829//2471
f 4829//2471 4858//2471 4859//2471
f 4829//2472 4859//2472 4830//2472
f 4830//2472 4859//2472 4860//2472
f 4830//2473 4860//2473 4831//2473
f 4831//2473 4860//2473 4861//2473
f 4831//2474 4861//2474 4832//2474
f 4832//2474 4861//2474 4862//2474
f 4832//2475 4862//2475 4833//2475
f 4833//2475 4862//2475 4863//2475
f 4833//2476 4863//2476 4834//2476
f 4834//2476 4863//2476 4864//2476
f 4834//2477 4864//2477 4835//2477
f 4835//2477 4864//2477 4865//2477
f 4835//2478 4865//2478 4836//2478
f 4836//2478 4865//2478 4866//2478
f 4836//2479 4866//2479 4837//2479
f 4837//2479 4866//2479 4867//2479
f 4837//2480 4867//2480 4838//2480
f 4838//2480 4867//2480 4868//2480
f 4838//2481 4868//2481 4718//2481
f 4709//2482 4705//2482 4717//2482
f 4717//2483 4705//2483 4716//2483
f 4717//2484 4716//2484 4869//2484
f 4869//2484 4716//2484 4870//2484
f 4869//2485 4870//2485 4871//2485
f 4871//2485 4870//2485 4872//2485
f 4871//2486 4872//2486 4873//2486
f 4873//2486 4872//2486 4874//2486
f 4873//2487 4874//2487 4875//2487
f 4875//2488 4874//2488 4876//2488
f 4875//2489 4876//2489 4877//2489
f 4877//2489 4876//2489 4878//2489
f 4877//2490 4878//2490 4879//2490
f 4879//2490 4878//2490 4880//2490
f 4879//2491 4880//2491 4881//2491
f 4881//2491 4880//2491 4882//2491
f 4881//2492 4882//2492 4883//2492
f 4883//2492 4882//2492 4884//2492
f 4883//2493 4884//2493 4885//2493
f 4885//2493 4884//2493 4886//2493
f 4885//2494 4886//2494 4887//2494
f 4887//2494 4886//2494 4888//2494
f 4887//2495 4888//2495 4889//2495
f 4889//2495 4888//2495 4890//2495
f 4889//2496 4890//2496 4891//2496
f 4891//2496 4890//2496 4892//2496
f 4891//2497 4892//2497 4893//2497
f 4893//2497 4892//2497 4894//2497
f 4893//2498 4894//2498 4895//2498
f 4895//2498 4894//2498 4896//2498
f 4895//2499 4896//2499 4897//2499
f 4897//2499 4896//2499 4898//2499
f 4897//2500 4898//2500 4899//2500
f 4899//2500 4898//2500 4900//2500
f 4899//2501 4900//2501 4901//2501
f 4901//2501 4900//2501 4902//2501
f 4901//2502 4902//2502 4903//2502
f 4903//2502 4902//2502 4904//2502
f 4903//2503 4904//2503 4905//2503
f 4905//2503 4904//2503 4906//2503
f 4905//2504 4906//2504 4907//2504
f 4907//2504 4906//2504 4908//2504
f 4907//2505 4908//2505 4909//2505
f 4909//2505 4908//2505 4910//2505
f 4909//2506 4910//2506 4911//2506
f 4911//2506 4910//2506 4912//2506
f 4911//2507 4912//2507 4913//2507
f 4913//2507 4912//2507 4914//2507
f 4913//2508 4914//2508 4915//2508
f 4915//2508 4914//2508 4916//2508
f 4915//2509 4916//2509 4917//2509
f 4917//2509 4916//2509 4918//2509
f 4917//2510 4918//2510 4919//2510
f 4919//2510 4918//2510 4920//2510
f 4919//2511 4920//2511 4921//2511
f 4921//2511 4920//2511 4922//2511
f 4921//2512 4922//2512 4923//2512
f 4923//2512 4922//2512 4924//2512
f 4923//2513 4924//2513 4925//2513
f 4925//2513 4924//2513 4926//2513
f 4925//2514 4926//2514 4718//2514
f 4718//2515 4926//2515 4927//2515
f 4927//2516 4926//2516 4924//2516
f 4927//2516 4924//2516 4928//2516
f 4928//2517 4924//2517 4922//2517
f 4928//2517 4922//2517 4929//2517
f 4929//2518 4922//2518 4920//2518
f 4929//2518 4920//2518 4930//2518
f 4930//2519 4920//2519 4918//2519
f 4930//2519 4918//2519 4931//2519
f 4931//2520 4918//2520 4916//2520
f 4931//2520 4916//2520 4932//2520
f 4932//2521 4916//2521 4914//2521
f 4932//2521 4914//2521 4933//2521
f 4933//2522 4914//2522 4912//2522
f 4933//2522 4912//2522 4934//2522
f 4934//2523 4912//2523 4910//2523
f 4934//2523 4910//2523 4935//2523
f 4935//2524 4910//2524 4908//2524
f 4935//2524 4908//2524 4936//2524
f 4936//2525 4908//2525 4906//2525
f 4936//2525 4906//2525 4937//2525
f 4937//2526 4906//2526 4904//2526
f 4937//2526 4904//2526 4938//2526
f 4938//2527 4904//2527 4902//2527
f 4938//2527 4902//2527 4939//2527
f 4939//2528 4902//2528 4900//2528
f 4939//2528 4900//2528 4940//2528
f 4940//2529 4900//2529 4898//2529
f 4940//2529 4898//2529 4941//2529
f 4941//2530 4898//2530 4896//2530
f 4941//2530 4896//2530 4942//2530
f 4942//2531 4896//2531 4894//2531
f 4942//2531 4894//2531 4943//2531
f 4943//2532 4894//2532 4892//2532
f 4943//2532 4892//2532 4944//2532
f 4944//2533 4892//2533 4890//2533
f 4944//2533 4890//2533 4945//2533
f 4945//2534 4890//2534 4888//2534
f 4945//2534 4888//2534 4946//2534
f 4946//2535 4888//2535 4886//2535
f 4946//2535 4886//2535 4947//2535
f 4947//2536 4886//2536 4884//2536
f 4947//2536 4884//2536 4948//2536
f 4948//2537 4884//2537 4882//2537
f 4948//2537 4882//2537 4949//2537
f 4949//2538 4882//2538 4880//2538
f 4949//2538 4880//2538 4950//2538
f 4950//2539 4880//2539 4878//2539
f 4950//2540 4878//2540 4951//2540
f 4951//2541 4878//2541 4876//2541
f 4951//2541 4876//2541 4952//2541
f 4952//2542 4876//2542 4874//2542
f 4952//2543 4874//2543 4953//2543
f 4953//2544 4874//2544 4872//2544
f 4953//2544 4872//2544 4954//2544
f 4954//2545 4872//2545 4870//2545
f 4954//2545 4870//2545 4955//2545
f 4955//2546 4870//2546 4716//2546
f 4955//2546 4716//2546 4956//2546
f 4956//2547 4716//2547 4706//2547
f 4956//2547 4706//2547 4707//2547
f 4711//2445 4708//2445 4839//2445
f 4839//2339 4708//2339 4717//2339
f 4839//2548 4717//2548 4840//2548
f 4840//2548 4717//2548 4869//2548
f 4840//2549 4869//2549 4841//2549
f 4841//2549 4869//2549 4871//2549
f 4841//2550 4871//2550 4842//2550
f 4842//2550 4871//2550 4873//2550
f 4842//2551 4873//2551 4843//2551
f 4843//2552 4873//2552 4875//2552
f 4843//2553 4875//2553 4844//2553
f 4844//2554 4875//2554 4877//2554
f 4844//2555 4877//2555 4845//2555
f 4845//2555 4877//2555 4879//2555
f 4845//2556 4879//2556 4846//2556
f 4846//2556 4879//2556 4881//2556
f 4846//2557 4881//2557 4847//2557
f 4847//2557 4881//2557 4883//2557
f 4847//2558 4883//2558 4848//2558
f 4848//2558 4883//2558 4885//2558
f 4848//2559 4885//2559 4849//2559
f 4849//2559 4885//2559 4887//2559
f 4849//2560 4887//2560 4850//2560
f 4850//2560 4887//2560 4889//2560
f 4850//2561 4889//2561 4851//2561
f 4851//2561 4889//2561 4891//2561
f 4851//2562 4891//2562 4852//2562
f 4852//2562 4891//2562 4893//2562
f 4852//2563 4893//2563 4853//2563
f 4853//2563 4893//2563 4895//2563
f 4853//2564 4895//2564 4854//2564
f 4854//2564 4895//2564 4897//2564
f 4854//2565 4897//2565 4855//2565
f 4855//2566 4897//2566 4899//2566
f 4855//2567 4899//2567 4856//2567
f 4856//2568 4899//2568 4901//2568
f 4856//2569 4901//2569 4857//2569
f 4857//2569 4901//2569 4903//2569
f 4857//2570 4903//2570 4858//2570
f 4858//2570 4903//2570 4905//2570
f 4858//2571 4905//2571 4859//2571
f 4859//2571 4905//2571 4907//2571
f 4859//2572 4907//2572 4860//2572
f 4860//2572 4907//2572 4909//2572
f 4860//2573 4909//2573 4861//2573
f 4861//2573 4909//2573 4911//2573
f 4861//2574 4911//2574 4862//2574
f 4862//2574 4911//2574 4913//2574
f 4862//2575 4913//2575 4863//2575
f 4863//2576 4913//2576 4915//2576
f 4863//2577 4915//2577 4864//2577
f 4864//2577 4915//2577 4917//2577
f 4864//2578 4917//2578 4865//2578
f 4865//2578 4917//2578 4919//2578
f 4865//2579 4919//2579 4866//2579
f 4866//2579 4919//2579 4921//2579
f 4866//2580 4921//2580 4867//2580
f 4867//2580 4921//2580 4923//2580
f 4867//2581 4923//2581 4868//2581
f 4868//2581 4923//2581 4925//2581
f 4868//2582 4925//2582 4718//2582
f 4957//2583 4257//2583 4958//2583
f 4958//2584 4257//2584 4317//2584
f 4958//2585 4317//2585 4715//2585
f 4715//2586 4317//2586 4316//2586
f 4715//2587 4316//2587 4422//2587
f 4038//2588 4037//2588 4959//2588
f 4959//2589 4037//2589 4041//2589
f 4959//2590 4041//2590 4960//2590
f 4041//2591 4040//2591 4960//2591
f 4960//2592 4040//2592 4049//2592
f 4960//2593 4049//2593 4957//2593
f 4957//2594 4049//2594 4256//2594
f 4957//2595 4256//2595 4257//2595
f 3736//2596 3636//2596 4961//2596
f 4961//2597 3636//2597 3635//2597
f 4961//2598 3635//2598 3665//2598
f 4038//2599 4959//2599 4028//2599
f 4028//2600 4959//2600 4962//2600
f 4028//2601 4962//2601 4029//2601
f 3736//2602 4029//2602 3636//2602
f 3636//2603 4029//2603 4962//2603
f 3636//2604 4962//2604 3633//2604
f 3633//2605 4962//2605 4963//2605
f 4110//2606 4103//2606 3631//2606
f 3631//2607 4103//2607 3744//2607
f 3631//2608 3744//2608 3630//2608
f 3630//2609 3744//2609 4964//2609
f 3630//2610 4964//2610 3629//2610
f 4102//2611 4101//2611 4965//2611
f 4965//2612 4101//2612 4110//2612
f 4965//2613 4110//2613 4963//2613
f 4963//2614 4110//2614 3631//2614
f 4963//2615 3631//2615 3633//2615
f 4707//2616 4090//2616 4965//2616
f 4965//2617 4090//2617 4089//2617
f 4965//2618 4089//2618 4102//2618
f 4957//2619 4958//2619 4966//2619
f 4959//2620 4960//2620 4967//2620
f 4718//2621 4927//2621 4968//2621
f 4968//2622 4927//2622 4928//2622
f 4968//2623 4928//2623 4969//2623
f 4969//2624 4928//2624 4929//2624
f 4969//2624 4929//2624 4970//2624
f 4970//2625 4929//2625 4930//2625
f 4970//2625 4930//2625 4971//2625
f 4971//2626 4930//2626 4931//2626
f 4971//2626 4931//2626 4972//2626
f 4972//2627 4931//2627 4932//2627
f 4972//2627 4932//2627 4973//2627
f 4973//2628 4932//2628 4933//2628
f 4973//2628 4933//2628 4974//2628
f 4974//2629 4933//2629 4934//2629
f 4974//2629 4934//2629 4975//2629
f 4975//2630 4934//2630 4935//2630
f 4975//2630 4935//2630 4976//2630
f 4976//2631 4935//2631 4936//2631
f 4976//2631 4936//2631 4977//2631
f 4977//2632 4936//2632 4937//2632
f 4977//2632 4937//2632 4978//2632
f 4978//2633 4937//2633 4938//2633
f 4978//2633 4938//2633 4979//2633
f 4979//2634 4938//2634 4939//2634
f 4979//2634 4939//2634 4980//2634
f 4980//2635 4939//2635 4940//2635
f 4980//2635 4940//2635 4981//2635
f 4981//2636 4940//2636 4941//2636
f 4981//2637 4941//2637 4982//2637
f 4982//2638 4941//2638 4942//2638
f 4982//2639 4942//2639 4983//2639
f 4983//2640 4942//2640 4943//2640
f 4983//2640 4943//2640 4984//2640
f 4984//2641 4943//2641 4944//2641
f 4984//2642 4944//2642 4985//2642
f 4985//2643 4944//2643 4945//2643
f 4985//2643 4945//2643 4986//2643
f 4986//2644 4945//2644 4946//2644
f 4986//2644 4946//2644 4987//2644
f 4987//2645 4946//2645 4947//2645
f 4987//2645 4947//2645 4988//2645
f 4988//2646 4947//2646 4948//2646
f 4988//2647 4948//2647 4989//2647
f 4989//2648 4948//2648 4949//2648
f 4989//2648 4949//2648 4990//2648
f 4990//2649 4949//2649 4950//2649
f 4990//2649 4950//2649 4991//2649
f 4991//2650 4950//2650 4951//2650
f 4991//2650 4951//2650 4992//2650
f 4992//2651 4951//2651 4952//2651
f 4992//2652 4952//2652 4993//2652
f 4993//2653 4952//2653 4953//2653
f 4993//2654 4953//2654 4994//2654
f 4994//2655 4953//2655 4954//2655
f 4994//2655 4954//2655 4995//2655
f 4995//2656 4954//2656 4955//2656
f 4995//2656 4955//2656 4996//2656
f 4996//2657 4955//2657 4956//2657
f 4996//2657 4956//2657 4997//2657
f 4997//2658 4956//2658 4707//2658
f 4707//2658 4965//2658 4997//2658
f 4997//2659 4965//2659 4998//2659
f 4997//2660 4998//2660 4996//2660
f 4996//2660 4998//2660 4999//2660
f 4996//2661 4999//2661 4995//2661
f 4995//2661 4999//2661 5000//2661
f 4995//2662 5000//2662 4994//2662
f 4994//2662 5000//2662 5001//2662
f 4994//2663 5001//2663 4993//2663
f 4993//2664 5001//2664 5002//2664
f 4993//2665 5002//2665 4992//2665
f 4992//2665 5002//2665 5003//2665
f 4992//2666 5003//2666 4991//2666
f 4991//2667 5003//2667 5004//2667
f 4991//2668 5004//2668 4990//2668
f 4990//2669 5004//2669 5005//2669
f 4990//2670 5005//2670 4989//2670
f 4989//2670 5005//2670 5006//2670
f 4989//2671 5006//2671 4988//2671
f 4988//2672 5006//2672 5007//2672
f 4988//2673 5007//2673 4987//2673
f 4987//2673 5007//2673 5008//2673
f 4987//2674 5008//2674 4986//2674
f 4986//2674 5008//2674 5009//2674
f 4986//2675 5009//2675 4985//2675
f 4985//2675 5009//2675 5010//2675
f 4985//2676 5010//2676 4984//2676
f 4984//2676 5010//2676 5011//2676
f 4984//2677 5011//2677 4983//2677
f 4983//2677 5011//2677 5012//2677
f 4983//2678 5012//2678 4982//2678
f 4982//2679 5012//2679 5013//2679
f 4982//2680 5013//2680 4981//2680
f 4981//2680 5013//2680 5014//2680
f 4981//2681 5014//2681 4980//2681
f 4980//2681 5014//2681 5015//2681
f 4980//2682 5015//2682 4979//2682
f 4979//2682 5015//2682 5016//2682
f 4979//2683 5016//2683 4978//2683
f 4978//2683 5016//2683 5017//2683
f 4978//2684 5017//2684 4977//2684
f 4977//2684 5017//2684 5018//2684
f 4977//2685 5018//2685 4976//2685
f 4976//2685 5018//2685 5019//2685
f 4976//2686 5019//2686 4975//2686
f 4975//2686 5019//2686 5020//2686
f 4975//2687 5020//2687 4974//2687
f 4974//2687 5020//2687 5021//2687
f 4974//2688 5021//2688 4973//2688
f 4973//2688 5021//2688 5022//2688
f 4973//2689 5022//2689 4972//2689
f 4972//2689 5022//2689 5023//2689
f 4972//2690 5023//2690 4971//2690
f 4971//2690 5023//2690 5024//2690
f 4971//2691 5024//2691 4970//2691
f 4970//2691 5024//2691 5025//2691
f 4970//2692 5025//2692 4969//2692
f 4969//2692 5025//2692 5026//2692
f 4969//2693 5026//2693 4968//2693
f 4968//2693 5026//2693 5027//2693
f 4968//2694 5027//2694 4718//2694
f 4965//2659 4963//2659 4998//2659
f 4998//2695 4963//2695 5028//2695
f 4998//2696 5028//2696 4999//2696
f 4999//2696 5028//2696 5029//2696
f 4999//2697 5029//2697 5000//2697
f 5000//2697 5029//2697 5030//2697
f 5000//2698 5030//2698 5001//2698
f 5001//2698 5030//2698 5031//2698
f 5001//2699 5031//2699 5002//2699
f 5002//2700 5031//2700 5032//2700
f 5002//2701 5032//2701 5003//2701
f 5003//2701 5032//2701 5033//2701
f 5003//2702 5033//2702 5004//2702
f 5004//2703 5033//2703 5034//2703
f 5004//2704 5034//2704 5005//2704
f 5005//2705 5034//2705 5035//2705
f 5005//2706 5035//2706 5006//2706
f 5006//2706 5035//2706 5036//2706
f 5006//2707 5036//2707 5007//2707
f 5007//2708 5036//2708 5037//2708
f 5007//2709 5037//2709 5008//2709
f 5008//2709 5037//2709 5038//2709
f 5008//2710 5038//2710 5009//2710
f 5009//2710 5038//2710 5039//2710
f 5009//2711 5039//2711 5010//2711
f 5010//2711 5039//2711 5040//2711
f 5010//2712 5040//2712 5011//2712
f 5011//2712 5040//2712 5041//2712
f 5011//2713 5041//2713 5012//2713
f 5012//2713 5041//2713 5042//2713
f 5012//2714 5042//2714 5013//2714
f 5013//2715 5042//2715 5043//2715
f 5013//2716 5043//2716 5014//2716
f 5014//2716 5043//2716 5044//2716
f 5014//2717 5044//2717 5015//2717
f 5015//2717 5044//2717 5045//2717
f 5015//2718 5045//2718 5016//2718
f 5016//2718 5045//2718 5046//2718
f 5016//2719 5046//2719 5017//2719
f 5017//2719 5046//2719 5047//2719
f 5017//2720 5047//2720 5018//2720
f 5018//2720 5047//2720 5048//2720
f 5018//2721 5048//2721 5019//2721
f 5019//2721 5048//2721 5049//2721
f 5019//2722 5049//2722 5020//2722
f 5020//2722 5049//2722 5050//2722
f 5020//2723 5050//2723 5021//2723
f 5021//2723 5050//2723 5051//2723
f 5021//2724 5051//2724 5022//2724
f 5022//2724 5051//2724 5052//2724
f 5022//2725 5052//2725 5023//2725
f 5023//2725 5052//2725 5053//2725
f 5023//2726 5053//2726 5024//2726
f 5024//2726 5053//2726 5054//2726
f 5024//2727 5054//2727 5025//2727
f 5025//2727 5054//2727 5055//2727
f 5025//2728 5055//2728 5026//2728
f 5026//2728 5055//2728 5056//2728
f 5026//2729 5056//2729 5027//2729
f 5027//2729 5056//2729 5057//2729
f 5027//2730 5057//2730 4718//2730
f 4963//2695 4962//2695 5028//2695
f 5028//2731 4962//2731 5058//2731
f 5028//2732 5058//2732 5029//2732
f 5029//2732 5058//2732 5059//2732
f 5029//2733 5059//2733 5030//2733
f 5030//2733 5059//2733 5060//2733
f 5030//2734 5060//2734 5031//2734
f 5031//2734 5060//2734 5061//2734
f 5031//2735 5061//2735 5032//2735
f 5032//2736 5061//2736 5062//2736
f 5032//2737 5062//2737 5033//2737
f 5033//2737 5062//2737 5063//2737
f 5033//2738 5063//2738 5034//2738
f 5034//2738 5063//2738 5064//2738
f 5034//2739 5064//2739 5035//2739
f 5035//2739 5064//2739 5065//2739
f 5035//2740 5065//2740 5036//2740
f 5036//2740 5065//2740 5066//2740
f 5036//2741 5066//2741 5037//2741
f 5037//2741 5066//2741 5067//2741
f 5037//2742 5067//2742 5038//2742
f 5038//2743 5067//2743 5068//2743
f 5038//2744 5068//2744 5039//2744
f 5039//2745 5068//2745 5069//2745
f 5039//2746 5069//2746 5040//2746
f 5040//2747 5069//2747 5070//2747
f 5040//2748 5070//2748 5041//2748
f 5041//2748 5070//2748 5071//2748
f 5041//2749 5071//2749 5042//2749
f 5042//2749 5071//2749 5072//2749
f 5042//2750 5072//2750 5043//2750
f 5043//2750 5072//2750 5073//2750
f 5043//2751 5073//2751 5044//2751
f 5044//2752 5073//2752 5074//2752
f 5044//2753 5074//2753 5045//2753
f 5045//2753 5074//2753 5075//2753
f 5045//2754 5075//2754 5046//2754
f 5046//2754 5075//2754 5076//2754
f 5046//2755 5076//2755 5047//2755
f 5047//2755 5076//2755 5077//2755
f 5047//2756 5077//2756 5048//2756
f 5048//2756 5077//2756 5078//2756
f 5048//2757 5078//2757 5049//2757
f 5049//2757 5078//2757 5079//2757
f 5049//2758 5079//2758 5050//2758
f 5050//2758 5079//2758 5080//2758
f 5050//2759 5080//2759 5051//2759
f 5051//2759 5080//2759 5081//2759
f 5051//2760 5081//2760 5052//2760
f 5052//2760 5081//2760 5082//2760
f 5052//2761 5082//2761 5053//2761
f 5053//2761 5082//2761 5083//2761
f 5053//2762 5083//2762 5054//2762
f 5054//2762 5083//2762 5084//2762
f 5054//2763 5084//2763 5055//2763
f 5055//2763 5084//2763 5085//2763
f 5055//2764 5085//2764 5056//2764
f 5056//2764 5085//2764 5086//2764
f 5056//2765 5086//2765 5057//2765
f 5057//2765 5086//2765 5087//2765
f 5057//2766 5087//2766 4718//2766
f 4960//2767 4957//2767 4967//2767
f 4967//2768 4957//2768 4966//2768
f 4967//2769 4966//2769 5088//2769
f 5088//2769 4966//2769 5089//2769
f 5088//2770 5089//2770 5090//2770
f 5090//2770 5089//2770 5091//2770
f 5090//2771 5091//2771 5092//2771
f 5092//2771 5091//2771 5093//2771
f 5092//2772 5093//2772 5094//2772
f 5094//2773 5093//2773 5095//2773
f 5094//2774 5095//2774 5096//2774
f 5096//2775 5095//2775 5097//2775
f 5096//2776 5097//2776 5098//2776
f 5098//2777 5097//2777 5099//2777
f 5098//2778 5099//2778 5100//2778
f 5100//2779 5099//2779 5101//2779
f 5100//2780 5101//2780 5102//2780
f 5102//2780 5101//2780 5103//2780
f 5102//2781 5103//2781 5104//2781
f 5104//2781 5103//2781 5105//2781
f 5104//2782 5105//2782 5106//2782
f 5106//2782 5105//2782 5107//2782
f 5106//2783 5107//2783 5108//2783
f 5108//2783 5107//2783 5109//2783
f 5108//2784 5109//2784 5110//2784
f 5110//2784 5109//2784 5111//2784
f 5110//2785 5111//2785 5112//2785
f 5112//2785 5111//2785 5113//2785
f 5112//2786 5113//2786 5114//2786
f 5114//2786 5113//2786 5115//2786
f 5114//2787 5115//2787 5116//2787
f 5116//2787 5115//2787 5117//2787
f 5116//2788 5117//2788 5118//2788
f 5118//2788 5117//2788 5119//2788
f 5118//2789 5119//2789 5120//2789
f 5120//2789 5119//2789 5121//2789
f 5120//2790 5121//2790 5122//2790
f 5122//2790 5121//2790 5123//2790
f 5122//2791 5123//2791 5124//2791
f 5124//2791 5123//2791 5125//2791
f 5124//2792 5125//2792 5126//2792
f 5126//2792 5125//2792 5127//2792
f 5126//2793 5127//2793 5128//2793
f 5128//2793 5127//2793 5129//2793
f 5128//2794 5129//2794 5130//2794
f 5130//2794 5129//2794 5131//2794
f 5130//2795 5131//2795 5132//2795
f 5132//2795 5131//2795 5133//2795
f 5132//2796 5133//2796 5134//2796
f 5134//2796 5133//2796 5135//2796
f 5134//2797 5135//2797 5136//2797
f 5136//2797 5135//2797 5137//2797
f 5136//2798 5137//2798 5138//2798
f 5138//2798 5137//2798 5139//2798
f 5138//2799 5139//2799 5140//2799
f 5140//2799 5139//2799 5141//2799
f 5140//2800 5141//2800 5142//2800
f 5142//2800 5141//2800 5143//2800
f 5142//2801 5143//2801 5144//2801
f 5144//2801 5143//2801 5145//2801
f 5144//2802 5145//2802 4718//2802
f 4718//2803 5145//2803 4719//2803
f 4719//2804 5145//2804 5143//2804
f 4719//2804 5143//2804 4721//2804
f 4721//2805 5143//2805 5141//2805
f 4721//2805 5141//2805 4723//2805
f 4723//2806 5141//2806 5139//2806
f 4723//2806 5139//2806 4725//2806
f 4725//2807 5139//2807 5137//2807
f 4725//2807 5137//2807 4727//2807
f 4727//2808 5137//2808 5135//2808
f 4727//2808 5135//2808 4729//2808
f 4729//2809 5135//2809 5133//2809
f 4729//2809 5133//2809 4731//2809
f 4731//2810 5133//2810 5131//2810
f 4731//2810 5131//2810 4733//2810
f 4733//2811 5131//2811 5129//2811
f 4733//2811 5129//2811 4735//2811
f 4735//2812 5129//2812 5127//2812
f 4735//2812 5127//2812 4737//2812
f 4737//2813 5127//2813 5125//2813
f 4737//2813 5125//2813 4739//2813
f 4739//2814 5125//2814 5123//2814
f 4739//2814 5123//2814 4741//2814
f 4741//2815 5123//2815 5121//2815
f 4741//2815 5121//2815 4743//2815
f 4743//2816 5121//2816 5119//2816
f 4743//2816 5119//2816 4745//2816
f 4745//2817 5119//2817 5117//2817
f 4745//2817 5117//2817 4747//2817
f 4747//2818 5117//2818 5115//2818
f 4747//2818 5115//2818 4749//2818
f 4749//2819 5115//2819 5113//2819
f 4749//2819 5113//2819 4751//2819
f 4751//2820 5113//2820 5111//2820
f 4751//2821 5111//2821 4753//2821
f 4753//2822 5111//2822 5109//2822
f 4753//2822 5109//2822 4755//2822
f 4755//2823 5109//2823 5107//2823
f 4755//2823 5107//2823 4757//2823
f 4757//2824 5107//2824 5105//2824
f 4757//2824 5105//2824 4759//2824
f 4759//2825 5105//2825 5103//2825
f 4759//2825 5103//2825 4761//2825
f 4761//2826 5103//2826 5101//2826
f 4761//2826 5101//2826 4763//2826
f 4763//2827 5101//2827 5099//2827
f 4763//2828 5099//2828 4765//2828
f 4765//2829 5099//2829 5097//2829
f 4765//2830 5097//2830 4767//2830
f 4767//2831 5097//2831 5095//2831
f 4767//2831 5095//2831 4769//2831
f 4769//2832 5095//2832 5093//2832
f 4769//2833 5093//2833 4771//2833
f 4771//2834 5093//2834 5091//2834
f 4771//2834 5091//2834 4773//2834
f 4773//2835 5091//2835 5089//2835
f 4773//2835 5089//2835 4775//2835
f 4775//2836 5089//2836 4966//2836
f 4775//2836 4966//2836 4777//2836
f 4777//2837 4966//2837 4958//2837
f 4777//2837 4958//2837 4715//2837
f 4962//2731 4959//2731 5058//2731
f 5058//2620 4959//2620 4967//2620
f 5058//2838 4967//2838 5059//2838
f 5059//2839 4967//2839 5088//2839
f 5059//2840 5088//2840 5060//2840
f 5060//2840 5088//2840 5090//2840
f 5060//2841 5090//2841 5061//2841
f 5061//2841 5090//2841 5092//2841
f 5061//2842 5092//2842 5062//2842
f 5062//2843 5092//2843 5094//2843
f 5062//2844 5094//2844 5063//2844
f 5063//2845 5094//2845 5096//2845
f 5063//2846 5096//2846 5064//2846
f 5064//2846 5096//2846 5098//2846
f 5064//2847 5098//2847 5065//2847
f 5065//2847 5098//2847 5100//2847
f 5065//2848 5100//2848 5066//2848
f 5066//2848 5100//2848 5102//2848
f 5066//2849 5102//2849 5067//2849
f 5067//2849 5102//2849 5104//2849
f 5067//2850 5104//2850 5068//2850
f 5068//2850 5104//2850 5106//2850
f 5068//2851 5106//2851 5069//2851
f 5069//2851 5106//2851 5108//2851
f 5069//2852 5108//2852 5070//2852
f 5070//2852 5108//2852 5110//2852
f 5070//2853 5110//2853 5071//2853
f 5071//2853 5110//2853 5112//2853
f 5071//2854 5112//2854 5072//2854
f 5072//2854 5112//2854 5114//2854
f 5072//2855 5114//2855 5073//2855
f 5073//2855 5114//2855 5116//2855
f 5073//2856 5116//2856 5074//2856
f 5074//2856 5116//2856 5118//2856
f 5074//2857 5118//2857 5075//2857
f 5075//2857 5118//2857 5120//2857
f 5075//2858 5120//2858 5076//2858
f 5076//2858 5120//2858 5122//2858
f 5076//2859 5122//2859 5077//2859
f 5077//2859 5122//2859 5124//2859
f 5077//2860 5124//2860 5078//2860
f 5078//2860 5124//2860 5126//2860
f 5078//2861 5126//2861 5079//2861
f 5079//2861 5126//2861 5128//2861
f 5079//2862 5128//2862 5080//2862
f 5080//2862 5128//2862 5130//2862
f 5080//2863 5130//2863 5081//2863
f 5081//2863 5130//2863 5132//2863
f 5081//2864 5132//2864 5082//2864
f 5082//2864 5132//2864 5134//2864
f 5082//2865 5134//2865 5083//2865
f 5083//2866 5134//2866 5136//2866
f 5083//2867 5136//2867 5084//2867
f 5084//2867 5136//2867 5138//2867
f 5084//2868 5138//2868 5085//2868
f 5085//2868 5138//2868 5140//2868
f 5085//2869 5140//2869 5086//2869
f 5086//2869 5140//2869 5142//2869
f 5086//2870 5142//2870 5087//2870
f 5087//2870 5142//2870 5144//2870
f 5087//2871 5144//2871 4718//2871
f 5146//2872 4275//2872 5147//2872
f 5147//2873 4275//2873 4274//2873
f 5147//2874 4274//2874 5148//2874
f 5148//2875 4274//2875 4138//2875
f 5148//2876 4138//2876 4129//2876
f 4517//2877 4522//2877 5149//2877
f 5149//2878 4522//2878 4520//2878
f 5149//2879 4520//2879 5150//2879
f 4520//2880 4519//2880 5150//2880
f 5150//2881 4519//2881 4336//2881
f 5150//2882 4336//2882 5146//2882
f 5146//2883 4336//2883 4335//2883
f 5146//2884 4335//2884 4275//2884
f 4654//2885 5151//2885 4695//2885
f 4695//2886 5151//2886 4515//2886
f 4695//2887 4515//2887 4677//2887
f 4517//2888 5149//2888 4518//2888
f 4518//2889 5149//2889 5152//2889
f 4518//2890 5152//2890 4514//2890
f 4462//2891 5153//2891 4463//2891
f 4463//2892 5153//2892 5154//2892
f 4463//2893 5154//2893 4459//2893
f 4515//2894 4514//2894 4677//2894
f 4677//2895 4514//2895 5152//2895
f 4677//2896 5152//2896 4678//2896
f 4678//2897 5152//2897 5153//2897
f 4678//2898 5153//2898 4679//2898
f 4679//2899 5153//2899 4462//2899
f 4462//2900 4466//2900 4679//2900
f 4679//2901 4466//2901 4468//2901
f 4679//2902 4468//2902 4680//2902
f 4680//2903 4468//2903 5155//2903
f 4680//2904 5155//2904 4650//2904
f 5156//2905 4458//2905 5154//2905
f 5154//2906 4458//2906 4460//2906
f 5154//2907 4460//2907 4459//2907
f 5146//2908 5147//2908 5157//2908
f 5149//2909 5150//2909 5158//2909
f 5159//2910 5160//2910 5161//2910
f 5161//2911 5160//2911 5162//2911
f 5161//2911 5162//2911 5163//2911
f 5163//2912 5162//2912 5164//2912
f 5163//2912 5164//2912 5165//2912
f 5165//2913 5164//2913 5166//2913
f 5165//2913 5166//2913 5167//2913
f 5167//2914 5166//2914 5168//2914
f 5167//2914 5168//2914 5169//2914
f 5169//2915 5168//2915 5170//2915
f 5169//2915 5170//2915 5171//2915
f 5171//2916 5170//2916 5172//2916
f 5171//2916 5172//2916 5173//2916
f 5173//2917 5172//2917 5174//2917
f 5173//2917 5174//2917 5175//2917
f 5175//2918 5174//2918 5176//2918
f 5175//2919 5176//2919 5177//2919
f 5177//2920 5176//2920 5178//2920
f 5177//2920 5178//2920 5179//2920
f 5179//2921 5178//2921 5180//2921
f 5179//2921 5180//2921 5181//2921
f 5181//2922 5180//2922 5182//2922
f 5181//2922 5182//2922 5183//2922
f 5183//2923 5182//2923 5184//2923
f 5183//2923 5184//2923 5185//2923
f 5185//2924 5184//2924 5186//2924
f 5185//2924 5186//2924 5187//2924
f 5187//2925 5186//2925 5188//2925
f 5187//2925 5188//2925 5189//2925
f 5189//2926 5188//2926 5190//2926
f 5189//2926 5190//2926 5191//2926
f 5191//2927 5190//2927 5192//2927
f 5191//2927 5192//2927 5193//2927
f 5193//2928 5192//2928 5194//2928
f 5193//2928 5194//2928 5195//2928
f 5195//2929 5194//2929 5196//2929
f 5195//2929 5196//2929 5197//2929
f 5197//2930 5196//2930 5198//2930
f 5197//2931 5198//2931 5199//2931
f 5199//2932 5198//2932 5200//2932
f 5199//2932 5200//2932 5201//2932
f 5201//2933 5200//2933 5202//2933
f 5201//2933 5202//2933 5203//2933
f 5203//2934 5202//2934 5204//2934
f 5203//2934 5204//2934 5205//2934
f 5205//2935 5204//2935 5206//2935
f 5205//2935 5206//2935 5207//2935
f 5207//2936 5206//2936 5208//2936
f 5207//2937 5208//2937 5209//2937
f 5209//2938 5208//2938 5210//2938
f 5209//2939 5210//2939 5211//2939
f 5211//2940 5210//2940 5212//2940
f 5211//2941 5212//2941 5213//2941
f 5213//2942 5212//2942 5214//2942
f 5213//2942 5214//2942 5215//2942
f 5215//2943 5214//2943 5216//2943
f 5215//2943 5216//2943 5217//2943
f 5217//2944 5216//2944 5218//2944
f 5217//2944 5218//2944 5219//2944
f 5219//2945 5218//2945 5156//2945
f 5156//2945 5154//2945 5219//2945
f 5219//2946 5154//2946 5220//2946
f 5219//2947 5220//2947 5217//2947
f 5217//2947 5220//2947 5221//2947
f 5217//2948 5221//2948 5215//2948
f 5215//2948 5221//2948 5222//2948
f 5215//2949 5222//2949 5213//2949
f 5213//2950 5222//2950 5223//2950
f 5213//2951 5223//2951 5211//2951
f 5211//2952 5223//2952 5224//2952
f 5211//2953 5224//2953 5209//2953
f 5209//2953 5224//2953 5225//2953
f 5209//2954 5225//2954 5207//2954
f 5207//2955 5225//2955 5226//2955
f 5207//2956 5226//2956 5205//2956
f 5205//2956 5226//2956 5227//2956
f 5205//2957 5227//2957 5203//2957
f 5203//2957 5227//2957 5228//2957
f 5203//2958 5228//2958 5201//2958
f 5201//2958 5228//2958 5229//2958
f 5201//2959 5229//2959 5199//2959
f 5199//2959 5229//2959 5230//2959
f 5199//2960 5230//2960 5197//2960
f 5197//2961 5230//2961 5231//2961
f 5197//2962 5231//2962 5195//2962
f 5195//2963 5231//2963 5232//2963
f 5195//2964 5232//2964 5193//2964
f 5193//2964 5232//2964 5233//2964
f 5193//2965 5233//2965 5191//2965
f 5191//2965 5233//2965 5234//2965
f 5191//2966 5234//2966 5189//2966
f 5189//2966 5234//2966 5235//2966
f 5189//2967 5235//2967 5187//2967
f 5187//2967 5235//2967 5236//2967
f 5187//2968 5236//2968 5185//2968
f 5185//2969 5236//2969 5237//2969
f 5185//2970 5237//2970 5183//2970
f 5183//2971 5237//2971 5238//2971
f 5183//2972 5238//2972 5181//2972
f 5181//2972 5238//2972 5239//2972
f 5181//2973 5239//2973 5179//2973
f 5179//2973 5239//2973 5240//2973
f 5179//2974 5240//2974 5177//2974
f 5177//2974 5240//2974 5241//2974
f 5177//2975 5241//2975 5175//2975
f 5175//2975 5241//2975 5242//2975
f 5175//2976 5242//2976 5173//2976
f 5173//2976 5242//2976 5243//2976
f 5173//2977 5243//2977 5171//2977
f 5171//2977 5243//2977 5244//2977
f 5171//2978 5244//2978 5169//2978
f 5169//2978 5244//2978 5245//2978
f 5169//2979 5245//2979 5167//2979
f 5167//2979 5245//2979 5246//2979
f 5167//2980 5246//2980 5165//2980
f 5165//2980 5246//2980 5247//2980
f 5165//2981 5247//2981 5163//2981
f 5163//2981 5247//2981 5248//2981
f 5163//2982 5248//2982 5161//2982
f 5161//2982 5248//2982 5249//2982
f 5161//2983 5249//2983 5159//2983
f 5154//2946 5153//2946 5220//2946
f 5220//2984 5153//2984 5250//2984
f 5220//2985 5250//2985 5221//2985
f 5221//2985 5250//2985 5251//2985
f 5221//2986 5251//2986 5222//2986
f 5222//2986 5251//2986 5252//2986
f 5222//2987 5252//2987 5223//2987
f 5223//2987 5252//2987 5253//2987
f 5223//2988 5253//2988 5224//2988
f 5224//2989 5253//2989 5254//2989
f 5224//2990 5254//2990 5225//2990
f 5225//2991 5254//2991 5255//2991
f 5225//2992 5255//2992 5226//2992
f 5226//2992 5255//2992 5256//2992
f 5226//2993 5256//2993 5227//2993
f 5227//2993 5256//2993 5257//2993
f 5227//2994 5257//2994 5228//2994
f 5228//2994 5257//2994 5258//2994
f 5228//2995 5258//2995 5229//2995
f 5229//2996 5258//2996 5259//2996
f 5229//2997 5259//2997 5230//2997
f 5230//2997 5259//2997 5260//2997
f 5230//2998 5260//2998 5231//2998
f 5231//2998 5260//2998 5261//2998
f 5231//2999 5261//2999 5232//2999
f 5232//2999 5261//2999 5262//2999
f 5232//3000 5262//3000 5233//3000
f 5233//3000 5262//3000 5263//3000
f 5233//3001 5263//3001 5234//3001
f 5234//3001 5263//3001 5264//3001
f 5234//3002 5264//3002 5235//3002
f 5235//3002 5264//3002 5265//3002
f 5235//3003 5265//3003 5236//3003
f 5236//3003 5265//3003 5266//3003
f 5236//3004 5266//3004 5237//3004
f 5237//3004 5266//3004 5267//3004
f 5237//3005 5267//3005 5238//3005
f 5238//3005 5267//3005 5268//3005
f 5238//3006 5268//3006 5239//3006
f 5239//3006 5268//3006 5269//3006
f 5239//3007 5269//3007 5240//3007
f 5240//3007 5269//3007 5270//3007
f 5240//3008 5270//3008 5241//3008
f 5241//3008 5270//3008 5271//3008
f 5241//3009 5271//3009 5242//3009
f 5242//3009 5271//3009 5272//3009
f 5242//3010 5272//3010 5243//3010
f 5243//3010 5272//3010 5273//3010
f 5243//3011 5273//3011 5244//3011
f 5244//3011 5273//3011 5274//3011
f 5244//3012 5274//3012 5245//3012
f 5245//3012 5274//3012 5275//3012
f 5245//3013 5275//3013 5246//3013
f 5246//3013 5275//3013 5276//3013
f 5246//3014 5276//3014 5247//3014
f 5247//3014 5276//3014 5277//3014
f 5247//3015 5277//3015 5248//3015
f 5248//3015 5277//3015 5278//3015
f 5248//3016 5278//3016 5249//3016
f 5249//3016 5278//3016 5279//3016
f 5249//3017 5279//3017 5159//3017
f 5153//2984 5152//2984 5250//2984
f 5250//3018 5152//3018 5280//3018
f 5250//3019 5280//3019 5251//3019
f 5251//3019 5280//3019 5281//3019
f 5251//3020 5281//3020 5252//3020
f 5252//3020 5281//3020 5282//3020
f 5252//3021 5282//3021 5253//3021
f 5253//3021 5282//3021 5283//3021
f 5253//3022 5283//3022 5254//3022
f 5254//3023 5283//3023 5284//3023
f 5254//3024 5284//3024 5255//3024
f 5255//3024 5284//3024 5285//3024
f 5255//3025 5285//3025 5256//3025
f 5256//3026 5285//3026 5286//3026
f 5256//3027 5286//3027 5257//3027
f 5257//3027 5286//3027 5287//3027
f 5257//3028 5287//3028 5258//3028
f 5258//3028 5287//3028 5288//3028
f 5258//3029 5288//3029 5259//3029
f 5259//3029 5288//3029 5289//3029
f 5259//3030 5289//3030 5260//3030
f 5260//3030 5289//3030 5290//3030
f 5260//3031 5290//3031 5261//3031
f 5261//3031 5290//3031 5291//3031
f 5261//3032 5291//3032 5262//3032
f 5262//3032 5291//3032 5292//3032
f 5262//3033 5292//3033 5263//3033
f 5263//3033 5292//3033 5293//3033
f 5263//3034 5293//3034 5264//3034
f 5264//3034 5293//3034 5294//3034
f 5264//3035 5294//3035 5265//3035
f 5265//3035 5294//3035 5295//3035
f 5265//3036 5295//3036 5266//3036
f 5266//3036 5295//3036 5296//3036
f 5266//3037 5296//3037 5267//3037
f 5267//3037 5296//3037 5297//3037
f 5267//3038 5297//3038 5268//3038
f 5268//3038 5297//3038 5298//3038
f 5268//3039 5298//3039 5269//3039
f 5269//3039 5298//3039 5299//3039
f 5269//3040 5299//3040 5270//3040
f 5270//3040 5299//3040 5300//3040
f 5270//3041 5300//3041 5271//3041
f 5271//3041 5300//3041 5301//3041
f 5271//3042 5301//3042 5272//3042
f 5272//3042 5301//3042 5302//3042
f 5272//3043 5302//3043 5273//3043
f 5273//3043 5302//3043 5303//3043
f 5273//3044 5303//3044 5274//3044
f 5274//3044 5303//3044 5304//3044
f 5274//3045 5304//3045 5275//3045
f 5275//3045 5304//3045 5305//3045
f 5275//3046 5305//3046 5276//3046
f 5276//3047 5305//3047 5306//3047
f 5276//3048 5306//3048 5277//3048
f 5277//3048 5306//3048 5307//3048
f 5277//3049 5307//3049 5278//3049
f 5278//3049 5307//3049 5308//3049
f 5278//3050 5308//3050 5279//3050
f 5279//3050 5308//3050 5309//3050
f 5279//3051 5309//3051 5159//3051
f 5150//3052 5146//3052 5158//3052
f 5158//3053 5146//3053 5157//3053
f 5158//3054 5157//3054 5310//3054
f 5310//3054 5157//3054 5311//3054
f 5310//3055 5311//3055 5312//3055
f 5312//3055 5311//3055 5313//3055
f 5312//3056 5313//3056 5314//3056
f 5314//3056 5313//3056 5315//3056
f 5314//3057 5315//3057 5316//3057
f 5316//3058 5315//3058 5317//3058
f 5316//3059 5317//3059 5318//3059
f 5318//3059 5317//3059 5319//3059
f 5318//3060 5319//3060 5320//3060
f 5320//3061 5319//3061 5321//3061
f 5320//3062 5321//3062 5322//3062
f 5322//3062 5321//3062 5323//3062
f 5322//3063 5323//3063 5324//3063
f 5324//3063 5323//3063 5325//3063
f 5324//3064 5325//3064 5326//3064
f 5326//3064 5325//3064 5327//3064
f 5326//3065 5327//3065 5328//3065
f 5328//3065 5327//3065 5329//3065
f 5328//3066 5329//3066 5330//3066
f 5330//3066 5329//3066 5331//3066
f 5330//3067 5331//3067 5332//3067
f 5332//3067 5331//3067 5333//3067
f 5332//3068 5333//3068 5334//3068
f 5334//3069 5333//3069 5335//3069
f 5334//3070 5335//3070 5336//3070
f 5336//3070 5335//3070 5337//3070
f 5336//3071 5337//3071 5338//3071
f 5338//3071 5337//3071 5339//3071
f 5338//3072 5339//3072 5340//3072
f 5340//3072 5339//3072 5341//3072
f 5340//3073 5341//3073 5342//3073
f 5342//3073 5341//3073 5343//3073
f 5342//3074 5343//3074 5344//3074
f 5344//3074 5343//3074 5345//3074
f 5344//3075 5345//3075 5346//3075
f 5346//3076 5345//3076 5347//3076
f 5346//3077 5347//3077 5348//3077
f 5348//3077 5347//3077 5349//3077
f 5348//3078 5349//3078 5350//3078
f 5350//3078 5349//3078 5351//3078
f 5350//3079 5351//3079 5352//3079
f 5352//3079 5351//3079 5353//3079
f 5352//3080 5353//3080 5354//3080
f 5354//3080 5353//3080 5355//3080
f 5354//3081 5355//3081 5356//3081
f 5356//3081 5355//3081 5357//3081
f 5356//3082 5357//3082 5358//3082
f 5358//3082 5357//3082 5359//3082
f 5358//3083 5359//3083 5360//3083
f 5360//3083 5359//3083 5361//3083
f 5360//3084 5361//3084 5362//3084
f 5362//3084 5361//3084 5363//3084
f 5362//3085 5363//3085 5364//3085
f 5364//3085 5363//3085 5365//3085
f 5364//3086 5365//3086 5366//3086
f 5366//3086 5365//3086 5367//3086
f 5366//3087 5367//3087 5159//3087
f 5159//3088 5367//3088 5368//3088
f 5368//3089 5367//3089 5365//3089
f 5368//3089 5365//3089 5369//3089
f 5369//3090 5365//3090 5363//3090
f 5369//3090 5363//3090 5370//3090
f 5370//3091 5363//3091 5361//3091
f 5370//3091 5361//3091 5371//3091
f 5371//3092 5361//3092 5359//3092
f 5371//3092 5359//3092 5372//3092
f 5372//3093 5359//3093 5357//3093
f 5372//3093 5357//3093 5373//3093
f 5373//3094 5357//3094 5355//3094
f 5373//3094 5355//3094 5374//3094
f 5374//3095 5355//3095 5353//3095
f 5374//3095 5353//3095 5375//3095
f 5375//3096 5353//3096 5351//3096
f 5375//3096 5351//3096 5376//3096
f 5376//3097 5351//3097 5349//3097
f 5376//3097 5349//3097 5377//3097
f 5377//3098 5349//3098 5347//3098
f 5377//3098 5347//3098 5378//3098
f 5378//3099 5347//3099 5345//3099
f 5378//3099 5345//3099 5379//3099
f 5379//3100 5345//3100 5343//3100
f 5379//3100 5343//3100 5380//3100
f 5380//3101 5343//3101 5341//3101
f 5380//3101 5341//3101 5381//3101
f 5381//3102 5341//3102 5339//3102
f 5381//3102 5339//3102 5382//3102
f 5382//3103 5339//3103 5337//3103
f 5382//3103 5337//3103 5383//3103
f 5383//3104 5337//3104 5335//3104
f 5383//3104 5335//3104 5384//3104
f 5384//3105 5335//3105 5333//3105
f 5384//3105 5333//3105 5385//3105
f 5385//3106 5333//3106 5331//3106
f 5385//3106 5331//3106 5386//3106
f 5386//3107 5331//3107 5329//3107
f 5386//3107 5329//3107 5387//3107
f 5387//3108 5329//3108 5327//3108
f 5387//3108 5327//3108 5388//3108
f 5388//3109 5327//3109 5325//3109
f 5388//3109 5325//3109 5389//3109
f 5389//3110 5325//3110 5323//3110
f 5389//3110 5323//3110 5390//3110
f 5390//3111 5323//3111 5321//3111
f 5390//3111 5321//3111 5391//3111
f 5391//3112 5321//3112 5319//3112
f 5391//3112 5319//3112 5392//3112
f 5392//3113 5319//3113 5317//3113
f 5392//3114 5317//3114 5393//3114
f 5393//3115 5317//3115 5315//3115
f 5393//3116 5315//3116 5394//3116
f 5394//3117 5315//3117 5313//3117
f 5394//3117 5313//3117 5395//3117
f 5395//3118 5313//3118 5311//3118
f 5395//3118 5311//3118 5396//3118
f 5396//3119 5311//3119 5157//3119
f 5396//3119 5157//3119 5397//3119
f 5397//3120 5157//3120 5147//3120
f 5397//3120 5147//3120 5148//3120
f 5152//3018 5149//3018 5280//3018
f 5280//2909 5149//2909 5158//2909
f 5280//3121 5158//3121 5281//3121
f 5281//3121 5158//3121 5310//3121
f 5281//3122 5310//3122 5282//3122
f 5282//3122 5310//3122 5312//3122
f 5282//3123 5312//3123 5283//3123
f 5283//3123 5312//3123 5314//3123
f 5283//3124 5314//3124 5284//3124
f 5284//3125 5314//3125 5316//3125
f 5284//3126 5316//3126 5285//3126
f 5285//3126 5316//3126 5318//3126
f 5285//3127 5318//3127 5286//3127
f 5286//3128 5318//3128 5320//3128
f 5286//3129 5320//3129 5287//3129
f 5287//3129 5320//3129 5322//3129
f 5287//3130 5322//3130 5288//3130
f 5288//3130 5322//3130 5324//3130
f 5288//3131 5324//3131 5289//3131
f 5289//3132 5324//3132 5326//3132
f 5289//3133 5326//3133 5290//3133
f 5290//3133 5326//3133 5328//3133
f 5290//3134 5328//3134 5291//3134
f 5291//3134 5328//3134 5330//3134
f 5291//3135 5330//3135 5292//3135
f 5292//3135 5330//3135 5332//3135
f 5292//3136 5332//3136 5293//3136
f 5293//3136 5332//3136 5334//3136
f 5293//3137 5334//3137 5294//3137
f 5294//3137 5334//3137 5336//3137
f 5294//3138 5336//3138 5295//3138
f 5295//3138 5336//3138 5338//3138
f 5295//3139 5338//3139 5296//3139
f 5296//3139 5338//3139 5340//3139
f 5296//3140 5340//3140 5297//3140
f 5297//3141 5340//3141 5342//3141
f 5297//3142 5342//3142 5298//3142
f 5298//3142 5342//3142 5344//3142
f 5298//3143 5344//3143 5299//3143
f 5299//3144 5344//3144 5346//3144
f 5299//3145 5346//3145 5300//3145
f 5300//3145 5346//3145 5348//3145
f 5300//3146 5348//3146 5301//3146
f 5301//3146 5348//3146 5350//3146
f 5301//3147 5350//3147 5302//3147
f 5302//3148 5350//3148 5352//3148
f 5302//3149 5352//3149 5303//3149
f 5303//3149 5352//3149 5354//3149
f 5303//3150 5354//3150 5304//3150
f 5304//3150 5354//3150 5356//3150
f 5304//3151 5356//3151 5305//3151
f 5305//3152 5356//3152 5358//3152
f 5305//3153 5358//3153 5306//3153
f 5306//3153 5358//3153 5360//3153
f 5306//3154 5360//3154 5307//3154
f 5307//3154 5360//3154 5362//3154
f 5307//3155 5362//3155 5308//3155
f 5308//3155 5362//3155 5364//3155
f 5308//3156 5364//3156 5309//3156
f 5309//3156 5364//3156 5366//3156
f 5309//3157 5366//3157 5159//3157
f 5398//3158 4265//3158 5399//3158
f 5399//3159 4265//3159 4330//3159
f 5399//3160 4330//3160 5156//3160
f 5156//3161 4330//3161 4329//3161
f 5156//3162 4329//3162 4458//3162
f 4076//3163 4075//3163 5400//3163
f 5400//3164 4075//3164 4079//3164
f 5400//3165 4079//3165 5401//3165
f 4079//3166 4078//3166 5401//3166
f 5401//3167 4078//3167 4087//3167
f 5401//3168 4087//3168 5398//3168
f 5398//3169 4087//3169 4264//3169
f 5398//3170 4264//3170 4265//3170
f 3627//3171 5402//3171 3628//3171
f 3628//3172 5402//3172 3748//3172
f 3628//3173 3748//3173 3625//3173
f 4076//3174 5400//3174 4072//3174
f 4072//3175 5400//3175 5403//3175
f 4072//3176 5403//3176 4073//3176
f 3748//3177 4073//3177 3625//3177
f 3625//3178 4073//3178 5403//3178
f 3625//3179 5403//3179 3623//3179
f 3623//3180 5403//3180 5404//3180
f 3623//3181 5404//3181 3621//3181
f 3621//3182 5404//3182 3673//3182
f 3673//3183 5404//3183 5405//3183
f 3673//3184 5405//3184 4144//3184
f 4144//3185 4143//3185 3673//3185
f 3673//3186 4143//3186 3762//3186
f 3673//3187 3762//3187 3671//3187
f 3671//3188 3762//3188 5406//3188
f 3671//3189 5406//3189 3706//3189
f 5407//3190 5148//3190 4129//3190
f 4129//3191 4128//3191 5407//3191
f 5407//3192 4128//3192 4141//3192
f 5407//3193 4141//3193 5405//3193
f 5405//3194 4141//3194 4140//3194
f 5405//3195 4140//3195 4144//3195
f 5398//3196 5399//3196 5408//3196
f 5400//3197 5401//3197 5409//3197
f 5410//3198 5411//3198 5159//3198
f 5159//3199 5368//3199 5410//3199
f 5410//3200 5368//3200 5369//3200
f 5410//3200 5369//3200 5412//3200
f 5412//3201 5369//3201 5370//3201
f 5412//3201 5370//3201 5413//3201
f 5413//3202 5370//3202 5371//3202
f 5413//3202 5371//3202 5414//3202
f 5414//3203 5371//3203 5372//3203
f 5414//3203 5372//3203 5415//3203
f 5415//3204 5372//3204 5373//3204
f 5415//3204 5373//3204 5416//3204
f 5416//3205 5373//3205 5374//3205
f 5416//3205 5374//3205 5417//3205
f 5417//3206 5374//3206 5375//3206
f 5417//3206 5375//3206 5418//3206
f 5418//3207 5375//3207 5376//3207
f 5418//3207 5376//3207 5419//3207
f 5419//3208 5376//3208 5377//3208
f 5419//3208 5377//3208 5420//3208
f 5420//3209 5377//3209 5378//3209
f 5420//3209 5378//3209 5421//3209
f 5421//3210 5378//3210 5379//3210
f 5421//3210 5379//3210 5422//3210
f 5422//3211 5379//3211 5380//3211
f 5422//3211 5380//3211 5423//3211
f 5423//3212 5380//3212 5381//3212
f 5423//3212 5381//3212 5424//3212
f 5424//3213 5381//3213 5382//3213
f 5424//3213 5382//3213 5425//3213
f 5425//3214 5382//3214 5383//3214
f 5425//3214 5383//3214 5426//3214
f 5426//3215 5383//3215 5384//3215
f 5426//3215 5384//3215 5427//3215
f 5427//3216 5384//3216 5385//3216
f 5427//3216 5385//3216 5428//3216
f 5428//3217 5385//3217 5386//3217
f 5428//3217 5386//3217 5429//3217
f 5429//3218 5386//3218 5387//3218
f 5429//3218 5387//3218 5430//3218
f 5430//3219 5387//3219 5388//3219
f 5430//3219 5388//3219 5431//3219
f 5431//3220 5388//3220 5389//3220
f 5431//3220 5389//3220 5432//3220
f 5432//3221 5389//3221 5390//3221
f 5432//3221 5390//3221 5433//3221
f 5433//3222 5390//3222 5391//3222
f 5433//3222 5391//3222 5434//3222
f 5434//3223 5391//3223 5392//3223
f 5434//3223 5392//3223 5435//3223
f 5435//3224 5392//3224 5393//3224
f 5435//3225 5393//3225 5436//3225
f 5436//3226 5393//3226 5394//3226
f 5436//3227 5394//3227 5437//3227
f 5437//3228 5394//3228 5395//3228
f 5437//3228 5395//3228 5438//3228
f 5438//3229 5395//3229 5396//3229
f 5438//3229 5396//3229 5439//3229
f 5411//3230 5410//3230 5440//3230
f 5440//3231 5410//3231 5412//3231
f 5440//3232 5412//3232 5441//3232
f 5441//3232 5412//3232 5413//3232
f 5441//3233 5413//3233 5442//3233
f 5442//3233 5413//3233 5414//3233
f 5442//3234 5414//3234 5443//3234
f 5443//3234 5414//3234 5415//3234
f 5443//3235 5415//3235 5444//3235
f 5444//3235 5415//3235 5416//3235
f 5444//3236 5416//3236 5445//3236
f 5445//3236 5416//3236 5417//3236
f 5445//3237 5417//3237 5446//3237
f 5446//3237 5417//3237 5418//3237
f 5446//3238 5418//3238 5447//3238
f 5447//3238 5418//3238 5419//3238
f 5447//3239 5419//3239 5448//3239
f 5448//3239 5419//3239 5420//3239
f 5448//3240 5420//3240 5449//3240
f 5449//3240 5420//3240 5421//3240
f 5449//3241 5421//3241 5450//3241
f 5450//3241 5421//3241 5422//3241
f 5450//3242 5422//3242 5451//3242
f 5451//3242 5422//3242 5423//3242
f 5451//3243 5423//3243 5452//3243
f 5452//3244 5423//3244 5424//3244
f 5452//3245 5424//3245 5453//3245
f 5453//3245 5424//3245 5425//3245
f 5453//3246 5425//3246 5454//3246
f 5454//3246 5425//3246 5426//3246
f 5454//3247 5426//3247 5455//3247
f 5455//3247 5426//3247 5427//3247
f 5455//3248 5427//3248 5456//3248
f 5456//3248 5427//3248 5428//3248
f 5456//3249 5428//3249 5457//3249
f 5457//3249 5428//3249 5429//3249
f 5457//3250 5429//3250 5458//3250
f 5458//3250 5429//3250 5430//3250
f 5458//3251 5430//3251 5459//3251
f 5459//3251 5430//3251 5431//3251
f 5459//3252 5431//3252 5460//3252
f 5460//3252 5431//3252 5432//3252
f 5460//3253 5432//3253 5461//3253
f 5461//3253 5432//3253 5433//3253
f 5461//3254 5433//3254 5462//3254
f 5462//3254 5433//3254 5434//3254
f 5462//3255 5434//3255 5463//3255
f 5463//3256 5434//3256 5435//3256
f 5463//3257 5435//3257 5464//3257
f 5464//3257 5435//3257 5436//3257
f 5464//3258 5436//3258 5465//3258
f 5465//3259 5436//3259 5437//3259
f 5465//3260 5437//3260 5466//3260
f 5466//3260 5437//3260 5438//3260
f 5466//3261 5438//3261 5467//3261
f 5467//3261 5438//3261 5439//3261
f 5467//3262 5439//3262 5468//3262
f 5407//3263 5469//3263 5148//3263
f 5148//3264 5469//3264 5397//3264
f 5396//3265 5397//3265 5439//3265
f 5439//3265 5397//3265 5469//3265
f 5439//3262 5469//3262 5468//3262
f 5468//3266 5469//3266 5407//3266
f 5468//3267 5407//3267 5405//3267
f 5405//3268 5404//3268 5468//3268
f 5468//3269 5404//3269 5470//3269
f 5468//3270 5470//3270 5467//3270
f 5467//3270 5470//3270 5471//3270
f 5467//3271 5471//3271 5466//3271
f 5466//3271 5471//3271 5472//3271
f 5466//3272 5472//3272 5465//3272
f 5465//3272 5472//3272 5473//3272
f 5465//3273 5473//3273 5464//3273
f 5464//3274 5473//3274 5474//3274
f 5464//3275 5474//3275 5463//3275
f 5463//3275 5474//3275 5475//3275
f 5463//3276 5475//3276 5462//3276
f 5462//3276 5475//3276 5476//3276
f 5462//3277 5476//3277 5461//3277
f 5461//3277 5476//3277 5477//3277
f 5461//3278 5477//3278 5460//3278
f 5460//3278 5477//3278 5478//3278
f 5460//3279 5478//3279 5459//3279
f 5459//3280 5478//3280 5479//3280
f 5459//3281 5479//3281 5458//3281
f 5458//3281 5479//3281 5480//3281
f 5458//3282 5480//3282 5457//3282
f 5457//3282 5480//3282 5481//3282
f 5457//3283 5481//3283 5456//3283
f 5456//3283 5481//3283 5482//3283
f 5456//3284 5482//3284 5455//3284
f 5455//3284 5482//3284 5483//3284
f 5455//3285 5483//3285 5454//3285
f 5454//3285 5483//3285 5484//3285
f 5454//3286 5484//3286 5453//3286
f 5453//3286 5484//3286 5485//3286
f 5453//3287 5485//3287 5452//3287
f 5452//3287 5485//3287 5486//3287
f 5452//3288 5486//3288 5451//3288
f 5451//3288 5486//3288 5487//3288
f 5451//3289 5487//3289 5450//3289
f 5450//3289 5487//3289 5488//3289
f 5450//3290 5488//3290 5449//3290
f 5449//3290 5488//3290 5489//3290
f 5449//3291 5489//3291 5448//3291
f 5448//3291 5489//3291 5490//3291
f 5448//3292 5490//3292 5447//3292
f 5447//3292 5490//3292 5491//3292
f 5447//3293 5491//3293 5446//3293
f 5446//3293 5491//3293 5492//3293
f 5446//3294 5492//3294 5445//3294
f 5445//3295 5492//3295 5493//3295
f 5445//3296 5493//3296 5444//3296
f 5444//3296 5493//3296 5494//3296
f 5444//3297 5494//3297 5443//3297
f 5443//3297 5494//3297 5495//3297
f 5443//3298 5495//3298 5442//3298
f 5442//3298 5495//3298 5496//3298
f 5442//3299 5496//3299 5441//3299
f 5441//3299 5496//3299 5497//3299
f 5441//3300 5497//3300 5440//3300
f 5440//3300 5497//3300 5498//3300
f 5440//3301 5498//3301 5411//3301
f 5411//3301 5498//3301 5499//3301
f 5411//3302 5499//3302 5159//3302
f 5404//3269 5403//3269 5470//3269
f 5470//3303 5403//3303 5500//3303
f 5470//3304 5500//3304 5471//3304
f 5471//3304 5500//3304 5501//3304
f 5471//3305 5501//3305 5472//3305
f 5472//3305 5501//3305 5502//3305
f 5472//3306 5502//3306 5473//3306
f 5473//3306 5502//3306 5503//3306
f 5473//3307 5503//3307 5474//3307
f 5474//3308 5503//3308 5504//3308
f 5474//3309 5504//3309 5475//3309
f 5475//3309 5504//3309 5505//3309
f 5475//3310 5505//3310 5476//3310
f 5476//3311 5505//3311 5506//3311
f 5476//3312 5506//3312 5477//3312
f 5477//3312 5506//3312 5507//3312
f 5477//3313 5507//3313 5478//3313
f 5478//3313 5507//3313 5508//3313
f 5478//3314 5508//3314 5479//3314
f 5479//3314 5508//3314 5509//3314
f 5479//3315 5509//3315 5480//3315
f 5480//3315 5509//3315 5510//3315
f 5480//3316 5510//3316 5481//3316
f 5481//3316 5510//3316 5511//3316
f 5481//3317 5511//3317 5482//3317
f 5482//3317 5511//3317 5512//3317
f 5482//3318 5512//3318 5483//3318
f 5483//3318 5512//3318 5513//3318
f 5483//3319 5513//3319 5484//3319
f 5484//3319 5513//3319 5514//3319
f 5484//3320 5514//3320 5485//3320
f 5485//3320 5514//3320 5515//3320
f 5485//3321 5515//3321 5486//3321
f 5486//3321 5515//3321 5516//3321
f 5486//3322 5516//3322 5487//3322
f 5487//3322 5516//3322 5517//3322
f 5487//3323 5517//3323 5488//3323
f 5488//3323 5517//3323 5518//3323
f 5488//3324 5518//3324 5489//3324
f 5489//3324 5518//3324 5519//3324
f 5489//3325 5519//3325 5490//3325
f 5490//3325 5519//3325 5520//3325
f 5490//3326 5520//3326 5491//3326
f 5491//3326 5520//3326 5521//3326
f 5491//3327 5521//3327 5492//3327
f 5492//3327 5521//3327 5522//3327
f 5492//3328 5522//3328 5493//3328
f 5493//3328 5522//3328 5523//3328
f 5493//3329 5523//3329 5494//3329
f 5494//3329 5523//3329 5524//3329
f 5494//3330 5524//3330 5495//3330
f 5495//3330 5524//3330 5525//3330
f 5495//3331 5525//3331 5496//3331
f 5496//3331 5525//3331 5526//3331
f 5496//3332 5526//3332 5497//3332
f 5497//3332 5526//3332 5527//3332
f 5497//3333 5527//3333 5498//3333
f 5498//3333 5527//3333 5528//3333
f 5498//3334 5528//3334 5499//3334
f 5499//3335 5528//3335 5529//3335
f 5499//3336 5529//3336 5159//3336
f 5401//3337 5398//3337 5409//3337
f 5409//3338 5398//3338 5408//3338
f 5409//3339 5408//3339 5530//3339
f 5530//3339 5408//3339 5531//3339
f 5530//3340 5531//3340 5532//3340
f 5532//3341 5531//3341 5533//3341
f 5532//3342 5533//3342 5534//3342
f 5534//3342 5533//3342 5535//3342
f 5534//3343 5535//3343 5536//3343
f 5536//3344 5535//3344 5537//3344
f 5536//3345 5537//3345 5538//3345
f 5538//3346 5537//3346 5539//3346
f 5538//3347 5539//3347 5540//3347
f 5540//3348 5539//3348 5541//3348
f 5540//3349 5541//3349 5542//3349
f 5542//3349 5541//3349 5543//3349
f 5542//3350 5543//3350 5544//3350
f 5544//3351 5543//3351 5545//3351
f 5544//3352 5545//3352 5546//3352
f 5546//3352 5545//3352 5547//3352
f 5546//3353 5547//3353 5548//3353
f 5548//3354 5547//3354 5549//3354
f 5548//3355 5549//3355 5550//3355
f 5550//3355 5549//3355 5551//3355
f 5550//3356 5551//3356 5552//3356
f 5552//3356 5551//3356 5553//3356
f 5552//3357 5553//3357 5554//3357
f 5554//3357 5553//3357 5555//3357
f 5554//3358 5555//3358 5556//3358
f 5556//3358 5555//3358 5557//3358
f 5556//3359 5557//3359 5558//3359
f 5558//3360 5557//3360 5559//3360
f 5558//3361 5559//3361 5560//3361
f 5560//3361 5559//3361 5561//3361
f 5560//3362 5561//3362 5562//3362
f 5562//3362 5561//3362 5563//3362
f 5562//3363 5563//3363 5564//3363
f 5564//3363 5563//3363 5565//3363
f 5564//3364 5565//3364 5566//3364
f 5566//3364 5565//3364 5567//3364
f 5566//3365 5567//3365 5568//3365
f 5568//3366 5567//3366 5569//3366
f 5568//3367 5569//3367 5570//3367
f 5570//3367 5569//3367 5571//3367
f 5570//3368 5571//3368 5572//3368
f 5572//3368 5571//3368 5573//3368
f 5572//3369 5573//3369 5574//3369
f 5574//3369 5573//3369 5575//3369
f 5574//3370 5575//3370 5576//3370
f 5576//3370 5575//3370 5577//3370
f 5576//3371 5577//3371 5578//3371
f 5578//3371 5577//3371 5579//3371
f 5578//3372 5579//3372 5580//3372
f 5580//3372 5579//3372 5581//3372
f 5580//3373 5581//3373 5582//3373
f 5582//3373 5581//3373 5583//3373
f 5582//3374 5583//3374 5584//3374
f 5584//3374 5583//3374 5585//3374
f 5584//3375 5585//3375 5586//3375
f 5586//3375 5585//3375 5587//3375
f 5586//3376 5587//3376 5159//3376
f 5159//3377 5587//3377 5160//3377
f 5160//3378 5587//3378 5585//3378
f 5160//3378 5585//3378 5162//3378
f 5162//3379 5585//3379 5583//3379
f 5162//3379 5583//3379 5164//3379
f 5164//3380 5583//3380 5581//3380
f 5164//3380 5581//3380 5166//3380
f 5166//3381 5581//3381 5579//3381
f 5166//3381 5579//3381 5168//3381
f 5168//3382 5579//3382 5577//3382
f 5168//3382 5577//3382 5170//3382
f 5170//3383 5577//3383 5575//3383
f 5170//3383 5575//3383 5172//3383
f 5172//3384 5575//3384 5573//3384
f 5172//3384 5573//3384 5174//3384
f 5174//3385 5573//3385 5571//3385
f 5174//3385 5571//3385 5176//3385
f 5176//3386 5571//3386 5569//3386
f 5176//3386 5569//3386 5178//3386
f 5178//3387 5569//3387 5567//3387
f 5178//3387 5567//3387 5180//3387
f 5180//3388 5567//3388 5565//3388
f 5180//3388 5565//3388 5182//3388
f 5182//3389 5565//3389 5563//3389
f 5182//3389 5563//3389 5184//3389
f 5184//3390 5563//3390 5561//3390
f 5184//3390 5561//3390 5186//3390
f 5186//3391 5561//3391 5559//3391
f 5186//3391 5559//3391 5188//3391
f 5188//3392 5559//3392 5557//3392
f 5188//3392 5557//3392 5190//3392
f 5190//3393 5557//3393 5555//3393
f 5190//3393 5555//3393 5192//3393
f 5192//3394 5555//3394 5553//3394
f 5192//3394 5553//3394 5194//3394
f 5194//3395 5553//3395 5551//3395
f 5194//3395 5551//3395 5196//3395
f 5196//3396 5551//3396 5549//3396
f 5196//3396 5549//3396 5198//3396
f 5198//3397 5549//3397 5547//3397
f 5198//3397 5547//3397 5200//3397
f 5200//3398 5547//3398 5545//3398
f 5200//3398 5545//3398 5202//3398
f 5202//3399 5545//3399 5543//3399
f 5202//3399 5543//3399 5204//3399
f 5204//3400 5543//3400 5541//3400
f 5204//3401 5541//3401 5206//3401
f 5206//3402 5541//3402 5539//3402
f 5206//3403 5539//3403 5208//3403
f 5208//3404 5539//3404 5537//3404
f 5208//3404 5537//3404 5210//3404
f 5210//3405 5537//3405 5535//3405
f 5210//3406 5535//3406 5212//3406
f 5212//3407 5535//3407 5533//3407
f 5212//3407 5533//3407 5214//3407
f 5214//3408 5533//3408 5531//3408
f 5214//3408 5531//3408 5216//3408
f 5216//3409 5531//3409 5408//3409
f 5216//3409 5408//3409 5218//3409
f 5218//3410 5408//3410 5399//3410
f 5218//3410 5399//3410 5156//3410
f 5403//3303 5400//3303 5500//3303
f 5500//3197 5400//3197 5409//3197
f 5500//3411 5409//3411 5501//3411
f 5501//3411 5409//3411 5530//3411
f 5501//3412 5530//3412 5502//3412
f 5502//3412 5530//3412 5532//3412
f 5502//3413 5532//3413 5503//3413
f 5503//3413 5532//3413 5534//3413
f 5503//3414 5534//3414 5504//3414
f 5504//3415 5534//3415 5536//3415
f 5504//3416 5536//3416 5505//3416
f 5505//3417 5536//3417 5538//3417
f 5505//3418 5538//3418 5506//3418
f 5506//3419 5538//3419 5540//3419
f 5506//3420 5540//3420 5507//3420
f 5507//3420 5540//3420 5542//3420
f 5507//3421 5542//3421 5508//3421
f 5508//3421 5542//3421 5544//3421
f 5508//3422 5544//3422 5509//3422
f 5509//3422 5544//3422 5546//3422
f 5509//3423 5546//3423 5510//3423
f 5510//3424 5546//3424 5548//3424
f 5510//3425 5548//3425 5511//3425
f 5511//3425 5548//3425 5550//3425
f 5511//3426 5550//3426 5512//3426
f 5512//3426 5550//3426 5552//3426
f 5512//3427 5552//3427 5513//3427
f 5513//3427 5552//3427 5554//3427
f 5513//3428 5554//3428 5514//3428
f 5514//3428 5554//3428 5556//3428
f 5514//3429 5556//3429 5515//3429
f 5515//3429 5556//3429 5558//3429
f 5515//3430 5558//3430 5516//3430
f 5516//3430 5558//3430 5560//3430
f 5516//3431 5560//3431 5517//3431
f 5517//3431 5560//3431 5562//3431
f 5517//3432 5562//3432 5518//3432
f 5518//3432 5562//3432 5564//3432
f 5518//3433 5564//3433 5519//3433
f 5519//3433 5564//3433 5566//3433
f 5519//3434 5566//3434 5520//3434
f 5520//3434 5566//3434 5568//3434
f 5520//3435 5568//3435 5521//3435
f 5521//3435 5568//3435 5570//3435
f 5521//3436 5570//3436 5522//3436
f 5522//3436 5570//3436 5572//3436
f 5522//3437 5572//3437 5523//3437
f 5523//3437 5572//3437 5574//3437
f 5523//3438 5574//3438 5524//3438
f 5524//3438 5574//3438 5576//3438
f 5524//3439 5576//3439 5525//3439
f 5525//3439 5576//3439 5578//3439
f 5525//3440 5578//3440 5526//3440
f 5526//3440 5578//3440 5580//3440
f 5526//3441 5580//3441 5527//3441
f 5527//3441 5580//3441 5582//3441
f 5527//3442 5582//3442 5528//3442
f 5528//3442 5582//3442 5584//3442
f 5528//3443 5584//3443 5529//3443
f 5529//3443 5584//3443 5586//3443
f 5529//3444 5586//3444 5159//3444
f 5588//3445 4283//3445 5589//3445
f 5589//3446 4283//3446 4282//3446
f 5589//3447 4282//3447 5590//3447
f 5590//3448 4282//3448 4193//3448
f 5590//3449 4193//3449 4184//3449
f 4574//3450 4578//3450 5591//3450
f 5591//3451 4578//3451 4577//3451
f 5591//3452 4577//3452 5592//3452
f 4577//3453 4576//3453 5592//3453
f 5592//3454 4576//3454 4349//3454
f 5592//3455 4349//3455 5588//3455
f 5588//3456 4349//3456 4348//3456
f 5588//3457 4348//3457 4283//3457
f 4667//3458 5593//3458 4699//3458
f 4699//3459 5593//3459 4572//3459
f 4699//3460 4572//3460 4696//3460
f 4574//3461 5591//3461 4575//3461
f 4575//3462 5591//3462 5594//3462
f 4575//3463 5594//3463 4571//3463
f 4532//3464 5595//3464 4533//3464
f 4533//3465 5595//3465 5596//3465
f 4533//3466 5596//3466 4525//3466
f 4572//3467 4571//3467 4696//3467
f 4696//3468 4571//3468 5594//3468
f 4696//3469 5594//3469 4697//3469
f 4697//3470 5594//3470 5595//3470
f 4697//3471 5595//3471 4698//3471
f 4698//3472 5595//3472 4532//3472
f 4698//3473 4532//3473 4536//3473
f 4536//3474 4535//3474 4698//3474
f 4698//3475 4535//3475 5597//3475
f 4698//3476 5597//3476 4692//3476
f 4692//3477 5597//3477 4659//3477
f 5598//3478 4528//3478 5596//3478
f 5596//3479 4528//3479 4526//3479
f 5596//3480 4526//3480 4525//3480
f 5588//3481 5589//3481 5599//3481
f 5591//3482 5592//3482 5600//3482
f 5601//3483 5602//3483 5603//3483
f 5603//3484 5602//3484 5604//3484
f 5603//3484 5604//3484 5605//3484
f 5605//3485 5604//3485 5606//3485
f 5605//3485 5606//3485 5607//3485
f 5607//3486 5606//3486 5608//3486
f 5607//3486 5608//3486 5609//3486
f 5609//3487 5608//3487 5610//3487
f 5609//3487 5610//3487 5611//3487
f 5611//3488 5610//3488 5612//3488
f 5611//3488 5612//3488 5613//3488
f 5613//3489 5612//3489 5614//3489
f 5613//3489 5614//3489 5615//3489
f 5615//3490 5614//3490 5616//3490
f 5615//3490 5616//3490 5617//3490
f 5617//3491 5616//3491 5618//3491
f 5617//3491 5618//3491 5619//3491
f 5619//3492 5618//3492 5620//3492
f 5619//3492 5620//3492 5621//3492
f 5621//3493 5620//3493 5622//3493
f 5621//3493 5622//3493 5623//3493
f 5623//3494 5622//3494 5624//3494
f 5623//3494 5624//3494 5625//3494
f 5625//3495 5624//3495 5626//3495
f 5625//3495 5626//3495 5627//3495
f 5627//3496 5626//3496 5628//3496
f 5627//3497 5628//3497 5629//3497
f 5629//3498 5628//3498 5630//3498
f 5629//3498 5630//3498 5631//3498
f 5631//3499 5630//3499 5632//3499
f 5631//3499 5632//3499 5633//3499
f 5633//3500 5632//3500 5634//3500
f 5633//3500 5634//3500 5635//3500
f 5635//3501 5634//3501 5636//3501
f 5635//3501 5636//3501 5637//3501
f 5637//3502 5636//3502 5638//3502
f 5637//3502 5638//3502 5639//3502
f 5639//3503 5638//3503 5640//3503
f 5639//3503 5640//3503 5641//3503
f 5641//3504 5640//3504 5642//3504
f 5641//3504 5642//3504 5643//3504
f 5643//3505 5642//3505 5644//3505
f 5643//3505 5644//3505 5645//3505
f 5645//3506 5644//3506 5646//3506
f 5645//3506 5646//3506 5647//3506
f 5647//3507 5646//3507 5648//3507
f 5647//3507 5648//3507 5649//3507
f 5649//3508 5648//3508 5650//3508
f 5649//3508 5650//3508 5651//3508
f 5651//3509 5650//3509 5652//3509
f 5651//3510 5652//3510 5653//3510
f 5653//3511 5652//3511 5654//3511
f 5653//3512 5654//3512 5655//3512
f 5655//3513 5654//3513 5656//3513
f 5655//3513 5656//3513 5657//3513
f 5657//3514 5656//3514 5658//3514
f 5657//3514 5658//3514 5659//3514
f 5659//3515 5658//3515 5660//3515
f 5659//3516 5660//3516 5661//3516
f 5661//3517 5660//3517 5598//3517
f 5598//3517 5596//3517 5661//3517
f 5661//3518 5596//3518 5662//3518
f 5661//3519 5662//3519 5659//3519
f 5659//3519 5662//3519 5663//3519
f 5659//3520 5663//3520 5657//3520
f 5657//3520 5663//3520 5664//3520
f 5657//3521 5664//3521 5655//3521
f 5655//3521 5664//3521 5665//3521
f 5655//3522 5665//3522 5653//3522
f 5653//3523 5665//3523 5666//3523
f 5653//3524 5666//3524 5651//3524
f 5651//3524 5666//3524 5667//3524
f 5651//3525 5667//3525 5649//3525
f 5649//3526 5667//3526 5668//3526
f 5649//3527 5668//3527 5647//3527
f 5647//3527 5668//3527 5669//3527
f 5647//3528 5669//3528 5645//3528
f 5645//3528 5669//3528 5670//3528
f 5645//3529 5670//3529 5643//3529
f 5643//3529 5670//3529 5671//3529
f 5643//3530 5671//3530 5641//3530
f 5641//3530 5671//3530 5672//3530
f 5641//3531 5672//3531 5639//3531
f 5639//3531 5672//3531 5673//3531
f 5639//3532 5673//3532 5637//3532
f 5637//3532 5673//3532 5674//3532
f 5637//3533 5674//3533 5635//3533
f 5635//3533 5674//3533 5675//3533
f 5635//3534 5675//3534 5633//3534
f 5633//3534 5675//3534 5676//3534
f 5633//3535 5676//3535 5631//3535
f 5631//3535 5676//3535 5677//3535
f 5631//3536 5677//3536 5629//3536
f 5629//3536 5677//3536 5678//3536
f 5629//3537 5678//3537 5627//3537
f 5627//3537 5678//3537 5679//3537
f 5627//3538 5679//3538 5625//3538
f 5625//3538 5679//3538 5680//3538
f 5625//3539 5680//3539 5623//3539
f 5623//3539 5680//3539 5681//3539
f 5623//3540 5681//3540 5621//3540
f 5621//3540 5681//3540 5682//3540
f 5621//3541 5682//3541 5619//3541
f 5619//3541 5682//3541 5683//3541
f 5619//3542 5683//3542 5617//3542
f 5617//3542 5683//3542 5684//3542
f 5617//3543 5684//3543 5615//3543
f 5615//3543 5684//3543 5685//3543
f 5615//3544 5685//3544 5613//3544
f 5613//3544 5685//3544 5686//3544
f 5613//3545 5686//3545 5611//3545
f 5611//3545 5686//3545 5687//3545
f 5611//3546 5687//3546 5609//3546
f 5609//3546 5687//3546 5688//3546
f 5609//3547 5688//3547 5607//3547
f 5607//3547 5688//3547 5689//3547
f 5607//3548 5689//3548 5605//3548
f 5605//3548 5689//3548 5690//3548
f 5605//3549 5690//3549 5603//3549
f 5603//3549 5690//3549 5691//3549
f 5603//3550 5691//3550 5601//3550
f 5596//3518 5595//3518 5662//3518
f 5662//3551 5595//3551 5692//3551
f 5662//3552 5692//3552 5663//3552
f 5663//3552 5692//3552 5693//3552
f 5663//3553 5693//3553 5664//3553
f 5664//3553 5693//3553 5694//3553
f 5664//3554 5694//3554 5665//3554
f 5665//3554 5694//3554 5695//3554
f 5665//3555 5695//3555 5666//3555
f 5666//3556 5695//3556 5696//3556
f 5666//3557 5696//3557 5667//3557
f 5667//3557 5696//3557 5697//3557
f 5667//3558 5697//3558 5668//3558
f 5668//3559 5697//3559 5698//3559
f 5668//3560 5698//3560 5669//3560
f 5669//3560 5698//3560 5699//3560
f 5669//3561 5699//3561 5670//3561
f 5670//3561 5699//3561 5700//3561
f 5670//3562 5700//3562 5671//3562
f 5671//3563 5700//3563 5701//3563
f 5671//3564 5701//3564 5672//3564
f 5672//3564 5701//3564 5702//3564
f 5672//3565 5702//3565 5673//3565
f 5673//3565 5702//3565 5703//3565
f 5673//3566 5703//3566 5674//3566
f 5674//3566 5703//3566 5704//3566
f 5674//3567 5704//3567 5675//3567
f 5675//3567 5704//3567 5705//3567
f 5675//3568 5705//3568 5676//3568
f 5676//3568 5705//3568 5706//3568
f 5676//3569 5706//3569 5677//3569
f 5677//3569 5706//3569 5707//3569
f 5677//3570 5707//3570 5678//3570
f 5678//3570 5707//3570 5708//3570
f 5678//3571 5708//3571 5679//3571
f 5679//3571 5708//3571 5709//3571
f 5679//3572 5709//3572 5680//3572
f 5680//3573 5709//3573 5710//3573
f 5680//3574 5710//3574 5681//3574
f 5681//3574 5710//3574 5711//3574
f 5681//3575 5711//3575 5682//3575
f 5682//3575 5711//3575 5712//3575
f 5682//3576 5712//3576 5683//3576
f 5683//3576 5712//3576 5713//3576
f 5683//3577 5713//3577 5684//3577
f 5684//3577 5713//3577 5714//3577
f 5684//3578 5714//3578 5685//3578
f 5685//3578 5714//3578 5715//3578
f 5685//3579 5715//3579 5686//3579
f 5686//3579 5715//3579 5716//3579
f 5686//3580 5716//3580 5687//3580
f 5687//3580 5716//3580 5717//3580
f 5687//3581 5717//3581 5688//3581
f 5688//3581 5717//3581 5718//3581
f 5688//3582 5718//3582 5689//3582
f 5689//3582 5718//3582 5719//3582
f 5689//3583 5719//3583 5690//3583
f 5690//3583 5719//3583 5720//3583
f 5690//3584 5720//3584 5691//3584
f 5691//3584 5720//3584 5721//3584
f 5691//3585 5721//3585 5601//3585
f 5595//3551 5594//3551 5692//3551
f 5692//3586 5594//3586 5722//3586
f 5692//3587 5722//3587 5693//3587
f 5693//3587 5722//3587 5723//3587
f 5693//3588 5723//3588 5694//3588
f 5694//3588 5723//3588 5724//3588
f 5694//3589 5724//3589 5695//3589
f 5695//3589 5724//3589 5725//3589
f 5695//3590 5725//3590 5696//3590
f 5696//3591 5725//3591 5726//3591
f 5696//3592 5726//3592 5697//3592
f 5697//3592 5726//3592 5727//3592
f 5697//3593 5727//3593 5698//3593
f 5698//3594 5727//3594 5728//3594
f 5698//3595 5728//3595 5699//3595
f 5699//3596 5728//3596 5729//3596
f 5699//3597 5729//3597 5700//3597
f 5700//3597 5729//3597 5730//3597
f 5700//3598 5730//3598 5701//3598
f 5701//3598 5730//3598 5731//3598
f 5701//3599 5731//3599 5702//3599
f 5702//3600 5731//3600 5732//3600
f 5702//3601 5732//3601 5703//3601
f 5703//3601 5732//3601 5733//3601
f 5703//3602 5733//3602 5704//3602
f 5704//3602 5733//3602 5734//3602
f 5704//3603 5734//3603 5705//3603
f 5705//3603 5734//3603 5735//3603
f 5705//3604 5735//3604 5706//3604
f 5706//3604 5735//3604 5736//3604
f 5706//3605 5736//3605 5707//3605
f 5707//3605 5736//3605 5737//3605
f 5707//3606 5737//3606 5708//3606
f 5708//3606 5737//3606 5738//3606
f 5708//3607 5738//3607 5709//3607
f 5709//3607 5738//3607 5739//3607
f 5709//3608 5739//3608 5710//3608
f 5710//3608 5739//3608 5740//3608
f 5710//3609 5740//3609 5711//3609
f 5711//3609 5740//3609 5741//3609
f 5711//3610 5741//3610 5712//3610
f 5712//3610 5741//3610 5742//3610
f 5712//3611 5742//3611 5713//3611
f 5713//3611 5742//3611 5743//3611
f 5713//3612 5743//3612 5714//3612
f 5714//3612 5743//3612 5744//3612
f 5714//3613 5744//3613 5715//3613
f 5715//3613 5744//3613 5745//3613
f 5715//3614 5745//3614 5716//3614
f 5716//3614 5745//3614 5746//3614
f 5716//3615 5746//3615 5717//3615
f 5717//3615 5746//3615 5747//3615
f 5717//3616 5747//3616 5718//3616
f 5718//3616 5747//3616 5748//3616
f 5718//3617 5748//3617 5719//3617
f 5719//3617 5748//3617 5749//3617
f 5719//3618 5749//3618 5720//3618
f 5720//3619 5749//3619 5750//3619
f 5720//3620 5750//3620 5721//3620
f 5721//3620 5750//3620 5751//3620
f 5721//3621 5751//3621 5601//3621
f 5592//3622 5588//3622 5600//3622
f 5600//3623 5588//3623 5599//3623
f 5600//3624 5599//3624 5752//3624
f 5752//3624 5599//3624 5753//3624
f 5752//3625 5753//3625 5754//3625
f 5754//3625 5753//3625 5755//3625
f 5754//3626 5755//3626 5756//3626
f 5756//3626 5755//3626 5757//3626
f 5756//3627 5757//3627 5758//3627
f 5758//3628 5757//3628 5759//3628
f 5758//3629 5759//3629 5760//3629
f 5760//3630 5759//3630 5761//3630
f 5760//3631 5761//3631 5762//3631
f 5762//3632 5761//3632 5763//3632
f 5762//3633 5763//3633 5764//3633
f 5764//3633 5763//3633 5765//3633
f 5764//3634 5765//3634 5766//3634
f 5766//3635 5765//3635 5767//3635
f 5766//3636 5767//3636 5768//3636
f 5768//3637 5767//3637 5769//3637
f 5768//3638 5769//3638 5770//3638
f 5770//3638 5769//3638 5771//3638
f 5770//3639 5771//3639 5772//3639
f 5772//3639 5771//3639 5773//3639
f 5772//3640 5773//3640 5774//3640
f 5774//3640 5773//3640 5775//3640
f 5774//3641 5775//3641 5776//3641
f 5776//3641 5775//3641 5777//3641
f 5776//3642 5777//3642 5778//3642
f 5778//3642 5777//3642 5779//3642
f 5778//3643 5779//3643 5780//3643
f 5780//3643 5779//3643 5781//3643
f 5780//3644 5781//3644 5782//3644
f 5782//3644 5781//3644 5783//3644
f 5782//3645 5783//3645 5784//3645
f 5784//3646 5783//3646 5785//3646
f 5784//3647 5785//3647 5786//3647
f 5786//3647 5785//3647 5787//3647
f 5786//3648 5787//3648 5788//3648
f 5788//3648 5787//3648 5789//3648
f 5788//3649 5789//3649 5790//3649
f 5790//3650 5789//3650 5791//3650
f 5790//3651 5791//3651 5792//3651
f 5792//3651 5791//3651 5793//3651
f 5792//3652 5793//3652 5794//3652
f 5794//3652 5793//3652 5795//3652
f 5794//3653 5795//3653 5796//3653
f 5796//3653 5795//3653 5797//3653
f 5796//3654 5797//3654 5798//3654
f 5798//3654 5797//3654 5799//3654
f 5798//3655 5799//3655 5800//3655
f 5800//3655 5799//3655 5801//3655
f 5800//3656 5801//3656 5802//3656
f 5802//3656 5801//3656 5803//3656
f 5802//3657 5803//3657 5804//3657
f 5804//3657 5803//3657 5805//3657
f 5804//3658 5805//3658 5806//3658
f 5806//3658 5805//3658 5807//3658
f 5806//3659 5807//3659 5808//3659
f 5808//3659 5807//3659 5809//3659
f 5808//3660 5809//3660 5601//3660
f 5601//3661 5809//3661 5810//3661
f 5810//3662 5809//3662 5807//3662
f 5810//3662 5807//3662 5811//3662
f 5811//3663 5807//3663 5805//3663
f 5811//3663 5805//3663 5812//3663
f 5812//3664 5805//3664 5803//3664
f 5812//3664 5803//3664 5813//3664
f 5813//3665 5803//3665 5801//3665
f 5813//3665 5801//3665 5814//3665
f 5814//3666 5801//3666 5799//3666
f 5814//3666 5799//3666 5815//3666
f 5815//3667 5799//3667 5797//3667
f 5815//3667 5797//3667 5816//3667
f 5816//3668 5797//3668 5795//3668
f 5816//3668 5795//3668 5817//3668
f 5817//3669 5795//3669 5793//3669
f 5817//3669 5793//3669 5818//3669
f 5818//3670 5793//3670 5791//3670
f 5818//3670 5791//3670 5819//3670
f 5819//3671 5791//3671 5789//3671
f 5819//3671 5789//3671 5820//3671
f 5820//3672 5789//3672 5787//3672
f 5820//3672 5787//3672 5821//3672
f 5821//3673 5787//3673 5785//3673
f 5821//3673 5785//3673 5822//3673
f 5822//3674 5785//3674 5783//3674
f 5822//3675 5783//3675 5823//3675
f 5823//3676 5783//3676 5781//3676
f 5823//3676 5781//3676 5824//3676
f 5824//3677 5781//3677 5779//3677
f 5824//3677 5779//3677 5825//3677
f 5825//3678 5779//3678 5777//3678
f 5825//3678 5777//3678 5826//3678
f 5826//3679 5777//3679 5775//3679
f 5826//3679 5775//3679 5827//3679
f 5827//3680 5775//3680 5773//3680
f 5827//3681 5773//3681 5828//3681
f 5828//3682 5773//3682 5771//3682
f 5828//3682 5771//3682 5829//3682
f 5829//3683 5771//3683 5769//3683
f 5829//3683 5769//3683 5830//3683
f 5830//3684 5769//3684 5767//3684
f 5830//3684 5767//3684 5831//3684
f 5831//3685 5767//3685 5765//3685
f 5831//3685 5765//3685 5832//3685
f 5832//3686 5765//3686 5763//3686
f 5832//3686 5763//3686 5833//3686
f 5833//3687 5763//3687 5761//3687
f 5833//3688 5761//3688 5834//3688
f 5834//3689 5761//3689 5759//3689
f 5834//3690 5759//3690 5835//3690
f 5835//3691 5759//3691 5757//3691
f 5835//3692 5757//3692 5836//3692
f 5836//3693 5757//3693 5755//3693
f 5836//3693 5755//3693 5837//3693
f 5837//3694 5755//3694 5753//3694
f 5837//3694 5753//3694 5838//3694
f 5838//3695 5753//3695 5599//3695
f 5838//3695 5599//3695 5839//3695
f 5839//3696 5599//3696 5589//3696
f 5839//3696 5589//3696 5590//3696
f 5594//3586 5591//3586 5722//3586
f 5722//3482 5591//3482 5600//3482
f 5722//3697 5600//3697 5723//3697
f 5723//3697 5600//3697 5752//3697
f 5723//3698 5752//3698 5724//3698
f 5724//3698 5752//3698 5754//3698
f 5724//3699 5754//3699 5725//3699
f 5725//3699 5754//3699 5756//3699
f 5725//3700 5756//3700 5726//3700
f 5726//3701 5756//3701 5758//3701
f 5726//3702 5758//3702 5727//3702
f 5727//3703 5758//3703 5760//3703
f 5727//3704 5760//3704 5728//3704
f 5728//3704 5760//3704 5762//3704
f 5728//3705 5762//3705 5729//3705
f 5729//3705 5762//3705 5764//3705
f 5729//3706 5764//3706 5730//3706
f 5730//3706 5764//3706 5766//3706
f 5730//3707 5766//3707 5731//3707
f 5731//3707 5766//3707 5768//3707
f 5731//3708 5768//3708 5732//3708
f 5732//3709 5768//3709 5770//3709
f 5732//3710 5770//3710 5733//3710
f 5733//3710 5770//3710 5772//3710
f 5733//3711 5772//3711 5734//3711
f 5734//3711 5772//3711 5774//3711
f 5734//3712 5774//3712 5735//3712
f 5735//3712 5774//3712 5776//3712
f 5735//3713 5776//3713 5736//3713
f 5736//3713 5776//3713 5778//3713
f 5736//3714 5778//3714 5737//3714
f 5737//3714 5778//3714 5780//3714
f 5737//3715 5780//3715 5738//3715
f 5738//3715 5780//3715 5782//3715
f 5738//3716 5782//3716 5739//3716
f 5739//3716 5782//3716 5784//3716
f 5739//3717 5784//3717 5740//3717
f 5740//3717 5784//3717 5786//3717
f 5740//3718 5786//3718 5741//3718
f 5741//3718 5786//3718 5788//3718
f 5741//3719 5788//3719 5742//3719
f 5742//3719 5788//3719 5790//3719
f 5742//3720 5790//3720 5743//3720
f 5743//3721 5790//3721 5792//3721
f 5743//3722 5792//3722 5744//3722
f 5744//3722 5792//3722 5794//3722
f 5744//3723 5794//3723 5745//3723
f 5745//3723 5794//3723 5796//3723
f 5745//3724 5796//3724 5746//3724
f 5746//3724 5796//3724 5798//3724
f 5746//3725 5798//3725 5747//3725
f 5747//3726 5798//3726 5800//3726
f 5747//3727 5800//3727 5748//3727
f 5748//3727 5800//3727 5802//3727
f 5748//3728 5802//3728 5749//3728
f 5749//3728 5802//3728 5804//3728
f 5749//3729 5804//3729 5750//3729
f 5750//3729 5804//3729 5806//3729
f 5750//3730 5806//3730 5751//3730
f 5751//3730 5806//3730 5808//3730
f 5751//3731 5808//3731 5601//3731
f 5840//3732 4273//3732 5841//3732
f 5841//3733 4273//3733 4343//3733
f 5841//3734 4343//3734 5598//3734
f 5598//3735 4343//3735 4342//3735
f 5598//3736 4342//3736 4528//3736
f 4151//3737 4150//3737 5842//3737
f 5842//3738 4150//3738 4154//3738
f 5842//3739 4154//3739 5843//3739
f 4154//3740 4153//3740 5843//3740
f 5843//3741 4153//3741 4119//3741
f 5843//3742 4119//3742 5840//3742
f 5840//3743 4119//3743 4272//3743
f 5840//3744 4272//3744 4273//3744
f 3761//3745 3696//3745 5844//3745
f 5844//3746 3696//3746 3694//3746
f 5844//3747 3694//3747 3693//3747
f 4151//3748 5842//3748 4116//3748
f 4116//3749 5842//3749 5845//3749
f 4116//3750 5845//3750 4117//3750
f 3761//3751 4117//3751 3696//3751
f 3696//3752 4117//3752 5845//3752
f 3696//3753 5845//3753 3697//3753
f 3697//3754 5845//3754 5846//3754
f 4198//3755 4197//3755 3688//3755
f 3688//3756 4197//3756 3766//3756
f 3688//3757 3766//3757 3689//3757
f 3689//3758 3766//3758 5847//3758
f 3689//3759 5847//3759 3691//3759
f 4196//3760 4195//3760 5848//3760
f 5848//3761 4195//3761 4198//3761
f 5848//3762 4198//3762 5846//3762
f 5846//3763 4198//3763 3688//3763
f 5846//3764 3688//3764 3697//3764
f 5590//3765 4184//3765 5848//3765
f 5848//3766 4184//3766 4183//3766
f 5848//3767 4183//3767 4196//3767
f 5840//3768 5841//3768 5849//3768
f 5842//3769 5843//3769 5850//3769
f 5601//3770 5810//3770 5851//3770
f 5851//3771 5810//3771 5811//3771
f 5851//3771 5811//3771 5852//3771
f 5852//3772 5811//3772 5812//3772
f 5852//3772 5812//3772 5853//3772
f 5853//3773 5812//3773 5813//3773
f 5853//3773 5813//3773 5854//3773
f 5854//3774 5813//3774 5814//3774
f 5854//3774 5814//3774 5855//3774
f 5855//3775 5814//3775 5815//3775
f 5855//3775 5815//3775 5856//3775
f 5856//3776 5815//3776 5816//3776
f 5856//3776 5816//3776 5857//3776
f 5857//3777 5816//3777 5817//3777
f 5857//3777 5817//3777 5858//3777
f 5858//3778 5817//3778 5818//3778
f 5858//3778 5818//3778 5859//3778
f 5859//3779 5818//3779 5819//3779
f 5859//3779 5819//3779 5860//3779
f 5860//3780 5819//3780 5820//3780
f 5860//3780 5820//3780 5861//3780
f 5861//3781 5820//3781 5821//3781
f 5861//3781 5821//3781 5862//3781
f 5862//3782 5821//3782 5822//3782
f 5862//3782 5822//3782 5863//3782
f 5863//3783 5822//3783 5823//3783
f 5863//3783 5823//3783 5864//3783
f 5864//3784 5823//3784 5824//3784
f 5864//3784 5824//3784 5865//3784
f 5865//3785 5824//3785 5825//3785
f 5865//3785 5825//3785 5866//3785
f 5866//3786 5825//3786 5826//3786
f 5866//3786 5826//3786 5867//3786
f 5867//3787 5826//3787 5827//3787
f 5867//3787 5827//3787 5868//3787
f 5868//3788 5827//3788 5828//3788
f 5868//3788 5828//3788 5869//3788
f 5869//3789 5828//3789 5829//3789
f 5869//3790 5829//3790 5870//3790
f 5870//3791 5829//3791 5830//3791
f 5870//3791 5830//3791 5871//3791
f 5871//3792 5830//3792 5831//3792
f 5871//3792 5831//3792 5872//3792
f 5872//3793 5831//3793 5832//3793
f 5872//3793 5832//3793 5873//3793
f 5873//3794 5832//3794 5833//3794
f 5873//3795 5833//3795 5874//3795
f 5874//3796 5833//3796 5834//3796
f 5874//3797 5834//3797 5875//3797
f 5875//3798 5834//3798 5835//3798
f 5875//3798 5835//3798 5876//3798
f 5876//3799 5835//3799 5836//3799
f 5876//3800 5836//3800 5877//3800
f 5877//3801 5836//3801 5837//3801
f 5877//3801 5837//3801 5878//3801
f 5878//3802 5837//3802 5838//3802
f 5878//3802 5838//3802 5879//3802
f 5879//3803 5838//3803 5839//3803
f 5879//3803 5839//3803 5880//3803
f 5880//3804 5839//3804 5590//3804
f 5590//3804 5848//3804 5880//3804
f 5880//3805 5848//3805 5881//3805
f 5880//3806 5881//3806 5879//3806
f 5879//3806 5881//3806 5882//3806
f 5879//3807 5882//3807 5878//3807
f 5878//3807 5882//3807 5883//3807
f 5878//3808 5883//3808 5877//3808
f 5877//3808 5883//3808 5884//3808
f 5877//3809 5884//3809 5876//3809
f 5876//3810 5884//3810 5885//3810
f 5876//3811 5885//3811 5875//3811
f 5875//3812 5885//3812 5886//3812
f 5875//3813 5886//3813 5874//3813
f 5874//3814 5886//3814 5887//3814
f 5874//3815 5887//3815 5873//3815
f 5873//3815 5887//3815 5888//3815
f 5873//3816 5888//3816 5872//3816
f 5872//3816 5888//3816 5889//3816
f 5872//3817 5889//3817 5871//3817
f 5871//3817 5889//3817 5890//3817
f 5871//3818 5890//3818 5870//3818
f 5870//3818 5890//3818 5891//3818
f 5870//3819 5891//3819 5869//3819
f 5869//3820 5891//3820 5892//3820
f 5869//3821 5892//3821 5868//3821
f 5868//3821 5892//3821 5893//3821
f 5868//3822 5893//3822 5867//3822
f 5867//3822 5893//3822 5894//3822
f 5867//3823 5894//3823 5866//3823
f 5866//3823 5894//3823 5895//3823
f 5866//3824 5895//3824 5865//3824
f 5865//3824 5895//3824 5896//3824
f 5865//3825 5896//3825 5864//3825
f 5864//3825 5896//3825 5897//3825
f 5864//3826 5897//3826 5863//3826
f 5863//3826 5897//3826 5898//3826
f 5863//3827 5898//3827 5862//3827
f 5862//3828 5898//3828 5899//3828
f 5862//3829 5899//3829 5861//3829
f 5861//3829 5899//3829 5900//3829
f 5861//3830 5900//3830 5860//3830
f 5860//3830 5900//3830 5901//3830
f 5860//3831 5901//3831 5859//3831
f 5859//3831 5901//3831 5902//3831
f 5859//3832 5902//3832 5858//3832
f 5858//3832 5902//3832 5903//3832
f 5858//3833 5903//3833 5857//3833
f 5857//3834 5903//3834 5904//3834
f 5857//3835 5904//3835 5856//3835
f 5856//3835 5904//3835 5905//3835
f 5856//3836 5905//3836 5855//3836
f 5855//3836 5905//3836 5906//3836
f 5855//3837 5906//3837 5854//3837
f 5854//3837 5906//3837 5907//3837
f 5854//3838 5907//3838 5853//3838
f 5853//3838 5907//3838 5908//3838
f 5853//3839 5908//3839 5852//3839
f 5852//3839 5908//3839 5909//3839
f 5852//3840 5909//3840 5851//3840
f 5851//3840 5909//3840 5910//3840
f 5851//3841 5910//3841 5601//3841
f 5848//3805 5846//3805 5881//3805
f 5881//3842 5846//3842 5911//3842
f 5881//3843 5911//3843 5882//3843
f 5882//3843 5911//3843 5912//3843
f 5882//3844 5912//3844 5883//3844
f 5883//3844 5912//3844 5913//3844
f 5883//3845 5913//3845 5884//3845
f 5884//3845 5913//3845 5914//3845
f 5884//3846 5914//3846 5885//3846
f 5885//3847 5914//3847 5915//3847
f 5885//3848 5915//3848 5886//3848
f 5886//3849 5915//3849 5916//3849
f 5886//3850 5916//3850 5887//3850
f 5887//3851 5916//3851 5917//3851
f 5887//3852 5917//3852 5888//3852
f 5888//3852 5917//3852 5918//3852
f 5888//3853 5918//3853 5889//3853
f 5889//3853 5918//3853 5919//3853
f 5889//3854 5919//3854 5890//3854
f 5890//3855 5919//3855 5920//3855
f 5890//3856 5920//3856 5891//3856
f 5891//3856 5920//3856 5921//3856
f 5891//3857 5921//3857 5892//3857
f 5892//3857 5921//3857 5922//3857
f 5892//3858 5922//3858 5893//3858
f 5893//3858 5922//3858 5923//3858
f 5893//3859 5923//3859 5894//3859
f 5894//3859 5923//3859 5924//3859
f 5894//3860 5924//3860 5895//3860
f 5895//3860 5924//3860 5925//3860
f 5895//3861 5925//3861 5896//3861
f 5896//3861 5925//3861 5926//3861
f 5896//3862 5926//3862 5897//3862
f 5897//3862 5926//3862 5927//3862
f 5897//3863 5927//3863 5898//3863
f 5898//3863 5927//3863 5928//3863
f 5898//3864 5928//3864 5899//3864
f 5899//3864 5928//3864 5929//3864
f 5899//3865 5929//3865 5900//3865
f 5900//3865 5929//3865 5930//3865
f 5900//3866 5930//3866 5901//3866
f 5901//3866 5930//3866 5931//3866
f 5901//3867 5931//3867 5902//3867
f 5902//3867 5931//3867 5932//3867
f 5902//3868 5932//3868 5903//3868
f 5903//3868 5932//3868 5933//3868
f 5903//3869 5933//3869 5904//3869
f 5904//3869 5933//3869 5934//3869
f 5904//3870 5934//3870 5905//3870
f 5905//3870 5934//3870 5935//3870
f 5905//3871 5935//3871 5906//3871
f 5906//3871 5935//3871 5936//3871
f 5906//3872 5936//3872 5907//3872
f 5907//3872 5936//3872 5937//3872
f 5907//3873 5937//3873 5908//3873
f 5908//3873 5937//3873 5938//3873
f 5908//3874 5938//3874 5909//3874
f 5909//3874 5938//3874 5939//3874
f 5909//3875 5939//3875 5910//3875
f 5910//3875 5939//3875 5940//3875
f 5910//3876 5940//3876 5601//3876
f 5846//3842 5845//3842 5911//3842
f 5911//3877 5845//3877 5941//3877
f 5911//3878 5941//3878 5912//3878
f 5912//3879 5941//3879 5942//3879
f 5912//3880 5942//3880 5913//3880
f 5913//3880 5942//3880 5943//3880
f 5913//3881 5943//3881 5914//3881
f 5914//3881 5943//3881 5944//3881
f 5914//3882 5944//3882 5915//3882
f 5915//3883 5944//3883 5945//3883
f 5915//3884 5945//3884 5916//3884
f 5916//3884 5945//3884 5946//3884
f 5916//3885 5946//3885 5917//3885
f 5917//3885 5946//3885 5947//3885
f 5917//3886 5947//3886 5918//3886
f 5918//3886 5947//3886 5948//3886
f 5918//3887 5948//3887 5919//3887
f 5919//3887 5948//3887 5949//3887
f 5919//3888 5949//3888 5920//3888
f 5920//3888 5949//3888 5950//3888
f 5920//3889 5950//3889 5921//3889
f 5921//3889 5950//3889 5951//3889
f 5921//3890 5951//3890 5922//3890
f 5922//3890 5951//3890 5952//3890
f 5922//3891 5952//3891 5923//3891
f 5923//3891 5952//3891 5953//3891
f 5923//3892 5953//3892 5924//3892
f 5924//3892 5953//3892 5954//3892
f 5924//3893 5954//3893 5925//3893
f 5925//3893 5954//3893 5955//3893
f 5925//3894 5955//3894 5926//3894
f 5926//3894 5955//3894 5956//3894
f 5926//3895 5956//3895 5927//3895
f 5927//3895 5956//3895 5957//3895
f 5927//3896 5957//3896 5928//3896
f 5928//3896 5957//3896 5958//3896
f 5928//3897 5958//3897 5929//3897
f 5929//3897 5958//3897 5959//3897
f 5929//3898 5959//3898 5930//3898
f 5930//3898 5959//3898 5960//3898
f 5930//3899 5960//3899 5931//3899
f 5931//3899 5960//3899 5961//3899
f 5931//3900 5961//3900 5932//3900
f 5932//3900 5961//3900 5962//3900
f 5932//3901 5962//3901 5933//3901
f 5933//3901 5962//3901 5963//3901
f 5933//3902 5963//3902 5934//3902
f 5934//3902 5963//3902 5964//3902
f 5934//3903 5964//3903 5935//3903
f 5935//3903 5964//3903 5965//3903
f 5935//3904 5965//3904 5936//3904
f 5936//3904 5965//3904 5966//3904
f 5936//3905 5966//3905 5937//3905
f 5937//3905 5966//3905 5967//3905
f 5937//3906 5967//3906 5938//3906
f 5938//3906 5967//3906 5968//3906
f 5938//3907 5968//3907 5939//3907
f 5939//3907 5968//3907 5969//3907
f 5939//3908 5969//3908 5940//3908
f 5940//3908 5969//3908 5970//3908
f 5940//3909 5970//3909 5601//3909
f 5843//3910 5840//3910 5850//3910
f 5850//3911 5840//3911 5849//3911
f 5850//3912 5849//3912 5971//3912
f 5971//3912 5849//3912 5972//3912
f 5971//3913 5972//3913 5973//3913
f 5973//3913 5972//3913 5974//3913
f 5973//3914 5974//3914 5975//3914
f 5975//3914 5974//3914 5976//3914
f 5975//3915 5976//3915 5977//3915
f 5977//3916 5976//3916 5978//3916
f 5977//3917 5978//3917 5979//3917
f 5979//3917 5978//3917 5980//3917
f 5979//3918 5980//3918 5981//3918
f 5981//3919 5980//3919 5982//3919
f 5981//3920 5982//3920 5983//3920
f 5983//3920 5982//3920 5984//3920
f 5983//3921 5984//3921 5985//3921
f 5985//3921 5984//3921 5986//3921
f 5985//3922 5986//3922 5987//3922
f 5987//3922 5986//3922 5988//3922
f 5987//3923 5988//3923 5989//3923
f 5989//3923 5988//3923 5990//3923
f 5989//3924 5990//3924 5991//3924
f 5991//3924 5990//3924 5992//3924
f 5991//3925 5992//3925 5993//3925
f 5993//3925 5992//3925 5994//3925
f 5993//3926 5994//3926 5995//3926
f 5995//3926 5994//3926 5996//3926
f 5995//3927 5996//3927 5997//3927
f 5997//3927 5996//3927 5998//3927
f 5997//3928 5998//3928 5999//3928
f 5999//3928 5998//3928 6000//3928
f 5999//3929 6000//3929 6001//3929
f 6001//3929 6000//3929 6002//3929
f 6001//3930 6002//3930 6003//3930
f 6003//3930 6002//3930 6004//3930
f 6003//3931 6004//3931 6005//3931
f 6005//3931 6004//3931 6006//3931
f 6005//3932 6006//3932 6007//3932
f 6007//3932 6006//3932 6008//3932
f 6007//3933 6008//3933 6009//3933
f 6009//3934 6008//3934 6010//3934
f 6009//3935 6010//3935 6011//3935
f 6011//3935 6010//3935 6012//3935
f 6011//3936 6012//3936 6013//3936
f 6013//3936 6012//3936 6014//3936
f 6013//3937 6014//3937 6015//3937
f 6015//3937 6014//3937 6016//3937
f 6015//3938 6016//3938 6017//3938
f 6017//3938 6016//3938 6018//3938
f 6017//3939 6018//3939 6019//3939
f 6019//3939 6018//3939 6020//3939
f 6019//3940 6020//3940 6021//3940
f 6021//3940 6020//3940 6022//3940
f 6021//3941 6022//3941 6023//3941
f 6023//3941 6022//3941 6024//3941
f 6023//3942 6024//3942 6025//3942
f 6025//3942 6024//3942 6026//3942
f 6025//3943 6026//3943 6027//3943
f 6027//3943 6026//3943 6028//3943
f 6027//3944 6028//3944 5601//3944
f 5601//3945 6028//3945 5602//3945
f 5602//3946 6028//3946 6026//3946
f 5602//3946 6026//3946 5604//3946
f 5604//3947 6026//3947 6024//3947
f 5604//3947 6024//3947 5606//3947
f 5606//3948 6024//3948 6022//3948
f 5606//3949 6022//3949 5608//3949
f 5608//3950 6022//3950 6020//3950
f 5608//3950 6020//3950 5610//3950
f 5610//3951 6020//3951 6018//3951
f 5610//3951 6018//3951 5612//3951
f 5612//3952 6018//3952 6016//3952
f 5612//3952 6016//3952 5614//3952
f 5614//3953 6016//3953 6014//3953
f 5614//3953 6014//3953 5616//3953
f 5616//3954 6014//3954 6012//3954
f 5616//3954 6012//3954 5618//3954
f 5618//3955 6012//3955 6010//3955
f 5618//3955 6010//3955 5620//3955
f 5620//3956 6010//3956 6008//3956
f 5620//3956 6008//3956 5622//3956
f 5622//3957 6008//3957 6006//3957
f 5622//3957 6006//3957 5624//3957
f 5624//3958 6006//3958 6004//3958
f 5624//3958 6004//3958 5626//3958
f 5626//3959 6004//3959 6002//3959
f 5626//3959 6002//3959 5628//3959
f 5628//3960 6002//3960 6000//3960
f 5628//3960 6000//3960 5630//3960
f 5630//3961 6000//3961 5998//3961
f 5630//3961 5998//3961 5632//3961
f 5632//3962 5998//3962 5996//3962
f 5632//3962 5996//3962 5634//3962
f 5634//3963 5996//3963 5994//3963
f 5634//3963 5994//3963 5636//3963
f 5636//3964 5994//3964 5992//3964
f 5636//3964 5992//3964 5638//3964
f 5638//3965 5992//3965 5990//3965
f 5638//3965 5990//3965 5640//3965
f 5640//3966 5990//3966 5988//3966
f 5640//3966 5988//3966 5642//3966
f 5642//3967 5988//3967 5986//3967
f 5642//3967 5986//3967 5644//3967
f 5644//3968 5986//3968 5984//3968
f 5644//3968 5984//3968 5646//3968
f 5646//3969 5984//3969 5982//3969
f 5646//3969 5982//3969 5648//3969
f 5648//3970 5982//3970 5980//3970
f 5648//3970 5980//3970 5650//3970
f 5650//3971 5980//3971 5978//3971
f 5650//3971 5978//3971 5652//3971
f 5652//3972 5978//3972 5976//3972
f 5652//3973 5976//3973 5654//3973
f 5654//3974 5976//3974 5974//3974
f 5654//3974 5974//3974 5656//3974
f 5656//3975 5974//3975 5972//3975
f 5656//3975 5972//3975 5658//3975
f 5658//3976 5972//3976 5849//3976
f 5658//3976 5849//3976 5660//3976
f 5660//3977 5849//3977 5841//3977
f 5660//3977 5841//3977 5598//3977
f 5845//3877 5842//3877 5941//3877
f 5941//3978 5842//3978 5850//3978
f 5941//3979 5850//3979 5942//3979
f 5942//3979 5850//3979 5971//3979
f 5942//3980 5971//3980 5943//3980
f 5943//3980 5971//3980 5973//3980
f 5943//3981 5973//3981 5944//3981
f 5944//3981 5973//3981 5975//3981
f 5944//3982 5975//3982 5945//3982
f 5945//3983 5975//3983 5977//3983
f 5945//3984 5977//3984 5946//3984
f 5946//3985 5977//3985 5979//3985
f 5946//3986 5979//3986 5947//3986
f 5947//3987 5979//3987 5981//3987
f 5947//3988 5981//3988 5948//3988
f 5948//3988 5981//3988 5983//3988
f 5948//3989 5983//3989 5949//3989
f 5949//3990 5983//3990 5985//3990
f 5949//3991 5985//3991 5950//3991
f 5950//3991 5985//3991 5987//3991
f 5950//3992 5987//3992 5951//3992
f 5951//3992 5987//3992 5989//3992
f 5951//3993 5989//3993 5952//3993
f 5952//3994 5989//3994 5991//3994
f 5952//3995 5991//3995 5953//3995
f 5953//3995 5991//3995 5993//3995
f 5953//3996 5993//3996 5954//3996
f 5954//3996 5993//3996 5995//3996
f 5954//3997 5995//3997 5955//3997
f 5955//3998 5995//3998 5997//3998
f 5955//3999 5997//3999 5956//3999
f 5956//3999 5997//3999 5999//3999
f 5956//4000 5999//4000 5957//4000
f 5957//4000 5999//4000 6001//4000
f 5957//4001 6001//4001 5958//4001
f 5958//4001 6001//4001 6003//4001
f 5958//4002 6003//4002 5959//4002
f 5959//4002 6003//4002 6005//4002
f 5959//4003 6005//4003 5960//4003
f 5960//4003 6005//4003 6007//4003
f 5960//4004 6007//4004 5961//4004
f 5961//4004 6007//4004 6009//4004
f 5961//4005 6009//4005 5962//4005
f 5962//4005 6009//4005 6011//4005
f 5962//4006 6011//4006 5963//4006
f 5963//4006 6011//4006 6013//4006
f 5963//4007 6013//4007 5964//4007
f 5964//4007 6013//4007 6015//4007
f 5964//4008 6015//4008 5965//4008
f 5965//4009 6015//4009 6017//4009
f 5965//4010 6017//4010 5966//4010
f 5966//4010 6017//4010 6019//4010
f 5966//4011 6019//4011 5967//4011
f 5967//4011 6019//4011 6021//4011
f 5967//4012 6021//4012 5968//4012
f 5968//4012 6021//4012 6023//4012
f 5968//4013 6023//4013 5969//4013
f 5969//4013 6023//4013 6025//4013
f 5969//4014 6025//4014 5970//4014
f 5970//4014 6025//4014 6027//4014
f 5970//4015 6027//4015 5601//4015
f 6029//4016 4673//4016 4693//4016
f 4681//4017 6030//4017 6031//4017
f 6032//4018 4251//4018 6033//4018
f 6033//4019 4251//4019 4250//4019
f 6033//4020 4250//4020 6034//4020
f 6034//4021 4250//4021 4006//4021
f 6034//4022 4006//4022 3997//4022
f 6035//4023 4396//4023 4394//4023
f 6035//4024 4394//4024 6036//4024
f 4394//4025 4393//4025 6036//4025
f 6036//4026 4393//4026 4297//4026
f 6036//4027 4297//4027 6032//4027
f 6032//4028 4297//4028 4296//4028
f 6032//4029 4296//4029 4251//4029
f 4629//4030 6037//4030 4682//4030
f 4682//4031 6037//4031 4389//4031
f 4682//4032 4389//4032 4681//4032
f 4681//4033 4389//4033 4388//4033
f 4681//4034 4388//4034 6030//4034
f 6030//4035 4388//4035 4392//4035
f 6030//4036 4392//4036 6035//4036
f 6035//4037 4392//4037 4391//4037
f 6035//4038 4391//4038 4396//4038
f 4588//4039 4592//4039 4694//4039
f 4694//4040 4592//4040 4693//4040
f 4693//4041 4592//4041 4594//4041
f 4693//4042 4594//4042 6029//4042
f 4585//4043 4589//4043 6038//4043
f 6038//4044 4589//4044 4588//4044
f 6038//4045 4588//4045 6031//4045
f 6031//4046 4588//4046 4694//4046
f 6031//4047 4694//4047 4681//4047
f 6039//4048 4584//4048 6038//4048
f 6038//4049 4584//4049 4586//4049
f 6038//4050 4586//4050 4585//4050
f 6032//4051 6033//4051 6040//4051
f 6035//4052 6036//4052 6041//4052
f 6042//4053 6043//4053 6044//4053
f 6044//4054 6043//4054 6045//4054
f 6044//4054 6045//4054 6046//4054
f 6046//4055 6045//4055 6047//4055
f 6046//4055 6047//4055 6048//4055
f 6048//4056 6047//4056 6049//4056
f 6048//4056 6049//4056 6050//4056
f 6050//4057 6049//4057 6051//4057
f 6050//4057 6051//4057 6052//4057
f 6052//4058 6051//4058 6053//4058
f 6052//4058 6053//4058 6054//4058
f 6054//4059 6053//4059 6055//4059
f 6054//4059 6055//4059 6056//4059
f 6056//4060 6055//4060 6057//4060
f 6056//4060 6057//4060 6058//4060
f 6058//4061 6057//4061 6059//4061
f 6058//4062 6059//4062 6060//4062
f 6060//4063 6059//4063 6061//4063
f 6060//4063 6061//4063 6062//4063
f 6062//4064 6061//4064 6063//4064
f 6062//4064 6063//4064 6064//4064
f 6064//4065 6063//4065 6065//4065
f 6064//4065 6065//4065 6066//4065
f 6066//4066 6065//4066 6067//4066
f 6066//4066 6067//4066 6068//4066
f 6068//4067 6067//4067 6069//4067
f 6068//4067 6069//4067 6070//4067
f 6070//4068 6069//4068 6071//4068
f 6070//4068 6071//4068 6072//4068
f 6072//4069 6071//4069 6073//4069
f 6072//4069 6073//4069 6074//4069
f 6074//4070 6073//4070 6075//4070
f 6074//4070 6075//4070 6076//4070
f 6076//4071 6075//4071 6077//4071
f 6076//4071 6077//4071 6078//4071
f 6078//4072 6077//4072 6079//4072
f 6078//4072 6079//4072 6080//4072
f 6080//4073 6079//4073 6081//4073
f 6080//4074 6081//4074 6082//4074
f 6082//4075 6081//4075 6083//4075
f 6082//4075 6083//4075 6084//4075
f 6084//4076 6083//4076 6085//4076
f 6084//4076 6085//4076 6086//4076
f 6086//4077 6085//4077 6087//4077
f 6086//4077 6087//4077 6088//4077
f 6088//4078 6087//4078 6089//4078
f 6088//4078 6089//4078 6090//4078
f 6090//4079 6089//4079 6091//4079
f 6090//4080 6091//4080 6092//4080
f 6092//4081 6091//4081 6093//4081
f 6092//4082 6093//4082 6094//4082
f 6094//4083 6093//4083 6095//4083
f 6094//4084 6095//4084 6096//4084
f 6096//4085 6095//4085 6097//4085
f 6096//4085 6097//4085 6098//4085
f 6098//4086 6097//4086 6099//4086
f 6098//4086 6099//4086 6100//4086
f 6100//4087 6099//4087 6101//4087
f 6100//4087 6101//4087 6102//4087
f 6102//4088 6101//4088 6039//4088
f 6039//4088 6038//4088 6102//4088
f 6102//4089 6038//4089 6103//4089
f 6102//4090 6103//4090 6100//4090
f 6100//4090 6103//4090 6104//4090
f 6100//4091 6104//4091 6098//4091
f 6098//4091 6104//4091 6105//4091
f 6098//4092 6105//4092 6096//4092
f 6096//4093 6105//4093 6106//4093
f 6096//4094 6106//4094 6094//4094
f 6094//4095 6106//4095 6107//4095
f 6094//4096 6107//4096 6092//4096
f 6092//4096 6107//4096 6108//4096
f 6092//4097 6108//4097 6090//4097
f 6090//4098 6108//4098 6109//4098
f 6090//4099 6109//4099 6088//4099
f 6088//4099 6109//4099 6110//4099
f 6088//4100 6110//4100 6086//4100
f 6086//4100 6110//4100 6111//4100
f 6086//4101 6111//4101 6084//4101
f 6084//4101 6111//4101 6112//4101
f 6084//4102 6112//4102 6082//4102
f 6082//4102 6112//4102 6113//4102
f 6082//4103 6113//4103 6080//4103
f 6080//4104 6113//4104 6114//4104
f 6080//4105 6114//4105 6078//4105
f 6078//4106 6114//4106 6115//4106
f 6078//4107 6115//4107 6076//4107
f 6076//4107 6115//4107 6116//4107
f 6076//4108 6116//4108 6074//4108
f 6074//4108 6116//4108 6117//4108
f 6074//4109 6117//4109 6072//4109
f 6072//4109 6117//4109 6118//4109
f 6072//4110 6118//4110 6070//4110
f 6070//4110 6118//4110 6119//4110
f 6070//4111 6119//4111 6068//4111
f 6068//4112 6119//4112 6120//4112
f 6068//4113 6120//4113 6066//4113
f 6066//4114 6120//4114 6121//4114
f 6066//4115 6121//4115 6064//4115
f 6064//4115 6121//4115 6122//4115
f 6064//4116 6122//4116 6062//4116
f 6062//4116 6122//4116 6123//4116
f 6062//4117 6123//4117 6060//4117
f 6060//4117 6123//4117 6124//4117
f 6060//4118 6124//4118 6058//4118
f 6058//4118 6124//4118 6125//4118
f 6058//4119 6125//4119 6056//4119
f 6056//4119 6125//4119 6126//4119
f 6056//4120 6126//4120 6054//4120
f 6054//4120 6126//4120 6127//4120
f 6054//4121 6127//4121 6052//4121
f 6052//4121 6127//4121 6128//4121
f 6052//4122 6128//4122 6050//4122
f 6050//4122 6128//4122 6129//4122
f 6050//4123 6129//4123 6048//4123
f 6048//4123 6129//4123 6130//4123
f 6048//4124 6130//4124 6046//4124
f 6046//4124 6130//4124 6131//4124
f 6046//4125 6131//4125 6044//4125
f 6044//4125 6131//4125 6132//4125
f 6044//4126 6132//4126 6042//4126
f 6038//4089 6031//4089 6103//4089
f 6103//4127 6031//4127 6133//4127
f 6103//4128 6133//4128 6104//4128
f 6104//4128 6133//4128 6134//4128
f 6104//4129 6134//4129 6105//4129
f 6105//4129 6134//4129 6135//4129
f 6105//4130 6135//4130 6106//4130
f 6106//4130 6135//4130 6136//4130
f 6106//4131 6136//4131 6107//4131
f 6107//4132 6136//4132 6137//4132
f 6107//4133 6137//4133 6108//4133
f 6108//4134 6137//4134 6138//4134
f 6108//4135 6138//4135 6109//4135
f 6109//4135 6138//4135 6139//4135
f 6109//4136 6139//4136 6110//4136
f 6110//4136 6139//4136 6140//4136
f 6110//4137 6140//4137 6111//4137
f 6111//4137 6140//4137 6141//4137
f 6111//4138 6141//4138 6112//4138
f 6112//4139 6141//4139 6142//4139
f 6112//4140 6142//4140 6113//4140
f 6113//4140 6142//4140 6143//4140
f 6113//4141 6143//4141 6114//4141
f 6114//4141 6143//4141 6144//4141
f 6114//4142 6144//4142 6115//4142
f 6115//4142 6144//4142 6145//4142
f 6115//4143 6145//4143 6116//4143
f 6116//4143 6145//4143 6146//4143
f 6116//4144 6146//4144 6117//4144
f 6117//4144 6146//4144 6147//4144
f 6117//4145 6147//4145 6118//4145
f 6118//4145 6147//4145 6148//4145
f 6118//4146 6148//4146 6119//4146
f 6119//4146 6148//4146 6149//4146
f 6119//4147 6149//4147 6120//4147
f 6120//4147 6149//4147 6150//4147
f 6120//4148 6150//4148 6121//4148
f 6121//4148 6150//4148 6151//4148
f 6121//4149 6151//4149 6122//4149
f 6122//4149 6151//4149 6152//4149
f 6122//4150 6152//4150 6123//4150
f 6123//4150 6152//4150 6153//4150
f 6123//4151 6153//4151 6124//4151
f 6124//4151 6153//4151 6154//4151
f 6124//4152 6154//4152 6125//4152
f 6125//4152 6154//4152 6155//4152
f 6125//4153 6155//4153 6126//4153
f 6126//4153 6155//4153 6156//4153
f 6126//4154 6156//4154 6127//4154
f 6127//4154 6156//4154 6157//4154
f 6127//4155 6157//4155 6128//4155
f 6128//4155 6157//4155 6158//4155
f 6128//4156 6158//4156 6129//4156
f 6129//4156 6158//4156 6159//4156
f 6129//4157 6159//4157 6130//4157
f 6130//4157 6159//4157 6160//4157
f 6130//4158 6160//4158 6131//4158
f 6131//4158 6160//4158 6161//4158
f 6131//4159 6161//4159 6132//4159
f 6132//4159 6161//4159 6162//4159
f 6132//4160 6162//4160 6042//4160
f 6031//4127 6030//4127 6133//4127
f 6133//4161 6030//4161 6163//4161
f 6133//4162 6163//4162 6134//4162
f 6134//4162 6163//4162 6164//4162
f 6134//4163 6164//4163 6135//4163
f 6135//4163 6164//4163 6165//4163
f 6135//4164 6165//4164 6136//4164
f 6136//4164 6165//4164 6166//4164
f 6136//4165 6166//4165 6137//4165
f 6137//4166 6166//4166 6167//4166
f 6137//4167 6167//4167 6138//4167
f 6138//4167 6167//4167 6168//4167
f 6138//4168 6168//4168 6139//4168
f 6139//4169 6168//4169 6169//4169
f 6139//4170 6169//4170 6140//4170
f 6140//4170 6169//4170 6170//4170
f 6140//4171 6170//4171 6141//4171
f 6141//4171 6170//4171 6171//4171
f 6141//4172 6171//4172 6142//4172
f 6142//4172 6171//4172 6172//4172
f 6142//4173 6172//4173 6143//4173
f 6143//4173 6172//4173 6173//4173
f 6143//4174 6173//4174 6144//4174
f 6144//4174 6173//4174 6174//4174
f 6144//4175 6174//4175 6145//4175
f 6145//4175 6174//4175 6175//4175
f 6145//4176 6175//4176 6146//4176
f 6146//4176 6175//4176 6176//4176
f 6146//4177 6176//4177 6147//4177
f 6147//4177 6176//4177 6177//4177
f 6147//4178 6177//4178 6148//4178
f 6148//4178 6177//4178 6178//4178
f 6148//4179 6178//4179 6149//4179
f 6149//4179 6178//4179 6179//4179
f 6149//4180 6179//4180 6150//4180
f 6150//4180 6179//4180 6180//4180
f 6150//4181 6180//4181 6151//4181
f 6151//4181 6180//4181 6181//4181
f 6151//4182 6181//4182 6152//4182
f 6152//4182 6181//4182 6182//4182
f 6152//4183 6182//4183 6153//4183
f 6153//4183 6182//4183 6183//4183
f 6153//4184 6183//4184 6154//4184
f 6154//4184 6183//4184 6184//4184
f 6154//4185 6184//4185 6155//4185
f 6155//4185 6184//4185 6185//4185
f 6155//4186 6185//4186 6156//4186
f 6156//4186 6185//4186 6186//4186
f 6156//4187 6186//4187 6157//4187
f 6157//4187 6186//4187 6187//4187
f 6157//4188 6187//4188 6158//4188
f 6158//4188 6187//4188 6188//4188
f 6158//4189 6188//4189 6159//4189
f 6159//4190 6188//4190 6189//4190
f 6159//4191 6189//4191 6160//4191
f 6160//4191 6189//4191 6190//4191
f 6160//4192 6190//4192 6161//4192
f 6161//4192 6190//4192 6191//4192
f 6161//4193 6191//4193 6162//4193
f 6162//4193 6191//4193 6192//4193
f 6162//4194 6192//4194 6042//4194
f 6036//4195 6032//4195 6041//4195
f 6041//4196 6032//4196 6040//4196
f 6041//4197 6040//4197 6193//4197
f 6193//4197 6040//4197 6194//4197
f 6193//4198 6194//4198 6195//4198
f 6195//4198 6194//4198 6196//4198
f 6195//4199 6196//4199 6197//4199
f 6197//4199 6196//4199 6198//4199
f 6197//4200 6198//4200 6199//4200
f 6199//4201 6198//4201 6200//4201
f 6199//4202 6200//4202 6201//4202
f 6201//4202 6200//4202 6202//4202
f 6201//4203 6202//4203 6203//4203
f 6203//4204 6202//4204 6204//4204
f 6203//4205 6204//4205 6205//4205
f 6205//4205 6204//4205 6206//4205
f 6205//4206 6206//4206 6207//4206
f 6207//4206 6206//4206 6208//4206
f 6207//4207 6208//4207 6209//4207
f 6209//4207 6208//4207 6210//4207
f 6209//4208 6210//4208 6211//4208
f 6211//4208 6210//4208 6212//4208
f 6211//4209 6212//4209 6213//4209
f 6213//4209 6212//4209 6214//4209
f 6213//4210 6214//4210 6215//4210
f 6215//4210 6214//4210 6216//4210
f 6215//4211 6216//4211 6217//4211
f 6217//4212 6216//4212 6218//4212
f 6217//4213 6218//4213 6219//4213
f 6219//4213 6218//4213 6220//4213
f 6219//4214 6220//4214 6221//4214
f 6221//4214 6220//4214 6222//4214
f 6221//4215 6222//4215 6223//4215
f 6223//4215 6222//4215 6224//4215
f 6223//4216 6224//4216 6225//4216
f 6225//4216 6224//4216 6226//4216
f 6225//4217 6226//4217 6227//4217
f 6227//4217 6226//4217 6228//4217
f 6227//4218 6228//4218 6229//4218
f 6229//4219 6228//4219 6230//4219
f 6229//4220 6230//4220 6231//4220
f 6231//4220 6230//4220 6232//4220
f 6231//4221 6232//4221 6233//4221
f 6233//4221 6232//4221 6234//4221
f 6233//4222 6234//4222 6235//4222
f 6235//4222 6234//4222 6236//4222
f 6235//4223 6236//4223 6237//4223
f 6237//4223 6236//4223 6238//4223
f 6237//4224 6238//4224 6239//4224
f 6239//4224 6238//4224 6240//4224
f 6239//4225 6240//4225 6241//4225
f 6241//4225 6240//4225 6242//4225
f 6241//4226 6242//4226 6243//4226
f 6243//4226 6242//4226 6244//4226
f 6243//4227 6244//4227 6245//4227
f 6245//4227 6244//4227 6246//4227
f 6245//4228 6246//4228 6247//4228
f 6247//4228 6246//4228 6248//4228
f 6247//4229 6248//4229 6249//4229
f 6249//4229 6248//4229 6250//4229
f 6249//4230 6250//4230 6042//4230
f 6042//4231 6250//4231 6251//4231
f 6251//4232 6250//4232 6248//4232
f 6251//4232 6248//4232 6252//4232
f 6252//4233 6248//4233 6246//4233
f 6252//4233 6246//4233 6253//4233
f 6253//4234 6246//4234 6244//4234
f 6253//4234 6244//4234 6254//4234
f 6254//4235 6244//4235 6242//4235
f 6254//4235 6242//4235 6255//4235
f 6255//4236 6242//4236 6240//4236
f 6255//4236 6240//4236 6256//4236
f 6256//4237 6240//4237 6238//4237
f 6256//4237 6238//4237 6257//4237
f 6257//4238 6238//4238 6236//4238
f 6257//4238 6236//4238 6258//4238
f 6258//4239 6236//4239 6234//4239
f 6258//4239 6234//4239 6259//4239
f 6259//4240 6234//4240 6232//4240
f 6259//4240 6232//4240 6260//4240
f 6260//4241 6232//4241 6230//4241
f 6260//4241 6230//4241 6261//4241
f 6261//4242 6230//4242 6228//4242
f 6261//4242 6228//4242 6262//4242
f 6262//4243 6228//4243 6226//4243
f 6262//4243 6226//4243 6263//4243
f 6263//4244 6226//4244 6224//4244
f 6263//4244 6224//4244 6264//4244
f 6264//4245 6224//4245 6222//4245
f 6264//4245 6222//4245 6265//4245
f 6265//4246 6222//4246 6220//4246
f 6265//4246 6220//4246 6266//4246
f 6266//4247 6220//4247 6218//4247
f 6266//4247 6218//4247 6267//4247
f 6267//4248 6218//4248 6216//4248
f 6267//4248 6216//4248 6268//4248
f 6268//4249 6216//4249 6214//4249
f 6268//4249 6214//4249 6269//4249
f 6269//4250 6214//4250 6212//4250
f 6269//4250 6212//4250 6270//4250
f 6270//4251 6212//4251 6210//4251
f 6270//4251 6210//4251 6271//4251
f 6271//4252 6210//4252 6208//4252
f 6271//4252 6208//4252 6272//4252
f 6272//4253 6208//4253 6206//4253
f 6272//4253 6206//4253 6273//4253
f 6273//4254 6206//4254 6204//4254
f 6273//4254 6204//4254 6274//4254
f 6274//4255 6204//4255 6202//4255
f 6274//4255 6202//4255 6275//4255
f 6275//4256 6202//4256 6200//4256
f 6275//4257 6200//4257 6276//4257
f 6276//4258 6200//4258 6198//4258
f 6276//4259 6198//4259 6277//4259
f 6277//4260 6198//4260 6196//4260
f 6277//4260 6196//4260 6278//4260
f 6278//4261 6196//4261 6194//4261
f 6278//4261 6194//4261 6279//4261
f 6279//4262 6194//4262 6040//4262
f 6279//4262 6040//4262 6280//4262
f 6280//4263 6040//4263 6033//4263
f 6280//4263 6033//4263 6034//4263
f 6030//4161 6035//4161 6163//4161
f 6163//4052 6035//4052 6041//4052
f 6163//4264 6041//4264 6164//4264
f 6164//4264 6041//4264 6193//4264
f 6164//4265 6193//4265 6165//4265
f 6165//4265 6193//4265 6195//4265
f 6165//4266 6195//4266 6166//4266
f 6166//4266 6195//4266 6197//4266
f 6166//4267 6197//4267 6167//4267
f 6167//4268 6197//4268 6199//4268
f 6167//4269 6199//4269 6168//4269
f 6168//4269 6199//4269 6201//4269
f 6168//4270 6201//4270 6169//4270
f 6169//4271 6201//4271 6203//4271
f 6169//4272 6203//4272 6170//4272
f 6170//4272 6203//4272 6205//4272
f 6170//4273 6205//4273 6171//4273
f 6171//4273 6205//4273 6207//4273
f 6171//4274 6207//4274 6172//4274
f 6172//4275 6207//4275 6209//4275
f 6172//4276 6209//4276 6173//4276
f 6173//4276 6209//4276 6211//4276
f 6173//4277 6211//4277 6174//4277
f 6174//4277 6211//4277 6213//4277
f 6174//4278 6213//4278 6175//4278
f 6175//4278 6213//4278 6215//4278
f 6175//4279 6215//4279 6176//4279
f 6176//4279 6215//4279 6217//4279
f 6176//4280 6217//4280 6177//4280
f 6177//4280 6217//4280 6219//4280
f 6177//4281 6219//4281 6178//4281
f 6178//4281 6219//4281 6221//4281
f 6178//4282 6221//4282 6179//4282
f 6179//4282 6221//4282 6223//4282
f 6179//4283 6223//4283 6180//4283
f 6180//4284 6223//4284 6225//4284
f 6180//4285 6225//4285 6181//4285
f 6181//4285 6225//4285 6227//4285
f 6181//4286 6227//4286 6182//4286
f 6182//4287 6227//4287 6229//4287
f 6182//4288 6229//4288 6183//4288
f 6183//4288 6229//4288 6231//4288
f 6183//4289 6231//4289 6184//4289
f 6184//4289 6231//4289 6233//4289
f 6184//4290 6233//4290 6185//4290
f 6185//4291 6233//4291 6235//4291
f 6185//4292 6235//4292 6186//4292
f 6186//4292 6235//4292 6237//4292
f 6186//4293 6237//4293 6187//4293
f 6187//4293 6237//4293 6239//4293
f 6187//4294 6239//4294 6188//4294
f 6188//4295 6239//4295 6241//4295
f 6188//4296 6241//4296 6189//4296
f 6189//4296 6241//4296 6243//4296
f 6189//4297 6243//4297 6190//4297
f 6190//4297 6243//4297 6245//4297
f 6190//4298 6245//4298 6191//4298
f 6191//4298 6245//4298 6247//4298
f 6191//4299 6247//4299 6192//4299
f 6192//4299 6247//4299 6249//4299
f 6192//4300 6249//4300 6042//4300
f 4009//4301 4008//4301 6281//4301
f 6282//4302 4289//4302 6283//4302
f 6283//4303 4289//4303 4369//4303
f 6283//4304 4369//4304 6039//4304
f 6039//4305 4369//4305 4368//4305
f 6039//4306 4368//4306 4584//4306
f 4208//4307 4207//4307 6284//4307
f 6284//4308 4207//4308 4211//4308
f 6284//4309 4211//4309 6285//4309
f 4211//4310 4210//4310 6285//4310
f 6285//4311 4210//4311 4219//4311
f 6285//4312 4219//4312 6282//4312
f 6282//4313 4219//4313 4288//4313
f 6282//4314 4288//4314 4289//4314
f 3678//4315 6286//4315 3679//4315
f 3679//4316 6286//4316 3781//4316
f 3679//4317 3781//4317 3676//4317
f 4208//4318 6284//4318 4204//4318
f 4204//4319 6284//4319 6287//4319
f 4204//4320 6287//4320 4205//4320
f 6281//4321 4008//4321 6288//4321
f 4008//4322 4012//4322 6288//4322
f 6288//4323 4012//4323 3618//4323
f 6288//4324 3618//4324 6289//4324
f 6289//4325 3618//4325 3674//4325
f 6289//4326 3674//4326 6287//4326
f 6287//4327 3674//4327 3676//4327
f 6287//4328 3676//4328 4205//4328
f 4205//4329 3676//4329 3781//4329
f 4012//4330 4011//4330 3618//4330
f 3618//4331 4011//4331 3729//4331
f 3618//4332 3729//4332 3620//4332
f 3620//4333 3729//4333 6290//4333
f 3620//4334 6290//4334 3648//4334
f 6034//4335 3997//4335 6281//4335
f 6281//4336 3997//4336 3996//4336
f 6281//4337 3996//4337 4009//4337
f 6282//4338 6283//4338 6291//4338
f 6284//4339 6285//4339 6292//4339
f 6293//4340 6294//4340 6042//4340
f 6042//4341 6251//4341 6293//4341
f 6293//4342 6251//4342 6252//4342
f 6293//4342 6252//4342 6295//4342
f 6295//4343 6252//4343 6253//4343
f 6295//4343 6253//4343 6296//4343
f 6296//4344 6253//4344 6254//4344
f 6296//4344 6254//4344 6297//4344
f 6297//4345 6254//4345 6255//4345
f 6297//4345 6255//4345 6298//4345
f 6298//4346 6255//4346 6256//4346
f 6298//4346 6256//4346 6299//4346
f 6299//4347 6256//4347 6257//4347
f 6299//4347 6257//4347 6300//4347
f 6300//4348 6257//4348 6258//4348
f 6300//4348 6258//4348 6301//4348
f 6301//4349 6258//4349 6259//4349
f 6301//4349 6259//4349 6302//4349
f 6302//4350 6259//4350 6260//4350
f 6302//4350 6260//4350 6303//4350
f 6303//4351 6260//4351 6261//4351
f 6303//4351 6261//4351 6304//4351
f 6304//4352 6261//4352 6262//4352
f 6304//4352 6262//4352 6305//4352
f 6305//4353 6262//4353 6263//4353
f 6305//4353 6263//4353 6306//4353
f 6306//4354 6263//4354 6264//4354
f 6306//4354 6264//4354 6307//4354
f 6307//4355 6264//4355 6265//4355
f 6307//4355 6265//4355 6308//4355
f 6308//4356 6265//4356 6266//4356
f 6308//4356 6266//4356 6309//4356
f 6309//4357 6266//4357 6267//4357
f 6309//4357 6267//4357 6310//4357
f 6310//4358 6267//4358 6268//4358
f 6310//4358 6268//4358 6311//4358
f 6311//4359 6268//4359 6269//4359
f 6311//4359 6269//4359 6312//4359
f 6312//4360 6269//4360 6270//4360
f 6312//4360 6270//4360 6313//4360
f 6313//4361 6270//4361 6271//4361
f 6313//4361 6271//4361 6314//4361
f 6314//4362 6271//4362 6272//4362
f 6314//4362 6272//4362 6315//4362
f 6315//4363 6272//4363 6273//4363
f 6315//4363 6273//4363 6316//4363
f 6316//4364 6273//4364 6274//4364
f 6316//4364 6274//4364 6317//4364
f 6317//4365 6274//4365 6275//4365
f 6317//4365 6275//4365 6318//4365
f 6318//4366 6275//4366 6276//4366
f 6318//4367 6276//4367 6319//4367
f 6319//4368 6276//4368 6277//4368
f 6319//4369 6277//4369 6320//4369
f 6320//4370 6277//4370 6278//4370
f 6320//4370 6278//4370 6321//4370
f 6321//4371 6278//4371 6279//4371
f 6321//4371 6279//4371 6322//4371
f 6294//4372 6293//4372 6323//4372
f 6323//4373 6293//4373 6295//4373
f 6323//4374 6295//4374 6324//4374
f 6324//4374 6295//4374 6296//4374
f 6324//4375 6296//4375 6325//4375
f 6325//4375 6296//4375 6297//4375
f 6325//4376 6297//4376 6326//4376
f 6326//4376 6297//4376 6298//4376
f 6326//4377 6298//4377 6327//4377
f 6327//4377 6298//4377 6299//4377
f 6327//4378 6299//4378 6328//4378
f 6328//4378 6299//4378 6300//4378
f 6328//4379 6300//4379 6329//4379
f 6329//4379 6300//4379 6301//4379
f 6329//4380 6301//4380 6330//4380
f 6330//4380 6301//4380 6302//4380
f 6330//4381 6302//4381 6331//4381
f 6331//4381 6302//4381 6303//4381
f 6331//4382 6303//4382 6332//4382
f 6332//4382 6303//4382 6304//4382
f 6332//4383 6304//4383 6333//4383
f 6333//4383 6304//4383 6305//4383
f 6333//4384 6305//4384 6334//4384
f 6334//4384 6305//4384 6306//4384
f 6334//4385 6306//4385 6335//4385
f 6335//4386 6306//4386 6307//4386
f 6335//4387 6307//4387 6336//4387
f 6336//4387 6307//4387 6308//4387
f 6336//4388 6308//4388 6337//4388
f 6337//4388 6308//4388 6309//4388
f 6337//4389 6309//4389 6338//4389
f 6338//4389 6309//4389 6310//4389
f 6338//4390 6310//4390 6339//4390
f 6339//4390 6310//4390 6311//4390
f 6339//4391 6311//4391 6340//4391
f 6340//4391 6311//4391 6312//4391
f 6340//4392 6312//4392 6341//4392
f 6341//4392 6312//4392 6313//4392
f 6341//4393 6313//4393 6342//4393
f 6342//4393 6313//4393 6314//4393
f 6342//4394 6314//4394 6343//4394
f 6343//4394 6314//4394 6315//4394
f 6343//4395 6315//4395 6344//4395
f 6344//4395 6315//4395 6316//4395
f 6344//4396 6316//4396 6345//4396
f 6345//4396 6316//4396 6317//4396
f 6345//4397 6317//4397 6346//4397
f 6346//4398 6317//4398 6318//4398
f 6346//4399 6318//4399 6347//4399
f 6347//4399 6318//4399 6319//4399
f 6347//4400 6319//4400 6348//4400
f 6348//4401 6319//4401 6320//4401
f 6348//4402 6320//4402 6349//4402
f 6349//4402 6320//4402 6321//4402
f 6349//4403 6321//4403 6350//4403
f 6350//4403 6321//4403 6322//4403
f 6350//4404 6322//4404 6351//4404
f 6281//4405 6352//4405 6034//4405
f 6034//4406 6352//4406 6280//4406
f 6279//4407 6280//4407 6322//4407
f 6322//4407 6280//4407 6352//4407
f 6322//4404 6352//4404 6351//4404
f 6351//4408 6352//4408 6281//4408
f 6351//4409 6281//4409 6288//4409
f 6288//4410 6289//4410 6351//4410
f 6351//4411 6289//4411 6353//4411
f 6351//4412 6353//4412 6350//4412
f 6350//4412 6353//4412 6354//4412
f 6350//4413 6354//4413 6349//4413
f 6349//4413 6354//4413 6355//4413
f 6349//4414 6355//4414 6348//4414
f 6348//4414 6355//4414 6356//4414
f 6348//4415 6356//4415 6347//4415
f 6347//4416 6356//4416 6357//4416
f 6347//4417 6357//4417 6346//4417
f 6346//4417 6357//4417 6358//4417
f 6346//4418 6358//4418 6345//4418
f 6345//4418 6358//4418 6359//4418
f 6345//4419 6359//4419 6344//4419
f 6344//4419 6359//4419 6360//4419
f 6344//4420 6360//4420 6343//4420
f 6343//4420 6360//4420 6361//4420
f 6343//4421 6361//4421 6342//4421
f 6342//4422 6361//4422 6362//4422
f 6342//4423 6362//4423 6341//4423
f 6341//4423 6362//4423 6363//4423
f 6341//4424 6363//4424 6340//4424
f 6340//4424 6363//4424 6364//4424
f 6340//4425 6364//4425 6339//4425
f 6339//4425 6364//4425 6365//4425
f 6339//4426 6365//4426 6338//4426
f 6338//4426 6365//4426 6366//4426
f 6338//4427 6366//4427 6337//4427
f 6337//4427 6366//4427 6367//4427
f 6337//4428 6367//4428 6336//4428
f 6336//4428 6367//4428 6368//4428
f 6336//4429 6368//4429 6335//4429
f 6335//4429 6368//4429 6369//4429
f 6335//4430 6369//4430 6334//4430
f 6334//4430 6369//4430 6370//4430
f 6334//4431 6370//4431 6333//4431
f 6333//4431 6370//4431 6371//4431
f 6333//4432 6371//4432 6332//4432
f 6332//4432 6371//4432 6372//4432
f 6332//4433 6372//4433 6331//4433
f 6331//4433 6372//4433 6373//4433
f 6331//4434 6373//4434 6330//4434
f 6330//4434 6373//4434 6374//4434
f 6330//4435 6374//4435 6329//4435
f 6329//4435 6374//4435 6375//4435
f 6329//4436 6375//4436 6328//4436
f 6328//4437 6375//4437 6376//4437
f 6328//4438 6376//4438 6327//4438
f 6327//4438 6376//4438 6377//4438
f 6327//4439 6377//4439 6326//4439
f 6326//4439 6377//4439 6378//4439
f 6326//4440 6378//4440 6325//4440
f 6325//4440 6378//4440 6379//4440
f 6325//4441 6379//4441 6324//4441
f 6324//4441 6379//4441 6380//4441
f 6324//4442 6380//4442 6323//4442
f 6323//4442 6380//4442 6381//4442
f 6323//4443 6381//4443 6294//4443
f 6294//4443 6381//4443 6382//4443
f 6294//4444 6382//4444 6042//4444
f 6289//4411 6287//4411 6353//4411
f 6353//4445 6287//4445 6383//4445
f 6353//4446 6383//4446 6354//4446
f 6354//4446 6383//4446 6384//4446
f 6354//4447 6384//4447 6355//4447
f 6355//4447 6384//4447 6385//4447
f 6355//4448 6385//4448 6356//4448
f 6356//4448 6385//4448 6386//4448
f 6356//4449 6386//4449 6357//4449
f 6357//4450 6386//4450 6387//4450
f 6357//4451 6387//4451 6358//4451
f 6358//4451 6387//4451 6388//4451
f 6358//4452 6388//4452 6359//4452
f 6359//4453 6388//4453 6389//4453
f 6359//4454 6389//4454 6360//4454
f 6360//4454 6389//4454 6390//4454
f 6360//4455 6390//4455 6361//4455
f 6361//4455 6390//4455 6391//4455
f 6361//4456 6391//4456 6362//4456
f 6362//4456 6391//4456 6392//4456
f 6362//4457 6392//4457 6363//4457
f 6363//4457 6392//4457 6393//4457
f 6363//4458 6393//4458 6364//4458
f 6364//4458 6393//4458 6394//4458
f 6364//4459 6394//4459 6365//4459
f 6365//4459 6394//4459 6395//4459
f 6365//4460 6395//4460 6366//4460
f 6366//4460 6395//4460 6396//4460
f 6366//4461 6396//4461 6367//4461
f 6367//4461 6396//4461 6397//4461
f 6367//4462 6397//4462 6368//4462
f 6368//4462 6397//4462 6398//4462
f 6368//4463 6398//4463 6369//4463
f 6369//4463 6398//4463 6399//4463
f 6369//4464 6399//4464 6370//4464
f 6370//4464 6399//4464 6400//4464
f 6370//4465 6400//4465 6371//4465
f 6371//4465 6400//4465 6401//4465
f 6371//4466 6401//4466 6372//4466
f 6372//4466 6401//4466 6402//4466
f 6372//4467 6402//4467 6373//4467
f 6373//4467 6402//4467 6403//4467
f 6373//4468 6403//4468 6374//4468
f 6374//4468 6403//4468 6404//4468
f 6374//4469 6404//4469 6375//4469
f 6375//4469 6404//4469 6405//4469
f 6375//4470 6405//4470 6376//4470
f 6376//4470 6405//4470 6406//4470
f 6376//4471 6406//4471 6377//4471
f 6377//4471 6406//4471 6407//4471
f 6377//4472 6407//4472 6378//4472
f 6378//4472 6407//4472 6408//4472
f 6378//4473 6408//4473 6379//4473
f 6379//4473 6408//4473 6409//4473
f 6379//4474 6409//4474 6380//4474
f 6380//4474 6409//4474 6410//4474
f 6380//4475 6410//4475 6381//4475
f 6381//4475 6410//4475 6411//4475
f 6381//4476 6411//4476 6382//4476
f 6382//4477 6411//4477 6412//4477
f 6382//4478 6412//4478 6042//4478
f 6285//4479 6282//4479 6292//4479
f 6292//4480 6282//4480 6291//4480
f 6292//4481 6291//4481 6413//4481
f 6413//4481 6291//4481 6414//4481
f 6413//4482 6414//4482 6415//4482
f 6415//4483 6414//4483 6416//4483
f 6415//4484 6416//4484 6417//4484
f 6417//4484 6416//4484 6418//4484
f 6417//4485 6418//4485 6419//4485
f 6419//4486 6418//4486 6420//4486
f 6419//4487 6420//4487 6421//4487
f 6421//4488 6420//4488 6422//4488
f 6421//4489 6422//4489 6423//4489
f 6423//4490 6422//4490 6424//4490
f 6423//4491 6424//4491 6425//4491
f 6425//4491 6424//4491 6426//4491
f 6425//4492 6426//4492 6427//4492
f 6427//4493 6426//4493 6428//4493
f 6427//4494 6428//4494 6429//4494
f 6429//4494 6428//4494 6430//4494
f 6429//4495 6430//4495 6431//4495
f 6431//4496 6430//4496 6432//4496
f 6431//4497 6432//4497 6433//4497
f 6433//4497 6432//4497 6434//4497
f 6433//4498 6434//4498 6435//4498
f 6435//4498 6434//4498 6436//4498
f 6435//4499 6436//4499 6437//4499
f 6437//4499 6436//4499 6438//4499
f 6437//4500 6438//4500 6439//4500
f 6439//4500 6438//4500 6440//4500
f 6439//4501 6440//4501 6441//4501
f 6441//4502 6440//4502 6442//4502
f 6441//4503 6442//4503 6443//4503
f 6443//4503 6442//4503 6444//4503
f 6443//4504 6444//4504 6445//4504
f 6445//4504 6444//4504 6446//4504
f 6445//4505 6446//4505 6447//4505
f 6447//4505 6446//4505 6448//4505
f 6447//4506 6448//4506 6449//4506
f 6449//4506 6448//4506 6450//4506
f 6449//4507 6450//4507 6451//4507
f 6451//4508 6450//4508 6452//4508
f 6451//4509 6452//4509 6453//4509
f 6453//4509 6452//4509 6454//4509
f 6453//4510 6454//4510 6455//4510
f 6455//4510 6454//4510 6456//4510
f 6455//4511 6456//4511 6457//4511
f 6457//4511 6456//4511 6458//4511
f 6457//4512 6458//4512 6459//4512
f 6459//4512 6458//4512 6460//4512
f 6459//4513 6460//4513 6461//4513
f 6461//4513 6460//4513 6462//4513
f 6461//4514 6462//4514 6463//4514
f 6463//4514 6462//4514 6464//4514
f 6463//4515 6464//4515 6465//4515
f 6465//4515 6464//4515 6466//4515
f 6465//4516 6466//4516 6467//4516
f 6467//4516 6466//4516 6468//4516
f 6467//4517 6468//4517 6469//4517
f 6469//4517 6468//4517 6470//4517
f 6469//4518 6470//4518 6042//4518
f 6042//4519 6470//4519 6043//4519
f 6043//4520 6470//4520 6468//4520
f 6043//4520 6468//4520 6045//4520
f 6045//4521 6468//4521 6466//4521
f 6045//4521 6466//4521 6047//4521
f 6047//4522 6466//4522 6464//4522
f 6047//4522 6464//4522 6049//4522
f 6049//4523 6464//4523 6462//4523
f 6049//4523 6462//4523 6051//4523
f 6051//4524 6462//4524 6460//4524
f 6051//4524 6460//4524 6053//4524
f 6053//4525 6460//4525 6458//4525
f 6053//4525 6458//4525 6055//4525
f 6055//4526 6458//4526 6456//4526
f 6055//4526 6456//4526 6057//4526
f 6057//4527 6456//4527 6454//4527
f 6057//4527 6454//4527 6059//4527
f 6059//4528 6454//4528 6452//4528
f 6059//4528 6452//4528 6061//4528
f 6061//4529 6452//4529 6450//4529
f 6061//4529 6450//4529 6063//4529
f 6063//4530 6450//4530 6448//4530
f 6063//4530 6448//4530 6065//4530
f 6065//4531 6448//4531 6446//4531
f 6065//4531 6446//4531 6067//4531
f 6067//4532 6446//4532 6444//4532
f 6067//4532 6444//4532 6069//4532
f 6069//4533 6444//4533 6442//4533
f 6069//4533 6442//4533 6071//4533
f 6071//4534 6442//4534 6440//4534
f 6071//4534 6440//4534 6073//4534
f 6073//4535 6440//4535 6438//4535
f 6073//4535 6438//4535 6075//4535
f 6075//4536 6438//4536 6436//4536
f 6075//4536 6436//4536 6077//4536
f 6077//4537 6436//4537 6434//4537
f 6077//4537 6434//4537 6079//4537
f 6079//4538 6434//4538 6432//4538
f 6079//4538 6432//4538 6081//4538
f 6081//4539 6432//4539 6430//4539
f 6081//4539 6430//4539 6083//4539
f 6083//4540 6430//4540 6428//4540
f 6083//4540 6428//4540 6085//4540
f 6085//4541 6428//4541 6426//4541
f 6085//4541 6426//4541 6087//4541
f 6087//4542 6426//4542 6424//4542
f 6087//4543 6424//4543 6089//4543
f 6089//4544 6424//4544 6422//4544
f 6089//4545 6422//4545 6091//4545
f 6091//4546 6422//4546 6420//4546
f 6091//4546 6420//4546 6093//4546
f 6093//4547 6420//4547 6418//4547
f 6093//4548 6418//4548 6095//4548
f 6095//4549 6418//4549 6416//4549
f 6095//4549 6416//4549 6097//4549
f 6097//4550 6416//4550 6414//4550
f 6097//4550 6414//4550 6099//4550
f 6099//4551 6414//4551 6291//4551
f 6099//4551 6291//4551 6101//4551
f 6101//4552 6291//4552 6283//4552
f 6101//4552 6283//4552 6039//4552
f 6287//4445 6284//4445 6383//4445
f 6383//4339 6284//4339 6292//4339
f 6383//4553 6292//4553 6384//4553
f 6384//4553 6292//4553 6413//4553
f 6384//4554 6413//4554 6385//4554
f 6385//4554 6413//4554 6415//4554
f 6385//4555 6415//4555 6386//4555
f 6386//4555 6415//4555 6417//4555
f 6386//4556 6417//4556 6387//4556
f 6387//4557 6417//4557 6419//4557
f 6387//4558 6419//4558 6388//4558
f 6388//4559 6419//4559 6421//4559
f 6388//4560 6421//4560 6389//4560
f 6389//4561 6421//4561 6423//4561
f 6389//4562 6423//4562 6390//4562
f 6390//4562 6423//4562 6425//4562
f 6390//4563 6425//4563 6391//4563
f 6391//4563 6425//4563 6427//4563
f 6391//4564 6427//4564 6392//4564
f 6392//4564 6427//4564 6429//4564
f 6392//4565 6429//4565 6393//4565
f 6393//4566 6429//4566 6431//4566
f 6393//4567 6431//4567 6394//4567
f 6394//4567 6431//4567 6433//4567
f 6394//4568 6433//4568 6395//4568
f 6395//4568 6433//4568 6435//4568
f 6395//4569 6435//4569 6396//4569
f 6396//4569 6435//4569 6437//4569
f 6396//4570 6437//4570 6397//4570
f 6397//4570 6437//4570 6439//4570
f 6397//4571 6439//4571 6398//4571
f 6398//4571 6439//4571 6441//4571
f 6398//4572 6441//4572 6399//4572
f 6399//4572 6441//4572 6443//4572
f 6399//4573 6443//4573 6400//4573
f 6400//4573 6443//4573 6445//4573
f 6400//4574 6445//4574 6401//4574
f 6401//4574 6445//4574 6447//4574
f 6401//4575 6447//4575 6402//4575
f 6402//4575 6447//4575 6449//4575
f 6402//4576 6449//4576 6403//4576
f 6403//4576 6449//4576 6451//4576
f 6403//4577 6451//4577 6404//4577
f 6404//4577 6451//4577 6453//4577
f 6404//4578 6453//4578 6405//4578
f 6405//4578 6453//4578 6455//4578
f 6405//4579 6455//4579 6406//4579
f 6406//4579 6455//4579 6457//4579
f 6406//4580 6457//4580 6407//4580
f 6407//4580 6457//4580 6459//4580
f 6407//4581 6459//4581 6408//4581
f 6408//4581 6459//4581 6461//4581
f 6408//4582 6461//4582 6409//4582
f 6409//4582 6461//4582 6463//4582
f 6409//4583 6463//4583 6410//4583
f 6410//4583 6463//4583 6465//4583
f 6410//4584 6465//4584 6411//4584
f 6411//4584 6465//4584 6467//4584
f 6411//4585 6467//4585 6412//4585
f 6412//4585 6467//4585 6469//4585
f 6412//4586 6469//4586 6042//4586
f 6471//4587 4291//4587 6472//4587
f 6472//4588 4291//4588 4290//4588
f 6472//4589 4290//4589 6473//4589
f 6473//4590 4290//4590 4231//4590
f 6473//4591 4231//4591 4222//4591
f 4610//4592 4615//4592 6474//4592
f 6474//4593 4615//4593 4614//4593
f 6474//4594 4614//4594 6475//4594
f 4614//4595 4612//4595 6475//4595
f 6475//4596 4612//4596 4362//4596
f 6475//4597 4362//4597 6471//4597
f 6471//4598 4362//4598 4361//4598
f 6471//4599 4361//4599 4291//4599
f 4674//4600 6476//4600 4703//4600
f 4703//4601 6476//4601 4608//4601
f 4703//4602 4608//4602 4704//4602
f 4610//4603 6474//4603 4611//4603
f 4611//4604 6474//4604 6477//4604
f 4611//4605 6477//4605 4607//4605
f 4608//4606 4607//4606 4704//4606
f 4704//4607 4607//4607 6477//4607
f 4704//4608 6477//4608 4702//4608
f 4702//4609 6477//4609 6478//4609
f 4552//4610 4556//4610 4701//4610
f 4556//4611 4558//4611 4701//4611
f 4701//4612 4558//4612 6479//4612
f 4701//4613 6479//4613 4700//4613
f 4700//4614 6479//4614 4665//4614
f 4545//4615 4553//4615 6480//4615
f 6480//4616 4553//4616 4552//4616
f 6480//4617 4552//4617 6478//4617
f 6478//4618 4552//4618 4701//4618
f 6478//4619 4701//4619 4702//4619
f 6481//4620 4548//4620 6480//4620
f 6480//4621 4548//4621 4546//4621
f 6480//4622 4546//4622 4545//4622
f 6482//4623 4281//4623 6483//4623
f 6483//4624 4281//4624 4356//4624
f 6483//4625 4356//4625 6481//4625
f 6481//4626 4356//4626 4355//4626
f 6481//4627 4355//4627 4548//4627
f 4170//4628 4169//4628 6484//4628
f 6484//4629 4169//4629 4173//4629
f 6484//4630 4173//4630 6485//4630
f 4173//4631 4172//4631 6485//4631
f 6485//4632 4172//4632 4181//4632
f 6485//4633 4181//4633 6482//4633
f 6482//4634 4181//4634 4280//4634
f 6482//4635 4280//4635 4281//4635
f 3769//4636 3685//4636 6486//4636
f 6486//4637 3685//4637 3687//4637
f 6486//4638 3687//4638 3713//4638
f 4170//4639 6484//4639 4160//4639
f 4160//4640 6484//4640 6487//4640
f 4160//4641 6487//4641 4161//4641
f 4242//4642 6488//4642 4233//4642
f 4233//4643 6488//4643 6489//4643
f 4233//4644 6489//4644 4234//4644
f 3769//4645 4161//4645 3685//4645
f 3685//4646 4161//4646 6487//4646
f 3685//4647 6487//4647 3684//4647
f 3684//4648 6487//4648 6488//4648
f 3684//4649 6488//4649 3682//4649
f 3682//4650 6488//4650 4242//4650
f 4242//4651 4235//4651 3682//4651
f 3682//4652 4235//4652 3777//4652
f 3682//4653 3777//4653 3680//4653
f 3680//4654 3777//4654 6490//4654
f 3680//4655 6490//4655 3720//4655
f 6473//4656 4222//4656 6489//4656
f 6489//4657 4222//4657 4221//4657
f 6489//4658 4221//4658 4234//4658
f 6471//4659 6472//4659 6491//4659
f 6474//4660 6475//4660 6492//4660
f 6493//4661 6494//4661 6495//4661
f 6495//4662 6494//4662 6496//4662
f 6495//4662 6496//4662 6497//4662
f 6497//4663 6496//4663 6498//4663
f 6497//4663 6498//4663 6499//4663
f 6499//4664 6498//4664 6500//4664
f 6499//4664 6500//4664 6501//4664
f 6501//4665 6500//4665 6502//4665
f 6501//4665 6502//4665 6503//4665
f 6503//4666 6502//4666 6504//4666
f 6503//4666 6504//4666 6505//4666
f 6505//4667 6504//4667 6506//4667
f 6505//4667 6506//4667 6507//4667
f 6507//4668 6506//4668 6508//4668
f 6507//4668 6508//4668 6509//4668
f 6509//4669 6508//4669 6510//4669
f 6509//4669 6510//4669 6511//4669
f 6511//4670 6510//4670 6512//4670
f 6511//4670 6512//4670 6513//4670
f 6513//4671 6512//4671 6514//4671
f 6513//4671 6514//4671 6515//4671
f 6515//4672 6514//4672 6516//4672
f 6515//4672 6516//4672 6517//4672
f 6517//4673 6516//4673 6518//4673
f 6517//4673 6518//4673 6519//4673
f 6519//4674 6518//4674 6520//4674
f 6519//4675 6520//4675 6521//4675
f 6521//4676 6520//4676 6522//4676
f 6521//4676 6522//4676 6523//4676
f 6523//4677 6522//4677 6524//4677
f 6523//4677 6524//4677 6525//4677
f 6525//4678 6524//4678 6526//4678
f 6525//4678 6526//4678 6527//4678
f 6527//4679 6526//4679 6528//4679
f 6527//4680 6528//4680 6529//4680
f 6529//4681 6528//4681 6530//4681
f 6529//4681 6530//4681 6531//4681
f 6531//4682 6530//4682 6532//4682
f 6531//4682 6532//4682 6533//4682
f 6533//4683 6532//4683 6534//4683
f 6533//4683 6534//4683 6535//4683
f 6535//4684 6534//4684 6536//4684
f 6535//4685 6536//4685 6537//4685
f 6537//4686 6536//4686 6538//4686
f 6537//4686 6538//4686 6539//4686
f 6539//4687 6538//4687 6540//4687
f 6539//4687 6540//4687 6541//4687
f 6541//4688 6540//4688 6542//4688
f 6541//4689 6542//4689 6543//4689
f 6543//4690 6542//4690 6544//4690
f 6543//4691 6544//4691 6545//4691
f 6545//4692 6544//4692 6546//4692
f 6545//4693 6546//4693 6547//4693
f 6547//4694 6546//4694 6548//4694
f 6547//4694 6548//4694 6549//4694
f 6549//4695 6548//4695 6550//4695
f 6549//4695 6550//4695 6551//4695
f 6551//4696 6550//4696 6552//4696
f 6551//4696 6552//4696 6553//4696
f 6553//4697 6552//4697 6481//4697
f 6481//4697 6480//4697 6553//4697
f 6553//4698 6480//4698 6554//4698
f 6553//4699 6554//4699 6551//4699
f 6551//4699 6554//4699 6555//4699
f 6551//4700 6555//4700 6549//4700
f 6549//4700 6555//4700 6556//4700
f 6549//4701 6556//4701 6547//4701
f 6547//4701 6556//4701 6557//4701
f 6547//4702 6557//4702 6545//4702
f 6545//4703 6557//4703 6558//4703
f 6545//4704 6558//4704 6543//4704
f 6543//4704 6558//4704 6559//4704
f 6543//4705 6559//4705 6541//4705
f 6541//4706 6559//4706 6560//4706
f 6541//4707 6560//4707 6539//4707
f 6539//4707 6560//4707 6561//4707
f 6539//4708 6561//4708 6537//4708
f 6537//4708 6561//4708 6562//4708
f 6537//4709 6562//4709 6535//4709
f 6535//4709 6562//4709 6563//4709
f 6535//4710 6563//4710 6533//4710
f 6533//4710 6563//4710 6564//4710
f 6533//4711 6564//4711 6531//4711
f 6531//4711 6564//4711 6565//4711
f 6531//4712 6565//4712 6529//4712
f 6529//4712 6565//4712 6566//4712
f 6529//4713 6566//4713 6527//4713
f 6527//4713 6566//4713 6567//4713
f 6527//4714 6567//4714 6525//4714
f 6525//4714 6567//4714 6568//4714
f 6525//4715 6568//4715 6523//4715
f 6523//4715 6568//4715 6569//4715
f 6523//4716 6569//4716 6521//4716
f 6521//4716 6569//4716 6570//4716
f 6521//4717 6570//4717 6519//4717
f 6519//4718 6570//4718 6571//4718
f 6519//4719 6571//4719 6517//4719
f 6517//4720 6571//4720 6572//4720
f 6517//4721 6572//4721 6515//4721
f 6515//4721 6572//4721 6573//4721
f 6515//4722 6573//4722 6513//4722
f 6513//4722 6573//4722 6574//4722
f 6513//4723 6574//4723 6511//4723
f 6511//4723 6574//4723 6575//4723
f 6511//4724 6575//4724 6509//4724
f 6509//4724 6575//4724 6576//4724
f 6509//4725 6576//4725 6507//4725
f 6507//4725 6576//4725 6577//4725
f 6507//4726 6577//4726 6505//4726
f 6505//4726 6577//4726 6578//4726
f 6505//4727 6578//4727 6503//4727
f 6503//4727 6578//4727 6579//4727
f 6503//4728 6579//4728 6501//4728
f 6501//4728 6579//4728 6580//4728
f 6501//4729 6580//4729 6499//4729
f 6499//4729 6580//4729 6581//4729
f 6499//4730 6581//4730 6497//4730
f 6497//4730 6581//4730 6582//4730
f 6497//4731 6582//4731 6495//4731
f 6495//4731 6582//4731 6583//4731
f 6495//4732 6583//4732 6493//4732
f 6480//4698 6478//4698 6554//4698
f 6554//4733 6478//4733 6584//4733
f 6554//4734 6584//4734 6555//4734
f 6555//4734 6584//4734 6585//4734
f 6555//4735 6585//4735 6556//4735
f 6556//4735 6585//4735 6586//4735
f 6556//4736 6586//4736 6557//4736
f 6557//4736 6586//4736 6587//4736
f 6557//4737 6587//4737 6558//4737
f 6558//4738 6587//4738 6588//4738
f 6558//4739 6588//4739 6559//4739
f 6559//4739 6588//4739 6589//4739
f 6559//4740 6589//4740 6560//4740
f 6560//4740 6589//4740 6590//4740
f 6560//4741 6590//4741 6561//4741
f 6561//4741 6590//4741 6591//4741
f 6561//4742 6591//4742 6562//4742
f 6562//4742 6591//4742 6592//4742
f 6562//4743 6592//4743 6563//4743
f 6563//4744 6592//4744 6593//4744
f 6563//4745 6593//4745 6564//4745
f 6564//4745 6593//4745 6594//4745
f 6564//4746 6594//4746 6565//4746
f 6565//4746 6594//4746 6595//4746
f 6565//4747 6595//4747 6566//4747
f 6566//4747 6595//4747 6596//4747
f 6566//4748 6596//4748 6567//4748
f 6567//4748 6596//4748 6597//4748
f 6567//4749 6597//4749 6568//4749
f 6568//4749 6597//4749 6598//4749
f 6568//4750 6598//4750 6569//4750
f 6569//4750 6598//4750 6599//4750
f 6569//4751 6599//4751 6570//4751
f 6570//4751 6599//4751 6600//4751
f 6570//4752 6600//4752 6571//4752
f 6571//4752 6600//4752 6601//4752
f 6571//4753 6601//4753 6572//4753
f 6572//4753 6601//4753 6602//4753
f 6572//4754 6602//4754 6573//4754
f 6573//4754 6602//4754 6603//4754
f 6573//4755 6603//4755 6574//4755
f 6574//4755 6603//4755 6604//4755
f 6574//4756 6604//4756 6575//4756
f 6575//4756 6604//4756 6605//4756
f 6575//4757 6605//4757 6576//4757
f 6576//4757 6605//4757 6606//4757
f 6576//4758 6606//4758 6577//4758
f 6577//4758 6606//4758 6607//4758
f 6577//4759 6607//4759 6578//4759
f 6578//4759 6607//4759 6608//4759
f 6578//4760 6608//4760 6579//4760
f 6579//4760 6608//4760 6609//4760
f 6579//4761 6609//4761 6580//4761
f 6580//4761 6609//4761 6610//4761
f 6580//4762 6610//4762 6581//4762
f 6581//4762 6610//4762 6611//4762
f 6581//4763 6611//4763 6582//4763
f 6582//4763 6611//4763 6612//4763
f 6582//4764 6612//4764 6583//4764
f 6583//4764 6612//4764 6613//4764
f 6583//4765 6613//4765 6493//4765
f 6478//4733 6477//4733 6584//4733
f 6584//4766 6477//4766 6614//4766
f 6584//4767 6614//4767 6585//4767
f 6585//4767 6614//4767 6615//4767
f 6585//4768 6615//4768 6586//4768
f 6586//4768 6615//4768 6616//4768
f 6586//4769 6616//4769 6587//4769
f 6587//4770 6616//4770 6617//4770
f 6587//4771 6617//4771 6588//4771
f 6588//4772 6617//4772 6618//4772
f 6588//4773 6618//4773 6589//4773
f 6589//4773 6618//4773 6619//4773
f 6589//4774 6619//4774 6590//4774
f 6590//4775 6619//4775 6620//4775
f 6590//4776 6620//4776 6591//4776
f 6591//4777 6620//4777 6621//4777
f 6591//4778 6621//4778 6592//4778
f 6592//4778 6621//4778 6622//4778
f 6592//4779 6622//4779 6593//4779
f 6593//4779 6622//4779 6623//4779
f 6593//4780 6623//4780 6594//4780
f 6594//4781 6623//4781 6624//4781
f 6594//4782 6624//4782 6595//4782
f 6595//4783 6624//4783 6625//4783
f 6595//4784 6625//4784 6596//4784
f 6596//4784 6625//4784 6626//4784
f 6596//4785 6626//4785 6597//4785
f 6597//4785 6626//4785 6627//4785
f 6597//4786 6627//4786 6598//4786
f 6598//4786 6627//4786 6628//4786
f 6598//4787 6628//4787 6599//4787
f 6599//4787 6628//4787 6629//4787
f 6599//4788 6629//4788 6600//4788
f 6600//4788 6629//4788 6630//4788
f 6600//4789 6630//4789 6601//4789
f 6601//4789 6630//4789 6631//4789
f 6601//4790 6631//4790 6602//4790
f 6602//4790 6631//4790 6632//4790
f 6602//4791 6632//4791 6603//4791
f 6603//4791 6632//4791 6633//4791
f 6603//4792 6633//4792 6604//4792
f 6604//4792 6633//4792 6634//4792
f 6604//4793 6634//4793 6605//4793
f 6605//4793 6634//4793 6635//4793
f 6605//4794 6635//4794 6606//4794
f 6606//4794 6635//4794 6636//4794
f 6606//4795 6636//4795 6607//4795
f 6607//4795 6636//4795 6637//4795
f 6607//4796 6637//4796 6608//4796
f 6608//4796 6637//4796 6638//4796
f 6608//4797 6638//4797 6609//4797
f 6609//4797 6638//4797 6639//4797
f 6609//4798 6639//4798 6610//4798
f 6610//4798 6639//4798 6640//4798
f 6610//4799 6640//4799 6611//4799
f 6611//4799 6640//4799 6641//4799
f 6611//4800 6641//4800 6612//4800
f 6612//4800 6641//4800 6642//4800
f 6612//4801 6642//4801 6613//4801
f 6613//4801 6642//4801 6643//4801
f 6613//4802 6643//4802 6493//4802
f 6475//4803 6471//4803 6492//4803
f 6492//4804 6471//4804 6491//4804
f 6492//4805 6491//4805 6644//4805
f 6644//4805 6491//4805 6645//4805
f 6644//4806 6645//4806 6646//4806
f 6646//4806 6645//4806 6647//4806
f 6646//4807 6647//4807 6648//4807
f 6648//4807 6647//4807 6649//4807
f 6648//4808 6649//4808 6650//4808
f 6650//4809 6649//4809 6651//4809
f 6650//4810 6651//4810 6652//4810
f 6652//4810 6651//4810 6653//4810
f 6652//4811 6653//4811 6654//4811
f 6654//4811 6653//4811 6655//4811
f 6654//4812 6655//4812 6656//4812
f 6656//4812 6655//4812 6657//4812
f 6656//4813 6657//4813 6658//4813
f 6658//4813 6657//4813 6659//4813
f 6658//4814 6659//4814 6660//4814
f 6660//4814 6659//4814 6661//4814
f 6660//4815 6661//4815 6662//4815
f 6662//4815 6661//4815 6663//4815
f 6662//4816 6663//4816 6664//4816
f 6664//4816 6663//4816 6665//4816
f 6664//4817 6665//4817 6666//4817
f 6666//4817 6665//4817 6667//4817
f 6666//4818 6667//4818 6668//4818
f 6668//4818 6667//4818 6669//4818
f 6668//4819 6669//4819 6670//4819
f 6670//4819 6669//4819 6671//4819
f 6670//4820 6671//4820 6672//4820
f 6672//4820 6671//4820 6673//4820
f 6672//4821 6673//4821 6674//4821
f 6674//4821 6673//4821 6675//4821
f 6674//4822 6675//4822 6676//4822
f 6676//4822 6675//4822 6677//4822
f 6676//4823 6677//4823 6678//4823
f 6678//4823 6677//4823 6679//4823
f 6678//4824 6679//4824 6680//4824
f 6680//4824 6679//4824 6681//4824
f 6680//4825 6681//4825 6682//4825
f 6682//4825 6681//4825 6683//4825
f 6682//4826 6683//4826 6684//4826
f 6684//4826 6683//4826 6685//4826
f 6684//4827 6685//4827 6686//4827
f 6686//4827 6685//4827 6687//4827
f 6686//4828 6687//4828 6688//4828
f 6688//4828 6687//4828 6689//4828
f 6688//4829 6689//4829 6690//4829
f 6690//4829 6689//4829 6691//4829
f 6690//4830 6691//4830 6692//4830
f 6692//4830 6691//4830 6693//4830
f 6692//4831 6693//4831 6694//4831
f 6694//4831 6693//4831 6695//4831
f 6694//4832 6695//4832 6696//4832
f 6696//4832 6695//4832 6697//4832
f 6696//4833 6697//4833 6698//4833
f 6698//4833 6697//4833 6699//4833
f 6698//4834 6699//4834 6700//4834
f 6700//4834 6699//4834 6701//4834
f 6700//4835 6701//4835 6493//4835
f 6493//4836 6701//4836 6702//4836
f 6702//4837 6701//4837 6699//4837
f 6702//4837 6699//4837 6703//4837
f 6703//4838 6699//4838 6697//4838
f 6703//4838 6697//4838 6704//4838
f 6704//4839 6697//4839 6695//4839
f 6704//4839 6695//4839 6705//4839
f 6705//4840 6695//4840 6693//4840
f 6705//4840 6693//4840 6706//4840
f 6706//4841 6693//4841 6691//4841
f 6706//4841 6691//4841 6707//4841
f 6707//4842 6691//4842 6689//4842
f 6707//4842 6689//4842 6708//4842
f 6708//4843 6689//4843 6687//4843
f 6708//4843 6687//4843 6709//4843
f 6709//4844 6687//4844 6685//4844
f 6709//4844 6685//4844 6710//4844
f 6710//4845 6685//4845 6683//4845
f 6710//4845 6683//4845 6711//4845
f 6711//4846 6683//4846 6681//4846
f 6711//4846 6681//4846 6712//4846
f 6712//4847 6681//4847 6679//4847
f 6712//4847 6679//4847 6713//4847
f 6713//4848 6679//4848 6677//4848
f 6713//4848 6677//4848 6714//4848
f 6714//4849 6677//4849 6675//4849
f 6714//4849 6675//4849 6715//4849
f 6715//4850 6675//4850 6673//4850
f 6715//4850 6673//4850 6716//4850
f 6716//4851 6673//4851 6671//4851
f 6716//4851 6671//4851 6717//4851
f 6717//4852 6671//4852 6669//4852
f 6717//4852 6669//4852 6718//4852
f 6718//4853 6669//4853 6667//4853
f 6718//4853 6667//4853 6719//4853
f 6719//4854 6667//4854 6665//4854
f 6719//4854 6665//4854 6720//4854
f 6720//4855 6665//4855 6663//4855
f 6720//4855 6663//4855 6721//4855
f 6721//4856 6663//4856 6661//4856
f 6721//4856 6661//4856 6722//4856
f 6722//4857 6661//4857 6659//4857
f 6722//4857 6659//4857 6723//4857
f 6723//4858 6659//4858 6657//4858
f 6723//4858 6657//4858 6724//4858
f 6724//4859 6657//4859 6655//4859
f 6724//4859 6655//4859 6725//4859
f 6725//4860 6655//4860 6653//4860
f 6725//4861 6653//4861 6726//4861
f 6726//4862 6653//4862 6651//4862
f 6726//4862 6651//4862 6727//4862
f 6727//4863 6651//4863 6649//4863
f 6727//4864 6649//4864 6728//4864
f 6728//4865 6649//4865 6647//4865
f 6728//4865 6647//4865 6729//4865
f 6729//4866 6647//4866 6645//4866
f 6729//4866 6645//4866 6730//4866
f 6730//4867 6645//4867 6491//4867
f 6730//4867 6491//4867 6731//4867
f 6731//4868 6491//4868 6472//4868
f 6731//4868 6472//4868 6473//4868
f 6477//4766 6474//4766 6614//4766
f 6614//4660 6474//4660 6492//4660
f 6614//4869 6492//4869 6615//4869
f 6615//4869 6492//4869 6644//4869
f 6615//4870 6644//4870 6616//4870
f 6616//4870 6644//4870 6646//4870
f 6616//4871 6646//4871 6617//4871
f 6617//4871 6646//4871 6648//4871
f 6617//4872 6648//4872 6618//4872
f 6618//4873 6648//4873 6650//4873
f 6618//4874 6650//4874 6619//4874
f 6619//4875 6650//4875 6652//4875
f 6619//4876 6652//4876 6620//4876
f 6620//4876 6652//4876 6654//4876
f 6620//4877 6654//4877 6621//4877
f 6621//4877 6654//4877 6656//4877
f 6621//4878 6656//4878 6622//4878
f 6622//4878 6656//4878 6658//4878
f 6622//4879 6658//4879 6623//4879
f 6623//4879 6658//4879 6660//4879
f 6623//4880 6660//4880 6624//4880
f 6624//4880 6660//4880 6662//4880
f 6624//4881 6662//4881 6625//4881
f 6625//4881 6662//4881 6664//4881
f 6625//4882 6664//4882 6626//4882
f 6626//4882 6664//4882 6666//4882
f 6626//4883 6666//4883 6627//4883
f 6627//4883 6666//4883 6668//4883
f 6627//4884 6668//4884 6628//4884
f 6628//4884 6668//4884 6670//4884
f 6628//4885 6670//4885 6629//4885
f 6629//4885 6670//4885 6672//4885
f 6629//4886 6672//4886 6630//4886
f 6630//4887 6672//4887 6674//4887
f 6630//4888 6674//4888 6631//4888
f 6631//4889 6674//4889 6676//4889
f 6631//4890 6676//4890 6632//4890
f 6632//4890 6676//4890 6678//4890
f 6632//4891 6678//4891 6633//4891
f 6633//4891 6678//4891 6680//4891
f 6633//4892 6680//4892 6634//4892
f 6634//4892 6680//4892 6682//4892
f 6634//4893 6682//4893 6635//4893
f 6635//4893 6682//4893 6684//4893
f 6635//4894 6684//4894 6636//4894
f 6636//4894 6684//4894 6686//4894
f 6636//4895 6686//4895 6637//4895
f 6637//4895 6686//4895 6688//4895
f 6637//4896 6688//4896 6638//4896
f 6638//4897 6688//4897 6690//4897
f 6638//4898 6690//4898 6639//4898
f 6639//4898 6690//4898 6692//4898
f 6639//4899 6692//4899 6640//4899
f 6640//4899 6692//4899 6694//4899
f 6640//4900 6694//4900 6641//4900
f 6641//4900 6694//4900 6696//4900
f 6641//4901 6696//4901 6642//4901
f 6642//4901 6696//4901 6698//4901
f 6642//4902 6698//4902 6643//4902
f 6643//4902 6698//4902 6700//4902
f 6643//4903 6700//4903 6493//4903
f 6482//4904 6483//4904 6732//4904
f 6484//4905 6485//4905 6733//4905
f 6493//4906 6702//4906 6734//4906
f 6734//4907 6702//4907 6703//4907
f 6734//4908 6703//4908 6735//4908
f 6735//4909 6703//4909 6704//4909
f 6735//4909 6704//4909 6736//4909
f 6736//4910 6704//4910 6705//4910
f 6736//4910 6705//4910 6737//4910
f 6737//4911 6705//4911 6706//4911
f 6737//4911 6706//4911 6738//4911
f 6738//4912 6706//4912 6707//4912
f 6738//4912 6707//4912 6739//4912
f 6739//4913 6707//4913 6708//4913
f 6739//4913 6708//4913 6740//4913
f 6740//4914 6708//4914 6709//4914
f 6740//4914 6709//4914 6741//4914
f 6741//4915 6709//4915 6710//4915
f 6741//4915 6710//4915 6742//4915
f 6742//4916 6710//4916 6711//4916
f 6742//4916 6711//4916 6743//4916
f 6743//4917 6711//4917 6712//4917
f 6743//4917 6712//4917 6744//4917
f 6744//4918 6712//4918 6713//4918
f 6744//4918 6713//4918 6745//4918
f 6745//4919 6713//4919 6714//4919
f 6745//4919 6714//4919 6746//4919
f 6746//4920 6714//4920 6715//4920
f 6746//4920 6715//4920 6747//4920
f 6747//4921 6715//4921 6716//4921
f 6747//4922 6716//4922 6748//4922
f 6748//4923 6716//4923 6717//4923
f 6748//4924 6717//4924 6749//4924
f 6749//4925 6717//4925 6718//4925
f 6749//4925 6718//4925 6750//4925
f 6750//4926 6718//4926 6719//4926
f 6750//4927 6719//4927 6751//4927
f 6751//4928 6719//4928 6720//4928
f 6751//4928 6720//4928 6752//4928
f 6752//4929 6720//4929 6721//4929
f 6752//4929 6721//4929 6753//4929
f 6753//4930 6721//4930 6722//4930
f 6753//4930 6722//4930 6754//4930
f 6754//4931 6722//4931 6723//4931
f 6754//4932 6723//4932 6755//4932
f 6755//4933 6723//4933 6724//4933
f 6755//4933 6724//4933 6756//4933
f 6756//4934 6724//4934 6725//4934
f 6756//4934 6725//4934 6757//4934
f 6757//4935 6725//4935 6726//4935
f 6757//4935 6726//4935 6758//4935
f 6758//4936 6726//4936 6727//4936
f 6758//4937 6727//4937 6759//4937
f 6759//4938 6727//4938 6728//4938
f 6759//4939 6728//4939 6760//4939
f 6760//4940 6728//4940 6729//4940
f 6760//4940 6729//4940 6761//4940
f 6761//4941 6729//4941 6730//4941
f 6761//4941 6730//4941 6762//4941
f 6762//4942 6730//4942 6731//4942
f 6762//4942 6731//4942 6763//4942
f 6763//4943 6731//4943 6473//4943
f 6473//4943 6489//4943 6763//4943
f 6763//4944 6489//4944 6764//4944
f 6763//4945 6764//4945 6762//4945
f 6762//4945 6764//4945 6765//4945
f 6762//4946 6765//4946 6761//4946
f 6761//4946 6765//4946 6766//4946
f 6761//4947 6766//4947 6760//4947
f 6760//4947 6766//4947 6767//4947
f 6760//4948 6767//4948 6759//4948
f 6759//4949 6767//4949 6768//4949
f 6759//4950 6768//4950 6758//4950
f 6758//4950 6768//4950 6769//4950
f 6758//4951 6769//4951 6757//4951
f 6757//4952 6769//4952 6770//4952
f 6757//4953 6770//4953 6756//4953
f 6756//4954 6770//4954 6771//4954
f 6756//4955 6771//4955 6755//4955
f 6755//4955 6771//4955 6772//4955
f 6755//4956 6772//4956 6754//4956
f 6754//4957 6772//4957 6773//4957
f 6754//4958 6773//4958 6753//4958
f 6753//4958 6773//4958 6774//4958
f 6753//4959 6774//4959 6752//4959
f 6752//4959 6774//4959 6775//4959
f 6752//4960 6775//4960 6751//4960
f 6751//4960 6775//4960 6776//4960
f 6751//4961 6776//4961 6750//4961
f 6750//4961 6776//4961 6777//4961
f 6750//4962 6777//4962 6749//4962
f 6749//4962 6777//4962 6778//4962
f 6749//4963 6778//4963 6748//4963
f 6748//4964 6778//4964 6779//4964
f 6748//4965 6779//4965 6747//4965
f 6747//4965 6779//4965 6780//4965
f 6747//4966 6780//4966 6746//4966
f 6746//4966 6780//4966 6781//4966
f 6746//4967 6781//4967 6745//4967
f 6745//4967 6781//4967 6782//4967
f 6745//4968 6782//4968 6744//4968
f 6744//4968 6782//4968 6783//4968
f 6744//4969 6783//4969 6743//4969
f 6743//4969 6783//4969 6784//4969
f 6743//4970 6784//4970 6742//4970
f 6742//4970 6784//4970 6785//4970
f 6742//4971 6785//4971 6741//4971
f 6741//4971 6785//4971 6786//4971
f 6741//4972 6786//4972 6740//4972
f 6740//4972 6786//4972 6787//4972
f 6740//4973 6787//4973 6739//4973
f 6739//4973 6787//4973 6788//4973
f 6739//4974 6788//4974 6738//4974
f 6738//4974 6788//4974 6789//4974
f 6738//4975 6789//4975 6737//4975
f 6737//4975 6789//4975 6790//4975
f 6737//4976 6790//4976 6736//4976
f 6736//4976 6790//4976 6791//4976
f 6736//4977 6791//4977 6735//4977
f 6735//4977 6791//4977 6792//4977
f 6735//4978 6792//4978 6734//4978
f 6734//4978 6792//4978 6793//4978
f 6734//4979 6793//4979 6493//4979
f 6489//4944 6488//4944 6764//4944
f 6764//4980 6488//4980 6794//4980
f 6764//4981 6794//4981 6765//4981
f 6765//4981 6794//4981 6795//4981
f 6765//4982 6795//4982 6766//4982
f 6766//4982 6795//4982 6796//4982
f 6766//4983 6796//4983 6767//4983
f 6767//4983 6796//4983 6797//4983
f 6767//4984 6797//4984 6768//4984
f 6768//4985 6797//4985 6798//4985
f 6768//4986 6798//4986 6769//4986
f 6769//4986 6798//4986 6799//4986
f 6769//4987 6799//4987 6770//4987
f 6770//4988 6799//4988 6800//4988
f 6770//4989 6800//4989 6771//4989
f 6771//4990 6800//4990 6801//4990
f 6771//4991 6801//4991 6772//4991
f 6772//4991 6801//4991 6802//4991
f 6772//4992 6802//4992 6773//4992
f 6773//4993 6802//4993 6803//4993
f 6773//4994 6803//4994 6774//4994
f 6774//4994 6803//4994 6804//4994
f 6774//4995 6804//4995 6775//4995
f 6775//4995 6804//4995 6805//4995
f 6775//4996 6805//4996 6776//4996
f 6776//4996 6805//4996 6806//4996
f 6776//4997 6806//4997 6777//4997
f 6777//4997 6806//4997 6807//4997
f 6777//4998 6807//4998 6778//4998
f 6778//4998 6807//4998 6808//4998
f 6778//4999 6808//4999 6779//4999
f 6779//5000 6808//5000 6809//5000
f 6779//5001 6809//5001 6780//5001
f 6780//5001 6809//5001 6810//5001
f 6780//5002 6810//5002 6781//5002
f 6781//5002 6810//5002 6811//5002
f 6781//5003 6811//5003 6782//5003
f 6782//5003 6811//5003 6812//5003
f 6782//5004 6812//5004 6783//5004
f 6783//5004 6812//5004 6813//5004
f 6783//5005 6813//5005 6784//5005
f 6784//5005 6813//5005 6814//5005
f 6784//5006 6814//5006 6785//5006
f 6785//5006 6814//5006 6815//5006
f 6785//5007 6815//5007 6786//5007
f 6786//5007 6815//5007 6816//5007
f 6786//5008 6816//5008 6787//5008
f 6787//5008 6816//5008 6817//5008
f 6787//5009 6817//5009 6788//5009
f 6788//5009 6817//5009 6818//5009
f 6788//5010 6818//5010 6789//5010
f 6789//5010 6818//5010 6819//5010
f 6789//5011 6819//5011 6790//5011
f 6790//5011 6819//5011 6820//5011
f 6790//5012 6820//5012 6791//5012
f 6791//5012 6820//5012 6821//5012
f 6791//5013 6821//5013 6792//5013
f 6792//5013 6821//5013 6822//5013
f 6792//5014 6822//5014 6793//5014
f 6793//5014 6822//5014 6823//5014
f 6793//5015 6823//5015 6493//5015
f 6488//4980 6487//4980 6794//4980
f 6794//5016 6487//5016 6824//5016
f 6794//5017 6824//5017 6795//5017
f 6795//5017 6824//5017 6825//5017
f 6795//5018 6825//5018 6796//5018
f 6796//5018 6825//5018 6826//5018
f 6796//5019 6826//5019 6797//5019
f 6797//5019 6826//5019 6827//5019
f 6797//5020 6827//5020 6798//5020
f 6798//5021 6827//5021 6828//5021
f 6798//5022 6828//5022 6799//5022
f 6799//5022 6828//5022 6829//5022
f 6799//5023 6829//5023 6800//5023
f 6800//5023 6829//5023 6830//5023
f 6800//5024 6830//5024 6801//5024
f 6801//5024 6830//5024 6831//5024
f 6801//5025 6831//5025 6802//5025
f 6802//5025 6831//5025 6832//5025
f 6802//5026 6832//5026 6803//5026
f 6803//5026 6832//5026 6833//5026
f 6803//5027 6833//5027 6804//5027
f 6804//5028 6833//5028 6834//5028
f 6804//5029 6834//5029 6805//5029
f 6805//5030 6834//5030 6835//5030
f 6805//5031 6835//5031 6806//5031
f 6806//5032 6835//5032 6836//5032
f 6806//5033 6836//5033 6807//5033
f 6807//5033 6836//5033 6837//5033
f 6807//5034 6837//5034 6808//5034
f 6808//5034 6837//5034 6838//5034
f 6808//5035 6838//5035 6809//5035
f 6809//5035 6838//5035 6839//5035
f 6809//5036 6839//5036 6810//5036
f 6810//5037 6839//5037 6840//5037
f 6810//5038 6840//5038 6811//5038
f 6811//5038 6840//5038 6841//5038
f 6811//5039 6841//5039 6812//5039
f 6812//5039 6841//5039 6842//5039
f 6812//5040 6842//5040 6813//5040
f 6813//5040 6842//5040 6843//5040
f 6813//5041 6843//5041 6814//5041
f 6814//5041 6843//5041 6844//5041
f 6814//5042 6844//5042 6815//5042
f 6815//5042 6844//5042 6845//5042
f 6815//5043 6845//5043 6816//5043
f 6816//5043 6845//5043 6846//5043
f 6816//5044 6846//5044 6817//5044
f 6817//5044 6846//5044 6847//5044
f 6817//5045 6847//5045 6818//5045
f 6818//5045 6847//5045 6848//5045
f 6818//5046 6848//5046 6819//5046
f 6819//5046 6848//5046 6849//5046
f 6819//5047 6849//5047 6820//5047
f 6820//5047 6849//5047 6850//5047
f 6820//5048 6850//5048 6821//5048
f 6821//5048 6850//5048 6851//5048
f 6821//5049 6851//5049 6822//5049
f 6822//5049 6851//5049 6852//5049
f 6822//5050 6852//5050 6823//5050
f 6823//5050 6852//5050 6853//5050
f 6823//5051 6853//5051 6493//5051
f 6485//5052 6482//5052 6733//5052
f 6733//5053 6482//5053 6732//5053
f 6733//5054 6732//5054 6854//5054
f 6854//5054 6732//5054 6855//5054
f 6854//5055 6855//5055 6856//5055
f 6856//5055 6855//5055 6857//5055
f 6856//5056 6857//5056 6858//5056
f 6858//5056 6857//5056 6859//5056
f 6858//5057 6859//5057 6860//5057
f 6860//5058 6859//5058 6861//5058
f 6860//5059 6861//5059 6862//5059
f 6862//5060 6861//5060 6863//5060
f 6862//5061 6863//5061 6864//5061
f 6864//5062 6863//5062 6865//5062
f 6864//5063 6865//5063 6866//5063
f 6866//5064 6865//5064 6867//5064
f 6866//5065 6867//5065 6868//5065
f 6868//5065 6867//5065 6869//5065
f 6868//5066 6869//5066 6870//5066
f 6870//5066 6869//5066 6871//5066
f 6870//5067 6871//5067 6872//5067
f 6872//5067 6871//5067 6873//5067
f 6872//5068 6873//5068 6874//5068
f 6874//5068 6873//5068 6875//5068
f 6874//5069 6875//5069 6876//5069
f 6876//5069 6875//5069 6877//5069
f 6876//5070 6877//5070 6878//5070
f 6878//5070 6877//5070 6879//5070
f 6878//5071 6879//5071 6880//5071
f 6880//5071 6879//5071 6881//5071
f 6880//5072 6881//5072 6882//5072
f 6882//5072 6881//5072 6883//5072
f 6882//5073 6883//5073 6884//5073
f 6884//5073 6883//5073 6885//5073
f 6884//5074 6885//5074 6886//5074
f 6886//5074 6885//5074 6887//5074
f 6886//5075 6887//5075 6888//5075
f 6888//5075 6887//5075 6889//5075
f 6888//5076 6889//5076 6890//5076
f 6890//5076 6889//5076 6891//5076
f 6890//5077 6891//5077 6892//5077
f 6892//5077 6891//5077 6893//5077
f 6892//5078 6893//5078 6894//5078
f 6894//5078 6893//5078 6895//5078
f 6894//5079 6895//5079 6896//5079
f 6896//5079 6895//5079 6897//5079
f 6896//5080 6897//5080 6898//5080
f 6898//5080 6897//5080 6899//5080
f 6898//5081 6899//5081 6900//5081
f 6900//5081 6899//5081 6901//5081
f 6900//5082 6901//5082 6902//5082
f 6902//5082 6901//5082 6903//5082
f 6902//5083 6903//5083 6904//5083
f 6904//5083 6903//5083 6905//5083
f 6904//5084 6905//5084 6906//5084
f 6906//5084 6905//5084 6907//5084
f 6906//5085 6907//5085 6908//5085
f 6908//5085 6907//5085 6909//5085
f 6908//5086 6909//5086 6910//5086
f 6910//5086 6909//5086 6911//5086
f 6910//5087 6911//5087 6493//5087
f 6493//5088 6911//5088 6494//5088
f 6494//5089 6911//5089 6909//5089
f 6494//5089 6909//5089 6496//5089
f 6496//5090 6909//5090 6907//5090
f 6496//5090 6907//5090 6498//5090
f 6498//5091 6907//5091 6905//5091
f 6498//5091 6905//5091 6500//5091
f 6500//5092 6905//5092 6903//5092
f 6500//5092 6903//5092 6502//5092
f 6502//5093 6903//5093 6901//5093
f 6502//5093 6901//5093 6504//5093
f 6504//5094 6901//5094 6899//5094
f 6504//5094 6899//5094 6506//5094
f 6506//5095 6899//5095 6897//5095
f 6506//5095 6897//5095 6508//5095
f 6508//5096 6897//5096 6895//5096
f 6508//5096 6895//5096 6510//5096
f 6510//5097 6895//5097 6893//5097
f 6510//5097 6893//5097 6512//5097
f 6512//5098 6893//5098 6891//5098
f 6512//5098 6891//5098 6514//5098
f 6514//5099 6891//5099 6889//5099
f 6514//5099 6889//5099 6516//5099
f 6516//5100 6889//5100 6887//5100
f 6516//5100 6887//5100 6518//5100
f 6518//5101 6887//5101 6885//5101
f 6518//5101 6885//5101 6520//5101
f 6520//5102 6885//5102 6883//5102
f 6520//5102 6883//5102 6522//5102
f 6522//5103 6883//5103 6881//5103
f 6522//5103 6881//5103 6524//5103
f 6524//5104 6881//5104 6879//5104
f 6524//5104 6879//5104 6526//5104
f 6526//5105 6879//5105 6877//5105
f 6526//5106 6877//5106 6528//5106
f 6528//5107 6877//5107 6875//5107
f 6528//5107 6875//5107 6530//5107
f 6530//5108 6875//5108 6873//5108
f 6530//5108 6873//5108 6532//5108
f 6532//5109 6873//5109 6871//5109
f 6532//5109 6871//5109 6534//5109
f 6534//5110 6871//5110 6869//5110
f 6534//5110 6869//5110 6536//5110
f 6536//5111 6869//5111 6867//5111
f 6536//5111 6867//5111 6538//5111
f 6538//5112 6867//5112 6865//5112
f 6538//5113 6865//5113 6540//5113
f 6540//5114 6865//5114 6863//5114
f 6540//5115 6863//5115 6542//5115
f 6542//5116 6863//5116 6861//5116
f 6542//5116 6861//5116 6544//5116
f 6544//5117 6861//5117 6859//5117
f 6544//5118 6859//5118 6546//5118
f 6546//5119 6859//5119 6857//5119
f 6546//5119 6857//5119 6548//5119
f 6548//5120 6857//5120 6855//5120
f 6548//5120 6855//5120 6550//5120
f 6550//5121 6855//5121 6732//5121
f 6550//5121 6732//5121 6552//5121
f 6552//5122 6732//5122 6483//5122
f 6552//5122 6483//5122 6481//5122
f 6487//5016 6484//5016 6824//5016
f 6824//4905 6484//4905 6733//4905
f 6824//5123 6733//5123 6825//5123
f 6825//5124 6733//5124 6854//5124
f 6825//5125 6854//5125 6826//5125
f 6826//5125 6854//5125 6856//5125
f 6826//5126 6856//5126 6827//5126
f 6827//5126 6856//5126 6858//5126
f 6827//5127 6858//5127 6828//5127
f 6828//5128 6858//5128 6860//5128
f 6828//5129 6860//5129 6829//5129
f 6829//5130 6860//5130 6862//5130
f 6829//5131 6862//5131 6830//5131
f 6830//5131 6862//5131 6864//5131
f 6830//5132 6864//5132 6831//5132
f 6831//5132 6864//5132 6866//5132
f 6831//5133 6866//5133 6832//5133
f 6832//5133 6866//5133 6868//5133
f 6832//5134 6868//5134 6833//5134
f 6833//5134 6868//5134 6870//5134
f 6833//5135 6870//5135 6834//5135
f 6834//5135 6870//5135 6872//5135
f 6834//5136 6872//5136 6835//5136
f 6835//5136 6872//5136 6874//5136
f 6835//5137 6874//5137 6836//5137
f 6836//5137 6874//5137 6876//5137
f 6836//5138 6876//5138 6837//5138
f 6837//5138 6876//5138 6878//5138
f 6837//5139 6878//5139 6838//5139
f 6838//5139 6878//5139 6880//5139
f 6838//5140 6880//5140 6839//5140
f 6839//5140 6880//5140 6882//5140
f 6839//5141 6882//5141 6840//5141
f 6840//5141 6882//5141 6884//5141
f 6840//5142 6884//5142 6841//5142
f 6841//5142 6884//5142 6886//5142
f 6841//5143 6886//5143 6842//5143
f 6842//5143 6886//5143 6888//5143
f 6842//5144 6888//5144 6843//5144
f 6843//5144 6888//5144 6890//5144
f 6843//5145 6890//5145 6844//5145
f 6844//5145 6890//5145 6892//5145
f 6844//5146 6892//5146 6845//5146
f 6845//5146 6892//5146 6894//5146
f 6845//5147 6894//5147 6846//5147
f 6846//5147 6894//5147 6896//5147
f 6846//5148 6896//5148 6847//5148
f 6847//5148 6896//5148 6898//5148
f 6847//5149 6898//5149 6848//5149
f 6848//5149 6898//5149 6900//5149
f 6848//5150 6900//5150 6849//5150
f 6849//5151 6900//5151 6902//5151
f 6849//5152 6902//5152 6850//5152
f 6850//5152 6902//5152 6904//5152
f 6850//5153 6904//5153 6851//5153
f 6851//5153 6904//5153 6906//5153
f 6851//5154 6906//5154 6852//5154
f 6852//5154 6906//5154 6908//5154
f 6852//5155 6908//5155 6853//5155
f 6853//5155 6908//5155 6910//5155
f 6853//5156 6910//5156 6493//5156
f 6912//5157 4259//5157 6913//5157
f 6913//5158 4259//5158 4258//5158
f 6913//5159 4258//5159 6914//5159
f 6914//5160 4258//5160 4061//5160
f 6914//5161 4061//5161 4052//5161
f 4448//5162 4452//5162 6915//5162
f 6915//5163 4452//5163 4451//5163
f 6915//5164 4451//5164 6916//5164
f 4451//5165 4450//5165 6916//5165
f 6916//5166 4450//5166 4310//5166
f 6916//5167 4310//5167 6912//5167
f 6912//5168 4310//5168 4309//5168
f 6912//5169 4309//5169 4259//5169
f 4642//5170 6917//5170 4686//5170
f 4686//5171 6917//5171 4446//5171
f 4686//5172 4446//5172 4683//5172
f 4448//5173 6915//5173 4449//5173
f 4449//5174 6915//5174 6918//5174
f 4449//5175 6918//5175 4445//5175
f 4446//5176 4445//5176 4683//5176
f 4683//5177 4445//5177 6918//5177
f 4683//5178 6918//5178 4684//5178
f 4684//5179 6918//5179 6919//5179
f 4406//5180 4410//5180 4685//5180
f 4410//5181 4409//5181 4685//5181
f 4685//5182 4409//5182 6920//5182
f 4685//5183 6920//5183 4676//5183
f 4676//5184 6920//5184 4634//5184
f 4399//5185 4407//5185 6921//5185
f 6921//5186 4407//5186 4406//5186
f 6921//5187 4406//5187 6919//5187
f 6919//5188 4406//5188 4685//5188
f 6919//5189 4685//5189 4684//5189
f 6922//5190 4402//5190 6921//5190
f 6921//5191 4402//5191 4400//5191
f 6921//5192 4400//5192 4399//5192
f 6912//5193 6913//5193 6923//5193
f 6915//5194 6916//5194 6924//5194
f 6925//5195 6926//5195 6927//5195
f 6927//5196 6926//5196 6928//5196
f 6927//5196 6928//5196 6929//5196
f 6929//5197 6928//5197 6930//5197
f 6929//5197 6930//5197 6931//5197
f 6931//5198 6930//5198 6932//5198
f 6931//5198 6932//5198 6933//5198
f 6933//5199 6932//5199 6934//5199
f 6933//5199 6934//5199 6935//5199
f 6935//5200 6934//5200 6936//5200
f 6935//5200 6936//5200 6937//5200
f 6937//5201 6936//5201 6938//5201
f 6937//5201 6938//5201 6939//5201
f 6939//5202 6938//5202 6940//5202
f 6939//5202 6940//5202 6941//5202
f 6941//5203 6940//5203 6942//5203
f 6941//5203 6942//5203 6943//5203
f 6943//5204 6942//5204 6944//5204
f 6943//5204 6944//5204 6945//5204
f 6945//5205 6944//5205 6946//5205
f 6945//5205 6946//5205 6947//5205
f 6947//5206 6946//5206 6948//5206
f 6947//5206 6948//5206 6949//5206
f 6949//5207 6948//5207 6950//5207
f 6949//5207 6950//5207 6951//5207
f 6951//5208 6950//5208 6952//5208
f 6951//5209 6952//5209 6953//5209
f 6953//5210 6952//5210 6954//5210
f 6953//5210 6954//5210 6955//5210
f 6955//5211 6954//5211 6956//5211
f 6955//5211 6956//5211 6957//5211
f 6957//5212 6956//5212 6958//5212
f 6957//5212 6958//5212 6959//5212
f 6959//5213 6958//5213 6960//5213
f 6959//5213 6960//5213 6961//5213
f 6961//5214 6960//5214 6962//5214
f 6961//5214 6962//5214 6963//5214
f 6963//5215 6962//5215 6964//5215
f 6963//5215 6964//5215 6965//5215
f 6965//5216 6964//5216 6966//5216
f 6965//5216 6966//5216 6967//5216
f 6967//5217 6966//5217 6968//5217
f 6967//5217 6968//5217 6969//5217
f 6969//5218 6968//5218 6970//5218
f 6969//5218 6970//5218 6971//5218
f 6971//5219 6970//5219 6972//5219
f 6971//5219 6972//5219 6973//5219
f 6973//5220 6972//5220 6974//5220
f 6973//5220 6974//5220 6975//5220
f 6975//5221 6974//5221 6976//5221
f 6975//5222 6976//5222 6977//5222
f 6977//5223 6976//5223 6978//5223
f 6977//5224 6978//5224 6979//5224
f 6979//5225 6978//5225 6980//5225
f 6979//5225 6980//5225 6981//5225
f 6981//5226 6980//5226 6982//5226
f 6981//5226 6982//5226 6983//5226
f 6983//5227 6982//5227 6984//5227
f 6983//5228 6984//5228 6985//5228
f 6985//5229 6984//5229 6922//5229
f 6922//5229 6921//5229 6985//5229
f 6985//5230 6921//5230 6986//5230
f 6985//5231 6986//5231 6983//5231
f 6983//5231 6986//5231 6987//5231
f 6983//5232 6987//5232 6981//5232
f 6981//5232 6987//5232 6988//5232
f 6981//5233 6988//5233 6979//5233
f 6979//5233 6988//5233 6989//5233
f 6979//5234 6989//5234 6977//5234
f 6977//5235 6989//5235 6990//5235
f 6977//5236 6990//5236 6975//5236
f 6975//5236 6990//5236 6991//5236
f 6975//5237 6991//5237 6973//5237
f 6973//5238 6991//5238 6992//5238
f 6973//5239 6992//5239 6971//5239
f 6971//5239 6992//5239 6993//5239
f 6971//5240 6993//5240 6969//5240
f 6969//5240 6993//5240 6994//5240
f 6969//5241 6994//5241 6967//5241
f 6967//5241 6994//5241 6995//5241
f 6967//5242 6995//5242 6965//5242
f 6965//5242 6995//5242 6996//5242
f 6965//5243 6996//5243 6963//5243
f 6963//5243 6996//5243 6997//5243
f 6963//5244 6997//5244 6961//5244
f 6961//5244 6997//5244 6998//5244
f 6961//5245 6998//5245 6959//5245
f 6959//5245 6998//5245 6999//5245
f 6959//5246 6999//5246 6957//5246
f 6957//5246 6999//5246 7000//5246
f 6957//5247 7000//5247 6955//5247
f 6955//5247 7000//5247 7001//5247
f 6955//5248 7001//5248 6953//5248
f 6953//5248 7001//5248 7002//5248
f 6953//5249 7002//5249 6951//5249
f 6951//5249 7002//5249 7003//5249
f 6951//5250 7003//5250 6949//5250
f 6949//5250 7003//5250 7004//5250
f 6949//5251 7004//5251 6947//5251
f 6947//5251 7004//5251 7005//5251
f 6947//5252 7005//5252 6945//5252
f 6945//5252 7005//5252 7006//5252
f 6945//5253 7006//5253 6943//5253
f 6943//5253 7006//5253 7007//5253
f 6943//5254 7007//5254 6941//5254
f 6941//5254 7007//5254 7008//5254
f 6941//5255 7008//5255 6939//5255
f 6939//5255 7008//5255 7009//5255
f 6939//5256 7009//5256 6937//5256
f 6937//5256 7009//5256 7010//5256
f 6937//5257 7010//5257 6935//5257
f 6935//5257 7010//5257 7011//5257
f 6935//5258 7011//5258 6933//5258
f 6933//5258 7011//5258 7012//5258
f 6933//5259 7012//5259 6931//5259
f 6931//5259 7012//5259 7013//5259
f 6931//5260 7013//5260 6929//5260
f 6929//5260 7013//5260 7014//5260
f 6929//5261 7014//5261 6927//5261
f 6927//5261 7014//5261 7015//5261
f 6927//5262 7015//5262 6925//5262
f 6921//5230 6919//5230 6986//5230
f 6986//5263 6919//5263 7016//5263
f 6986//5264 7016//5264 6987//5264
f 6987//5264 7016//5264 7017//5264
f 6987//5265 7017//5265 6988//5265
f 6988//5265 7017//5265 7018//5265
f 6988//5266 7018//5266 6989//5266
f 6989//5266 7018//5266 7019//5266
f 6989//5267 7019//5267 6990//5267
f 6990//5268 7019//5268 7020//5268
f 6990//5269 7020//5269 6991//5269
f 6991//5269 7020//5269 7021//5269
f 6991//5270 7021//5270 6992//5270
f 6992//5271 7021//5271 7022//5271
f 6992//5272 7022//5272 6993//5272
f 6993//5272 7022//5272 7023//5272
f 6993//5273 7023//5273 6994//5273
f 6994//5273 7023//5273 7024//5273
f 6994//5274 7024//5274 6995//5274
f 6995//5275 7024//5275 7025//5275
f 6995//5276 7025//5276 6996//5276
f 6996//5276 7025//5276 7026//5276
f 6996//5277 7026//5277 6997//5277
f 6997//5277 7026//5277 7027//5277
f 6997//5278 7027//5278 6998//5278
f 6998//5278 7027//5278 7028//5278
f 6998//5279 7028//5279 6999//5279
f 6999//5279 7028//5279 7029//5279
f 6999//5280 7029//5280 7000//5280
f 7000//5280 7029//5280 7030//5280
f 7000//5281 7030//5281 7001//5281
f 7001//5281 7030//5281 7031//5281
f 7001//5282 7031//5282 7002//5282
f 7002//5282 7031//5282 7032//5282
f 7002//5283 7032//5283 7003//5283
f 7003//5283 7032//5283 7033//5283
f 7003//5284 7033//5284 7004//5284
f 7004//5285 7033//5285 7034//5285
f 7004//5286 7034//5286 7005//5286
f 7005//5286 7034//5286 7035//5286
f 7005//5287 7035//5287 7006//5287
f 7006//5287 7035//5287 7036//5287
f 7006//5288 7036//5288 7007//5288
f 7007//5288 7036//5288 7037//5288
f 7007//5289 7037//5289 7008//5289
f 7008//5289 7037//5289 7038//5289
f 7008//5290 7038//5290 7009//5290
f 7009//5290 7038//5290 7039//5290
f 7009//5291 7039//5291 7010//5291
f 7010//5291 7039//5291 7040//5291
f 7010//5292 7040//5292 7011//5292
f 7011//5292 7040//5292 7041//5292
f 7011//5293 7041//5293 7012//5293
f 7012//5293 7041//5293 7042//5293
f 7012//5294 7042//5294 7013//5294
f 7013//5294 7042//5294 7043//5294
f 7013//5295 7043//5295 7014//5295
f 7014//5295 7043//5295 7044//5295
f 7014//5296 7044//5296 7015//5296
f 7015//5296 7044//5296 7045//5296
f 7015//5297 7045//5297 6925//5297
f 6919//5263 6918//5263 7016//5263
f 7016//5298 6918//5298 7046//5298
f 7016//5299 7046//5299 7017//5299
f 7017//5299 7046//5299 7047//5299
f 7017//5300 7047//5300 7018//5300
f 7018//5300 7047//5300 7048//5300
f 7018//5301 7048//5301 7019//5301
f 7019//5301 7048//5301 7049//5301
f 7019//5302 7049//5302 7020//5302
f 7020//5303 7049//5303 7050//5303
f 7020//5304 7050//5304 7021//5304
f 7021//5304 7050//5304 7051//5304
f 7021//5305 7051//5305 7022//5305
f 7022//5306 7051//5306 7052//5306
f 7022//5307 7052//5307 7023//5307
f 7023//5308 7052//5308 7053//5308
f 7023//5309 7053//5309 7024//5309
f 7024//5309 7053//5309 7054//5309
f 7024//5310 7054//5310 7025//5310
f 7025//5310 7054//5310 7055//5310
f 7025//5311 7055//5311 7026//5311
f 7026//5312 7055//5312 7056//5312
f 7026//5313 7056//5313 7027//5313
f 7027//5313 7056//5313 7057//5313
f 7027//5314 7057//5314 7028//5314
f 7028//5314 7057//5314 7058//5314
f 7028//5315 7058//5315 7029//5315
f 7029//5315 7058//5315 7059//5315
f 7029//5316 7059//5316 7030//5316
f 7030//5316 7059//5316 7060//5316
f 7030//5317 7060//5317 7031//5317
f 7031//5317 7060//5317 7061//5317
f 7031//5318 7061//5318 7032//5318
f 7032//5318 7061//5318 7062//5318
f 7032//5319 7062//5319 7033//5319
f 7033//5319 7062//5319 7063//5319
f 7033//5320 7063//5320 7034//5320
f 7034//5320 7063//5320 7064//5320
f 7034//5321 7064//5321 7035//5321
f 7035//5321 7064//5321 7065//5321
f 7035//5322 7065//5322 7036//5322
f 7036//5322 7065//5322 7066//5322
f 7036//5323 7066//5323 7037//5323
f 7037//5323 7066//5323 7067//5323
f 7037//5324 7067//5324 7038//5324
f 7038//5324 7067//5324 7068//5324
f 7038//5325 7068//5325 7039//5325
f 7039//5325 7068//5325 7069//5325
f 7039//5326 7069//5326 7040//5326
f 7040//5326 7069//5326 7070//5326
f 7040//5327 7070//5327 7041//5327
f 7041//5327 7070//5327 7071//5327
f 7041//5328 7071//5328 7042//5328
f 7042//5328 7071//5328 7072//5328
f 7042//5329 7072//5329 7043//5329
f 7043//5329 7072//5329 7073//5329
f 7043//5330 7073//5330 7044//5330
f 7044//5331 7073//5331 7074//5331
f 7044//5332 7074//5332 7045//5332
f 7045//5332 7074//5332 7075//5332
f 7045//5333 7075//5333 6925//5333
f 6916//5334 6912//5334 6924//5334
f 6924//5335 6912//5335 6923//5335
f 6924//5336 6923//5336 7076//5336
f 7076//5336 6923//5336 7077//5336
f 7076//5337 7077//5337 7078//5337
f 7078//5337 7077//5337 7079//5337
f 7078//5338 7079//5338 7080//5338
f 7080//5338 7079//5338 7081//5338
f 7080//5339 7081//5339 7082//5339
f 7082//5340 7081//5340 7083//5340
f 7082//5341 7083//5341 7084//5341
f 7084//5342 7083//5342 7085//5342
f 7084//5343 7085//5343 7086//5343
f 7086//5344 7085//5344 7087//5344
f 7086//5345 7087//5345 7088//5345
f 7088//5345 7087//5345 7089//5345
f 7088//5346 7089//5346 7090//5346
f 7090//5347 7089//5347 7091//5347
f 7090//5348 7091//5348 7092//5348
f 7092//5349 7091//5349 7093//5349
f 7092//5350 7093//5350 7094//5350
f 7094//5350 7093//5350 7095//5350
f 7094//5351 7095//5351 7096//5351
f 7096//5351 7095//5351 7097//5351
f 7096//5352 7097//5352 7098//5352
f 7098//5352 7097//5352 7099//5352
f 7098//5353 7099//5353 7100//5353
f 7100//5353 7099//5353 7101//5353
f 7100//5354 7101//5354 7102//5354
f 7102//5354 7101//5354 7103//5354
f 7102//5355 7103//5355 7104//5355
f 7104//5355 7103//5355 7105//5355
f 7104//5356 7105//5356 7106//5356
f 7106//5356 7105//5356 7107//5356
f 7106//5357 7107//5357 7108//5357
f 7108//5358 7107//5358 7109//5358
f 7108//5359 7109//5359 7110//5359
f 7110//5359 7109//5359 7111//5359
f 7110//5360 7111//5360 7112//5360
f 7112//5360 7111//5360 7113//5360
f 7112//5361 7113//5361 7114//5361
f 7114//5362 7113//5362 7115//5362
f 7114//5363 7115//5363 7116//5363
f 7116//5363 7115//5363 7117//5363
f 7116//5364 7117//5364 7118//5364
f 7118//5364 7117//5364 7119//5364
f 7118//5365 7119//5365 7120//5365
f 7120//5365 7119//5365 7121//5365
f 7120//5366 7121//5366 7122//5366
f 7122//5366 7121//5366 7123//5366
f 7122//5367 7123//5367 7124//5367
f 7124//5367 7123//5367 7125//5367
f 7124//5368 7125//5368 7126//5368
f 7126//5368 7125//5368 7127//5368
f 7126//5369 7127//5369 7128//5369
f 7128//5369 7127//5369 7129//5369
f 7128//5370 7129//5370 7130//5370
f 7130//5370 7129//5370 7131//5370
f 7130//5371 7131//5371 7132//5371
f 7132//5371 7131//5371 7133//5371
f 7132//5372 7133//5372 6925//5372
f 6925//5373 7133//5373 7134//5373
f 7134//5374 7133//5374 7131//5374
f 7134//5374 7131//5374 7135//5374
f 7135//5375 7131//5375 7129//5375
f 7135//5375 7129//5375 7136//5375
f 7136//5376 7129//5376 7127//5376
f 7136//5376 7127//5376 7137//5376
f 7137//5377 7127//5377 7125//5377
f 7137//5377 7125//5377 7138//5377
f 7138//5378 7125//5378 7123//5378
f 7138//5378 7123//5378 7139//5378
f 7139//5379 7123//5379 7121//5379
f 7139//5379 7121//5379 7140//5379
f 7140//5380 7121//5380 7119//5380
f 7140//5380 7119//5380 7141//5380
f 7141//5381 7119//5381 7117//5381
f 7141//5381 7117//5381 7142//5381
f 7142//5382 7117//5382 7115//5382
f 7142//5382 7115//5382 7143//5382
f 7143//5383 7115//5383 7113//5383
f 7143//5383 7113//5383 7144//5383
f 7144//5384 7113//5384 7111//5384
f 7144//5384 7111//5384 7145//5384
f 7145//5385 7111//5385 7109//5385
f 7145//5385 7109//5385 7146//5385
f 7146//5386 7109//5386 7107//5386
f 7146//5387 7107//5387 7147//5387
f 7147//5388 7107//5388 7105//5388
f 7147//5388 7105//5388 7148//5388
f 7148//5389 7105//5389 7103//5389
f 7148//5389 7103//5389 7149//5389
f 7149//5390 7103//5390 7101//5390
f 7149//5390 7101//5390 7150//5390
f 7150//5391 7101//5391 7099//5391
f 7150//5391 7099//5391 7151//5391
f 7151//5392 7099//5392 7097//5392
f 7151//5393 7097//5393 7152//5393
f 7152//5394 7097//5394 7095//5394
f 7152//5394 7095//5394 7153//5394
f 7153//5395 7095//5395 7093//5395
f 7153//5395 7093//5395 7154//5395
f 7154//5396 7093//5396 7091//5396
f 7154//5396 7091//5396 7155//5396
f 7155//5397 7091//5397 7089//5397
f 7155//5397 7089//5397 7156//5397
f 7156//5398 7089//5398 7087//5398
f 7156//5398 7087//5398 7157//5398
f 7157//5399 7087//5399 7085//5399
f 7157//5400 7085//5400 7158//5400
f 7158//5401 7085//5401 7083//5401
f 7158//5402 7083//5402 7159//5402
f 7159//5403 7083//5403 7081//5403
f 7159//5404 7081//5404 7160//5404
f 7160//5405 7081//5405 7079//5405
f 7160//5405 7079//5405 7161//5405
f 7161//5406 7079//5406 7077//5406
f 7161//5406 7077//5406 7162//5406
f 7162//5407 7077//5407 6923//5407
f 7162//5407 6923//5407 7163//5407
f 7163//5408 6923//5408 6913//5408
f 7163//5408 6913//5408 6914//5408
f 6918//5298 6915//5298 7046//5298
f 7046//5194 6915//5194 6924//5194
f 7046//5409 6924//5409 7047//5409
f 7047//5409 6924//5409 7076//5409
f 7047//5410 7076//5410 7048//5410
f 7048//5410 7076//5410 7078//5410
f 7048//5411 7078//5411 7049//5411
f 7049//5411 7078//5411 7080//5411
f 7049//5412 7080//5412 7050//5412
f 7050//5413 7080//5413 7082//5413
f 7050//5414 7082//5414 7051//5414
f 7051//5415 7082//5415 7084//5415
f 7051//5416 7084//5416 7052//5416
f 7052//5416 7084//5416 7086//5416
f 7052//5417 7086//5417 7053//5417
f 7053//5417 7086//5417 7088//5417
f 7053//5418 7088//5418 7054//5418
f 7054//5418 7088//5418 7090//5418
f 7054//5419 7090//5419 7055//5419
f 7055//5419 7090//5419 7092//5419
f 7055//5420 7092//5420 7056//5420
f 7056//5421 7092//5421 7094//5421
f 7056//5422 7094//5422 7057//5422
f 7057//5422 7094//5422 7096//5422
f 7057//5423 7096//5423 7058//5423
f 7058//5423 7096//5423 7098//5423
f 7058//5424 7098//5424 7059//5424
f 7059//5424 7098//5424 7100//5424
f 7059//5425 7100//5425 7060//5425
f 7060//5425 7100//5425 7102//5425
f 7060//5426 7102//5426 7061//5426
f 7061//5426 7102//5426 7104//5426
f 7061//5427 7104//5427 7062//5427
f 7062//5427 7104//5427 7106//5427
f 7062//5428 7106//5428 7063//5428
f 7063//5428 7106//5428 7108//5428
f 7063//5429 7108//5429 7064//5429
f 7064//5429 7108//5429 7110//5429
f 7064//5430 7110//5430 7065//5430
f 7065//5430 7110//5430 7112//5430
f 7065//5431 7112//5431 7066//5431
f 7066//5431 7112//5431 7114//5431
f 7066//5432 7114//5432 7067//5432
f 7067//5433 7114//5433 7116//5433
f 7067//5434 7116//5434 7068//5434
f 7068//5434 7116//5434 7118//5434
f 7068//5435 7118//5435 7069//5435
f 7069//5435 7118//5435 7120//5435
f 7069//5436 7120//5436 7070//5436
f 7070//5436 7120//5436 7122//5436
f 7070//5437 7122//5437 7071//5437
f 7071//5438 7122//5438 7124//5438
f 7071//5439 7124//5439 7072//5439
f 7072//5439 7124//5439 7126//5439
f 7072//5440 7126//5440 7073//5440
f 7073//5440 7126//5440 7128//5440
f 7073//5441 7128//5441 7074//5441
f 7074//5441 7128//5441 7130//5441
f 7074//5442 7130//5442 7075//5442
f 7075//5442 7130//5442 7132//5442
f 7075//5443 7132//5443 6925//5443
f 7164//5444 4249//5444 7165//5444
f 7165//5445 4249//5445 4304//5445
f 7165//5446 4304//5446 6922//5446
f 6922//5447 4304//5447 4303//5447
f 6922//5448 4303//5448 4402//5448
f 4019//5449 4018//5449 7166//5449
f 7166//5450 4018//5450 4022//5450
f 7166//5451 4022//5451 7167//5451
f 4022//5452 4021//5452 7167//5452
f 7167//5453 4021//5453 3987//5453
f 7167//5454 3987//5454 7164//5454
f 7164//5455 3987//5455 4248//5455
f 7164//5456 4248//5456 4249//5456
f 3728//5457 3639//5457 7168//5457
f 7168//5458 3639//5458 3638//5458
f 7168//5459 3638//5459 3654//5459
f 4019//5460 7166//5460 3984//5460
f 3984//5461 7166//5461 7169//5461
f 3984//5462 7169//5462 3985//5462
f 4066//5463 7170//5463 4063//5463
f 4063//5464 7170//5464 7171//5464
f 4063//5465 7171//5465 4064//5465
f 3728//5466 3985//5466 3639//5466
f 3639//5467 3985//5467 7169//5467
f 3639//5468 7169//5468 3642//5468
f 3642//5469 7169//5469 7170//5469
f 3642//5470 7170//5470 3643//5470
f 3643//5471 7170//5471 4066//5471
f 4066//5472 4065//5472 3643//5472
f 3643//5473 4065//5473 3733//5473
f 3643//5474 3733//5474 3655//5474
f 3655//5475 3733//5475 7172//5475
f 3655//5476 7172//5476 3656//5476
f 6914//5477 4052//5477 7171//5477
f 7171//5478 4052//5478 4051//5478
f 7171//5479 4051//5479 4064//5479
f 7164//5480 7165//5480 7173//5480
f 7166//5481 7167//5481 7174//5481
f 6925//5482 7134//5482 7175//5482
f 7175//5483 7134//5483 7135//5483
f 7175//5483 7135//5483 7176//5483
f 7176//5484 7135//5484 7136//5484
f 7176//5484 7136//5484 7177//5484
f 7177//5485 7136//5485 7137//5485
f 7177//5485 7137//5485 7178//5485
f 7178//5486 7137//5486 7138//5486
f 7178//5486 7138//5486 7179//5486
f 7179//5487 7138//5487 7139//5487
f 7179//5487 7139//5487 7180//5487
f 7180//5488 7139//5488 7140//5488
f 7180//5488 7140//5488 7181//5488
f 7181//5489 7140//5489 7141//5489
f 7181//5489 7141//5489 7182//5489
f 7182//5490 7141//5490 7142//5490
f 7182//5490 7142//5490 7183//5490
f 7183//5491 7142//5491 7143//5491
f 7183//5491 7143//5491 7184//5491
f 7184//5492 7143//5492 7144//5492
f 7184//5492 7144//5492 7185//5492
f 7185//5493 7144//5493 7145//5493
f 7185//5493 7145//5493 7186//5493
f 7186//5494 7145//5494 7146//5494
f 7186//5494 7146//5494 7187//5494
f 7187//5495 7146//5495 7147//5495
f 7187//5495 7147//5495 7188//5495
f 7188//5496 7147//5496 7148//5496
f 7188//5496 7148//5496 7189//5496
f 7189//5497 7148//5497 7149//5497
f 7189//5497 7149//5497 7190//5497
f 7190//5498 7149//5498 7150//5498
f 7190//5498 7150//5498 7191//5498
f 7191//5499 7150//5499 7151//5499
f 7191//5499 7151//5499 7192//5499
f 7192//5500 7151//5500 7152//5500
f 7192//5500 7152//5500 7193//5500
f 7193//5501 7152//5501 7153//5501
f 7193//5502 7153//5502 7194//5502
f 7194//5503 7153//5503 7154//5503
f 7194//5503 7154//5503 7195//5503
f 7195//5504 7154//5504 7155//5504
f 7195//5504 7155//5504 7196//5504
f 7196//5505 7155//5505 7156//5505
f 7196//5505 7156//5505 7197//5505
f 7197//5506 7156//5506 7157//5506
f 7197//5507 7157//5507 7198//5507
f 7198//5508 7157//5508 7158//5508
f 7198//5509 7158//5509 7199//5509
f 7199//5510 7158//5510 7159//5510
f 7199//5510 7159//5510 7200//5510
f 7200//5511 7159//5511 7160//5511
f 7200//5512 7160//5512 7201//5512
f 7201//5513 7160//5513 7161//5513
f 7201//5513 7161//5513 7202//5513
f 7202//5514 7161//5514 7162//5514
f 7202//5514 7162//5514 7203//5514
f 7203//5515 7162//5515 7163//5515
f 7203//5515 7163//5515 7204//5515
f 7204//5516 7163//5516 6914//5516
f 6914//5516 7171//5516 7204//5516
f 7204//5517 7171//5517 7205//5517
f 7204//5518 7205//5518 7203//5518
f 7203//5518 7205//5518 7206//5518
f 7203//5519 7206//5519 7202//5519
f 7202//5519 7206//5519 7207//5519
f 7202//5520 7207//5520 7201//5520
f 7201//5520 7207//5520 7208//5520
f 7201//5521 7208//5521 7200//5521
f 7200//5522 7208//5522 7209//5522
f 7200//5523 7209//5523 7199//5523
f 7199//5524 7209//5524 7210//5524
f 7199//5525 7210//5525 7198//5525
f 7198//5526 7210//5526 7211//5526
f 7198//5527 7211//5527 7197//5527
f 7197//5527 7211//5527 7212//5527
f 7197//5528 7212//5528 7196//5528
f 7196//5528 7212//5528 7213//5528
f 7196//5529 7213//5529 7195//5529
f 7195//5529 7213//5529 7214//5529
f 7195//5530 7214//5530 7194//5530
f 7194//5530 7214//5530 7215//5530
f 7194//5531 7215//5531 7193//5531
f 7193//5532 7215//5532 7216//5532
f 7193//5533 7216//5533 7192//5533
f 7192//5533 7216//5533 7217//5533
f 7192//5534 7217//5534 7191//5534
f 7191//5534 7217//5534 7218//5534
f 7191//5535 7218//5535 7190//5535
f 7190//5535 7218//5535 7219//5535
f 7190//5536 7219//5536 7189//5536
f 7189//5536 7219//5536 7220//5536
f 7189//5537 7220//5537 7188//5537
f 7188//5537 7220//5537 7221//5537
f 7188//5538 7221//5538 7187//5538
f 7187//5538 7221//5538 7222//5538
f 7187//5539 7222//5539 7186//5539
f 7186//5540 7222//5540 7223//5540
f 7186//5541 7223//5541 7185//5541
f 7185//5541 7223//5541 7224//5541
f 7185//5542 7224//5542 7184//5542
f 7184//5542 7224//5542 7225//5542
f 7184//5543 7225//5543 7183//5543
f 7183//5543 7225//5543 7226//5543
f 7183//5544 7226//5544 7182//5544
f 7182//5544 7226//5544 7227//5544
f 7182//5545 7227//5545 7181//5545
f 7181//5546 7227//5546 7228//5546
f 7181//5547 7228//5547 7180//5547
f 7180//5547 7228//5547 7229//5547
f 7180//5548 7229//5548 7179//5548
f 7179//5548 7229//5548 7230//5548
f 7179//5549 7230//5549 7178//5549
f 7178//5549 7230//5549 7231//5549
f 7178//5550 7231//5550 7177//5550
f 7177//5550 7231//5550 7232//5550
f 7177//5551 7232//5551 7176//5551
f 7176//5551 7232//5551 7233//5551
f 7176//5552 7233//5552 7175//5552
f 7175//5552 7233//5552 7234//5552
f 7175//5553 7234//5553 6925//5553
f 7171//5517 7170//5517 7205//5517
f 7205//5554 7170//5554 7235//5554
f 7205//5555 7235//5555 7206//5555
f 7206//5555 7235//5555 7236//5555
f 7206//5556 7236//5556 7207//5556
f 7207//5556 7236//5556 7237//5556
f 7207//5557 7237//5557 7208//5557
f 7208//5557 7237//5557 7238//5557
f 7208//5558 7238//5558 7209//5558
f 7209//5559 7238//5559 7239//5559
f 7209//5560 7239//5560 7210//5560
f 7210//5561 7239//5561 7240//5561
f 7210//5562 7240//5562 7211//5562
f 7211//5563 7240//5563 7241//5563
f 7211//5564 7241//5564 7212//5564
f 7212//5564 7241//5564 7242//5564
f 7212//5565 7242//5565 7213//5565
f 7213//5565 7242//5565 7243//5565
f 7213//5566 7243//5566 7214//5566
f 7214//5567 7243//5567 7244//5567
f 7214//5568 7244//5568 7215//5568
f 7215//5568 7244//5568 7245//5568
f 7215//5569 7245//5569 7216//5569
f 7216//5569 7245//5569 7246//5569
f 7216//5570 7246//5570 7217//5570
f 7217//5570 7246//5570 7247//5570
f 7217//5571 7247//5571 7218//5571
f 7218//5571 7247//5571 7248//5571
f 7218//5572 7248//5572 7219//5572
f 7219//5572 7248//5572 7249//5572
f 7219//5573 7249//5573 7220//5573
f 7220//5573 7249//5573 7250//5573
f 7220//5574 7250//5574 7221//5574
f 7221//5574 7250//5574 7251//5574
f 7221//5575 7251//5575 7222//5575
f 7222//5575 7251//5575 7252//5575
f 7222//5576 7252//5576 7223//5576
f 7223//5576 7252//5576 7253//5576
f 7223//5577 7253//5577 7224//5577
f 7224//5577 7253//5577 7254//5577
f 7224//5578 7254//5578 7225//5578
f 7225//5578 7254//5578 7255//5578
f 7225//5579 7255//5579 7226//5579
f 7226//5579 7255//5579 7256//5579
f 7226//5580 7256//5580 7227//5580
f 7227//5580 7256//5580 7257//5580
f 7227//5581 7257//5581 7228//5581
f 7228//5581 7257//5581 7258//5581
f 7228//5582 7258//5582 7229//5582
f 7229//5582 7258//5582 7259//5582
f 7229//5583 7259//5583 7230//5583
f 7230//5583 7259//5583 7260//5583
f 7230//5584 7260//5584 7231//5584
f 7231//5584 7260//5584 7261//5584
f 7231//5585 7261//5585 7232//5585
f 7232//5585 7261//5585 7262//5585
f 7232//5586 7262//5586 7233//5586
f 7233//5586 7262//5586 7263//5586
f 7233//5587 7263//5587 7234//5587
f 7234//5587 7263//5587 7264//5587
f 7234//5588 7264//5588 6925//5588
f 7170//5554 7169//5554 7235//5554
f 7235//5589 7169//5589 7265//5589
f 7235//5590 7265//5590 7236//5590
f 7236//5591 7265//5591 7266//5591
f 7236//5592 7266//5592 7237//5592
f 7237//5592 7266//5592 7267//5592
f 7237//5593 7267//5593 7238//5593
f 7238//5593 7267//5593 7268//5593
f 7238//5594 7268//5594 7239//5594
f 7239//5595 7268//5595 7269//5595
f 7239//5596 7269//5596 7240//5596
f 7240//5596 7269//5596 7270//5596
f 7240//5597 7270//5597 7241//5597
f 7241//5597 7270//5597 7271//5597
f 7241//5598 7271//5598 7242//5598
f 7242//5598 7271//5598 7272//5598
f 7242//5599 7272//5599 7243//5599
f 7243//5599 7272//5599 7273//5599
f 7243//5600 7273//5600 7244//5600
f 7244//5600 7273//5600 7274//5600
f 7244//5601 7274//5601 7245//5601
f 7245//5601 7274//5601 7275//5601
f 7245//5602 7275//5602 7246//5602
f 7246//5602 7275//5602 7276//5602
f 7246//5603 7276//5603 7247//5603
f 7247//5603 7276//5603 7277//5603
f 7247//5604 7277//5604 7248//5604
f 7248//5604 7277//5604 7278//5604
f 7248//5605 7278//5605 7249//5605
f 7249//5605 7278//5605 7279//5605
f 7249//5606 7279//5606 7250//5606
f 7250//5606 7279//5606 7280//5606
f 7250//5607 7280//5607 7251//5607
f 7251//5607 7280//5607 7281//5607
f 7251//5608 7281//5608 7252//5608
f 7252//5608 7281//5608 7282//5608
f 7252//5609 7282//5609 7253//5609
f 7253//5609 7282//5609 7283//5609
f 7253//5610 7283//5610 7254//5610
f 7254//5610 7283//5610 7284//5610
f 7254//5611 7284//5611 7255//5611
f 7255//5611 7284//5611 7285//5611
f 7255//5612 7285//5612 7256//5612
f 7256//5612 7285//5612 7286//5612
f 7256//5613 7286//5613 7257//5613
f 7257//5613 7286//5613 7287//5613
f 7257//5614 7287//5614 7258//5614
f 7258//5614 7287//5614 7288//5614
f 7258//5615 7288//5615 7259//5615
f 7259//5615 7288//5615 7289//5615
f 7259//5616 7289//5616 7260//5616
f 7260//5616 7289//5616 7290//5616
f 7260//5617 7290//5617 7261//5617
f 7261//5617 7290//5617 7291//5617
f 7261//5618 7291//5618 7262//5618
f 7262//5618 7291//5618 7292//5618
f 7262//5619 7292//5619 7263//5619
f 7263//5619 7292//5619 7293//5619
f 7263//5620 7293//5620 7264//5620
f 7264//5620 7293//5620 7294//5620
f 7264//5621 7294//5621 6925//5621
f 7167//5622 7164//5622 7174//5622
f 7174//5623 7164//5623 7173//5623
f 7174//5624 7173//5624 7295//5624
f 7295//5624 7173//5624 7296//5624
f 7295//5625 7296//5625 7297//5625
f 7297//5625 7296//5625 7298//5625
f 7297//5626 7298//5626 7299//5626
f 7299//5626 7298//5626 7300//5626
f 7299//5627 7300//5627 7301//5627
f 7301//5628 7300//5628 7302//5628
f 7301//5629 7302//5629 7303//5629
f 7303//5629 7302//5629 7304//5629
f 7303//5630 7304//5630 7305//5630
f 7305//5631 7304//5631 7306//5631
f 7305//5632 7306//5632 7307//5632
f 7307//5632 7306//5632 7308//5632
f 7307//5633 7308//5633 7309//5633
f 7309//5633 7308//5633 7310//5633
f 7309//5634 7310//5634 7311//5634
f 7311//5634 7310//5634 7312//5634
f 7311//5635 7312//5635 7313//5635
f 7313//5635 7312//5635 7314//5635
f 7313//5636 7314//5636 7315//5636
f 7315//5636 7314//5636 7316//5636
f 7315//5637 7316//5637 7317//5637
f 7317//5637 7316//5637 7318//5637
f 7317//5638 7318//5638 7319//5638
f 7319//5638 7318//5638 7320//5638
f 7319//5639 7320//5639 7321//5639
f 7321//5639 7320//5639 7322//5639
f 7321//5640 7322//5640 7323//5640
f 7323//5640 7322//5640 7324//5640
f 7323//5641 7324//5641 7325//5641
f 7325//5641 7324//5641 7326//5641
f 7325//5642 7326//5642 7327//5642
f 7327//5642 7326//5642 7328//5642
f 7327//5643 7328//5643 7329//5643
f 7329//5643 7328//5643 7330//5643
f 7329//5644 7330//5644 7331//5644
f 7331//5644 7330//5644 7332//5644
f 7331//5645 7332//5645 7333//5645
f 7333//5646 7332//5646 7334//5646
f 7333//5647 7334//5647 7335//5647
f 7335//5647 7334//5647 7336//5647
f 7335//5648 7336//5648 7337//5648
f 7337//5648 7336//5648 7338//5648
f 7337//5649 7338//5649 7339//5649
f 7339//5649 7338//5649 7340//5649
f 7339//5650 7340//5650 7341//5650
f 7341//5650 7340//5650 7342//5650
f 7341//5651 7342//5651 7343//5651
f 7343//5651 7342//5651 7344//5651
f 7343//5652 7344//5652 7345//5652
f 7345//5652 7344//5652 7346//5652
f 7345//5653 7346//5653 7347//5653
f 7347//5653 7346//5653 7348//5653
f 7347//5654 7348//5654 7349//5654
f 7349//5654 7348//5654 7350//5654
f 7349//5655 7350//5655 7351//5655
f 7351//5655 7350//5655 7352//5655
f 7351//5656 7352//5656 6925//5656
f 6925//5657 7352//5657 6926//5657
f 6926//5658 7352//5658 7350//5658
f 6926//5658 7350//5658 6928//5658
f 6928//5659 7350//5659 7348//5659
f 6928//5659 7348//5659 6930//5659
f 6930//5660 7348//5660 7346//5660
f 6930//5660 7346//5660 6932//5660
f 6932//5661 7346//5661 7344//5661
f 6932//5661 7344//5661 6934//5661
f 6934//5662 7344//5662 7342//5662
f 6934//5662 7342//5662 6936//5662
f 6936//5663 7342//5663 7340//5663
f 6936//5663 7340//5663 6938//5663
f 6938//5664 7340//5664 7338//5664
f 6938//5664 7338//5664 6940//5664
f 6940//5665 7338//5665 7336//5665
f 6940//5665 7336//5665 6942//5665
f 6942//5666 7336//5666 7334//5666
f 6942//5666 7334//5666 6944//5666
f 6944//5667 7334//5667 7332//5667
f 6944//5667 7332//5667 6946//5667
f 6946//5668 7332//5668 7330//5668
f 6946//5668 7330//5668 6948//5668
f 6948//5669 7330//5669 7328//5669
f 6948//5669 7328//5669 6950//5669
f 6950//5670 7328//5670 7326//5670
f 6950//5670 7326//5670 6952//5670
f 6952//5671 7326//5671 7324//5671
f 6952//5671 7324//5671 6954//5671
f 6954//5672 7324//5672 7322//5672
f 6954//5672 7322//5672 6956//5672
f 6956//5673 7322//5673 7320//5673
f 6956//5673 7320//5673 6958//5673
f 6958//5674 7320//5674 7318//5674
f 6958//5674 7318//5674 6960//5674
f 6960//5675 7318//5675 7316//5675
f 6960//5675 7316//5675 6962//5675
f 6962//5676 7316//5676 7314//5676
f 6962//5676 7314//5676 6964//5676
f 6964//5677 7314//5677 7312//5677
f 6964//5677 7312//5677 6966//5677
f 6966//5678 7312//5678 7310//5678
f 6966//5678 7310//5678 6968//5678
f 6968//5679 7310//5679 7308//5679
f 6968//5679 7308//5679 6970//5679
f 6970//5680 7308//5680 7306//5680
f 6970//5680 7306//5680 6972//5680
f 6972//5681 7306//5681 7304//5681
f 6972//5681 7304//5681 6974//5681
f 6974//5682 7304//5682 7302//5682
f 6974//5682 7302//5682 6976//5682
f 6976//5683 7302//5683 7300//5683
f 6976//5684 7300//5684 6978//5684
f 6978//5685 7300//5685 7298//5685
f 6978//5685 7298//5685 6980//5685
f 6980//5686 7298//5686 7296//5686
f 6980//5686 7296//5686 6982//5686
f 6982//5687 7296//5687 7173//5687
f 6982//5687 7173//5687 6984//5687
f 6984//5688 7173//5688 7165//5688
f 6984//5688 7165//5688 6922//5688
f 7169//5589 7166//5589 7265//5589
f 7265//5689 7166//5689 7174//5689
f 7265//5690 7174//5690 7266//5690
f 7266//5690 7174//5690 7295//5690
f 7266//5691 7295//5691 7267//5691
f 7267//5691 7295//5691 7297//5691
f 7267//5692 7297//5692 7268//5692
f 7268//5692 7297//5692 7299//5692
f 7268//5693 7299//5693 7269//5693
f 7269//5694 7299//5694 7301//5694
f 7269//5695 7301//5695 7270//5695
f 7270//5696 7301//5696 7303//5696
f 7270//5697 7303//5697 7271//5697
f 7271//5698 7303//5698 7305//5698
f 7271//5699 7305//5699 7272//5699
f 7272//5699 7305//5699 7307//5699
f 7272//5700 7307//5700 7273//5700
f 7273//5701 7307//5701 7309//5701
f 7273//5702 7309//5702 7274//5702
f 7274//5702 7309//5702 7311//5702
f 7274//5703 7311//5703 7275//5703
f 7275//5703 7311//5703 7313//5703
f 7275//5704 7313//5704 7276//5704
f 7276//5705 7313//5705 7315//5705
f 7276//5706 7315//5706 7277//5706
f 7277//5706 7315//5706 7317//5706
f 7277//5707 7317//5707 7278//5707
f 7278//5707 7317//5707 7319//5707
f 7278//5708 7319//5708 7279//5708
f 7279//5709 7319//5709 7321//5709
f 7279//5710 7321//5710 7280//5710
f 7280//5710 7321//5710 7323//5710
f 7280//5711 7323//5711 7281//5711
f 7281//5711 7323//5711 7325//5711
f 7281//5712 7325//5712 7282//5712
f 7282//5712 7325//5712 7327//5712
f 7282//5713 7327//5713 7283//5713
f 7283//5713 7327//5713 7329//5713
f 7283//5714 7329//5714 7284//5714
f 7284//5714 7329//5714 7331//5714
f 7284//5715 7331//5715 7285//5715
f 7285//5715 7331//5715 7333//5715
f 7285//5716 7333//5716 7286//5716
f 7286//5716 7333//5716 7335//5716
f 7286//5717 7335//5717 7287//5717
f 7287//5717 7335//5717 7337//5717
f 7287//5718 7337//5718 7288//5718
f 7288//5718 7337//5718 7339//5718
f 7288//5719 7339//5719 7289//5719
f 7289//5720 7339//5720 7341//5720
f 7289//5721 7341//5721 7290//5721
f 7290//5721 7341//5721 7343//5721
f 7290//5722 7343//5722 7291//5722
f 7291//5722 7343//5722 7345//5722
f 7291//5723 7345//5723 7292//5723
f 7292//5723 7345//5723 7347//5723
f 7292//5724 7347//5724 7293//5724
f 7293//5724 7347//5724 7349//5724
f 7293//5725 7349//5725 7294//5725
f 7294//5725 7349//5725 7351//5725
f 7294//5726 7351//5726 6925//5726
f 7353//5727 3567//5727 3512//5727
f 7354//5728 3613//5728 3539//5728
f 7355//5729 3580//5729 3536//5729
f 7356//5730 3418//5730 3417//5730
f 7357//5731 3484//5731 3456//5731
f 3467//5732 3429//5732 7358//5732
f 7358//5732 3429//5732 3795//5732
f 7358//5733 3795//5733 7359//5733
f 7359//5734 3795//5734 3813//5734
f 7359//5735 3813//5735 7360//5735
f 7360//5736 3813//5736 3812//5736
f 7360//5737 3812//5737 3390//5737
f 3390//5737 3812//5737 3391//5737
f 3391//5738 3812//5738 7361//5738
f 3391//5738 7361//5738 3478//5738
f 3455//5739 3454//5739 7362//5739
f 3396//5740 3395//5740 3910//5740
f 3910//5740 3395//5740 7363//5740
f 3936//5741 3915//5741 7364//5741
f 7364//5742 3915//5742 3918//5742
f 7364//5743 3918//5743 7363//5743
f 7363//5744 3918//5744 3909//5744
f 7363//5745 3909//5745 3910//5745
f 3519//5746 3518//5746 3792//5746
f 3792//5746 3518//5746 7365//5746
f 3496//5747 3396//5747 7366//5747
f 7366//5747 3396//5747 3910//5747
f 7366//5748 3910//5748 7367//5748
f 7367//5749 3910//5749 3911//5749
f 7367//5750 3911//5750 7365//5750
f 7365//5751 3911//5751 3790//5751
f 7365//5752 3790//5752 3792//5752
f 3523//5753 3519//5753 7368//5753
f 7368//5753 3519//5753 3792//5753
f 7368//5754 3792//5754 7369//5754
f 7369//5755 3792//5755 3891//5755
f 7369//5756 3891//5756 7370//5756
f 7370//5757 3891//5757 3890//5757
f 7370//5758 3890//5758 3416//5758
f 3416//5758 3890//5758 3417//5758
f 3535//5759 3546//5759 7371//5759
f 3417//5730 3890//5730 7356//5730
f 7356//5760 3890//5760 3874//5760
f 7356//5761 3874//5761 7372//5761
f 7372//5762 3874//5762 3872//5762
f 7372//5763 3872//5763 7371//5763
f 7371//5764 3872//5764 3881//5764
f 7371//5759 3881//5759 3535//5759
f 3503//5765 3502//5765 3975//5765
f 3975//5765 3502//5765 7373//5765
f 3975//5766 7373//5766 3974//5766
f 3974//5767 7373//5767 7374//5767
f 3974//5768 7374//5768 3865//5768
f 3865//5769 7374//5769 3857//5769
f 3554//5770 3503//5770 7375//5770
f 7375//5770 3503//5770 3975//5770
f 7375//5771 3975//5771 7376//5771
f 7376//5772 3975//5772 3980//5772
f 7376//5773 3980//5773 7377//5773
f 7377//5774 3980//5774 3955//5774
f 7377//5775 3955//5775 3599//5775
f 3599//5775 3955//5775 3598//5775
f 3601//5776 3598//5776 7378//5776
f 7378//5776 3598//5776 3955//5776
f 7378//5777 3955//5777 7379//5777
f 7379//5778 3955//5778 3950//5778
f 7379//5779 3950//5779 7380//5779
f 7380//5780 3950//5780 3799//5780
f 7380//5781 3799//5781 3538//5781
f 3511//5782 3588//5782 7381//5782
f 3531//5783 3530//5783 3965//5783
f 3965//5783 3530//5783 7382//5783
f 3965//5784 7382//5784 3961//5784
f 3961//5785 7382//5785 7383//5785
f 3961//5786 7383//5786 3841//5786
f 3532//5787 3531//5787 7384//5787
f 7384//5787 3531//5787 3965//5787
f 7384//5788 3965//5788 7385//5788
f 7385//5789 3965//5789 3793//5789
f 7385//5790 3793//5790 7386//5790
f 7386//5791 3793//5791 3795//5791
f 7386//5792 3795//5792 3431//5792
f 3431//5792 3795//5792 3429//5792
f 7374//5793 7355//5793 3857//5793
f 3857//5729 7355//5729 3536//5729
f 3857//5794 3536//5794 3789//5794
f 3789//5795 3536//5795 3535//5795
f 3789//5796 3535//5796 3787//5796
f 3787//5797 3535//5797 3881//5797
f 7364//5798 7357//5798 3936//5798
f 3936//5731 7357//5731 3456//5731
f 3936//5799 3456//5799 3935//5799
f 3935//5800 3456//5800 3455//5800
f 3935//5801 3455//5801 3929//5801
f 3929//5739 3455//5739 7362//5739
f 3929//5802 7362//5802 3930//5802
f 3930//5803 7362//5803 7387//5803
f 3930//5804 7387//5804 3814//5804
f 3814//5805 7387//5805 7361//5805
f 3814//5806 7361//5806 3815//5806
f 3815//5807 7361//5807 3812//5807
f 7383//5808 7353//5808 3841//5808
f 3841//5727 7353//5727 3512//5727
f 3841//5809 3512//5809 3842//5809
f 3842//5810 3512//5810 3511//5810
f 3842//5811 3511//5811 3839//5811
f 3839//5782 3511//5782 7381//5782
f 3839//5812 7381//5812 3830//5812
f 3830//5813 7381//5813 7388//5813
f 3830//5814 7388//5814 3801//5814
f 3801//5815 7388//5815 7354//5815
f 3801//5816 7354//5816 3799//5816
f 3799//5728 7354//5728 3539//5728
f 3799//5781 3539//5781 3538//5781
f 3958//5817 7389//5817 3959//5817
f 3959//5817 7389//5817 7390//5817
f 3959//5818 7390//5818 3963//5818
f 3963//5818 7390//5818 7391//5818
f 3963//5819 7391//5819 3962//5819
f 3962//5819 7391//5819 7392//5819
f 3962//5820 7392//5820 3960//5820
f 3960//5820 7392//5820 7393//5820
f 3960//5821 7393//5821 3966//5821
f 3966//5821 7393//5821 7394//5821
f 3966//5822 7394//5822 3796//5822
f 3796//5822 7394//5822 7395//5822
f 3796//5823 7395//5823 3797//5823
f 3797//5823 7395//5823 7396//5823
f 3797//5824 7396//5824 3828//5824
f 3828//5824 7396//5824 7397//5824
f 3828//5825 7397//5825 3829//5825
f 3829//5825 7397//5825 7398//5825
f 3829//5826 7398//5826 3833//5826
f 3833//5826 7398//5826 7399//5826
f 3833//5827 7399//5827 3957//5827
f 3957//5827 7399//5827 7400//5827
f 3957//5828 7400//5828 3958//5828
f 3958//5828 7400//5828 7389//5828
f 7401//5829 3516//5829 7402//5829
f 7402//5829 3516//5829 3515//5829
f 7402//5830 3515//5830 7403//5830
f 7403//5830 3515//5830 3514//5830
f 7403//5831 3514//5831 7404//5831
f 7404//5831 3514//5831 3513//5831
f 7404//5826 3513//5826 7405//5826
f 7405//5826 3513//5826 3444//5826
f 7405//5832 3444//5832 7406//5832
f 7406//5832 3444//5832 3443//5832
f 7406//5833 3443//5833 7407//5833
f 7407//5833 3443//5833 3590//5833
f 7407//5834 3590//5834 7408//5834
f 7408//5834 3590//5834 3591//5834
f 7389//1 7400//1 7406//1
f 7406//1 7400//1 7405//1
f 7405//1 7400//1 7399//1
f 7405//1 7399//1 7404//1
f 7404//1 7399//1 7398//1
f 7404//1 7398//1 7403//1
f 7403//1 7398//1 7397//1
f 7403//1 7397//1 7402//1
f 7402//1 7397//1 7396//1
f 7402//1 7396//1 7401//1
f 7401//1 7396//1 7395//1
f 7401//1 7395//1 7409//1
f 7392//1 7391//1 7410//1
f 7409//1 7395//1 7411//1
f 7411//1 7395//1 7394//1
f 7411//1 7394//1 7412//1
f 7412//1 7394//1 7383//1
f 7412//1 7383//1 7382//1
f 7394//1 7393//1 7383//1
f 7383//1 7393//1 7392//1
f 7383//1 7392//1 7353//1
f 7353//1 7392//1 7410//1
f 7406//1 7407//1 7389//1
f 7389//1 7407//1 7408//1
f 7389//1 7408//1 7390//1
f 7390//1 7408//1 7413//1
f 7390//1 7413//1 7391//1
f 7391//1 7413//1 7414//1
f 7391//1 7414//1 7410//1
f 3516//5835 7401//5835 7409//5835
f 3516//5836 7409//5836 3553//5836
f 3553//5837 7409//5837 7411//5837
f 3553//5837 7411//5837 3552//5837
f 3552//5838 7411//5838 7412//5838
f 3552//5838 7412//5838 3551//5838
f 3551//5839 7412//5839 7382//5839
f 3551//5839 7382//5839 3530//5839
f 7408//5840 3591//5840 3592//5840
f 7408//5840 3592//5840 7413//5840
f 7413//5841 3592//5841 3569//5841
f 7413//5841 3569//5841 7414//5841
f 7414//5842 3569//5842 3568//5842
f 7414//5842 3568//5842 7410//5842
f 7410//5843 3568//5843 3567//5843
f 7410//5843 3567//5843 7353//5843
f 3817//5827 7415//5827 3818//5827
f 3818//5827 7415//5827 7416//5827
f 3818//5828 7416//5828 3819//5828
f 3819//5828 7416//5828 7417//5828
f 3819//5817 7417//5817 3820//5817
f 3820//5817 7417//5817 7418//5817
f 3820//5818 7418//5818 3811//5818
f 3811//5818 7418//5818 7419//5818
f 3811//5819 7419//5819 3821//5819
f 3821//5819 7419//5819 7420//5819
f 3821//5820 7420//5820 3822//5820
f 3822//5820 7420//5820 7421//5820
f 3822//5821 7421//5821 3823//5821
f 3823//5821 7421//5821 7422//5821
f 3823//5822 7422//5822 3824//5822
f 3824//5822 7422//5822 7423//5822
f 3824//5823 7423//5823 3809//5823
f 3809//5823 7423//5823 7424//5823
f 3809//5824 7424//5824 3810//5824
f 3810//5824 7424//5824 7425//5824
f 3810//5825 7425//5825 3816//5825
f 3816//5825 7425//5825 7426//5825
f 3816//5826 7426//5826 3817//5826
f 3817//5826 7426//5826 7415//5826
f 7427//5844 3407//5844 7428//5844
f 7428//5844 3407//5844 3406//5844
f 7428//5845 3406//5845 7429//5845
f 7429//5845 3406//5845 3405//5845
f 7429//5846 3405//5846 7430//5846
f 7430//5846 3405//5846 3374//5846
f 7430//5824 3374//5824 7431//5824
f 7431//5824 3374//5824 3373//5824
f 7431//5847 3373//5847 7432//5847
f 7432//5847 3373//5847 3470//5847
f 7432//5848 3470//5848 7433//5848
f 7433//5848 3470//5848 3472//5848
f 7433//5849 3472//5849 7434//5849
f 7434//5849 3472//5849 3473//5849
f 3407//5850 7427//5850 7435//5850
f 3407//5850 7435//5850 3477//5850
f 3477//5851 7435//5851 7436//5851
f 3477//5851 7436//5851 3476//5851
f 3476//5852 7436//5852 7437//5852
f 3476//5852 7437//5852 3475//5852
f 3475//5853 7437//5853 7360//5853
f 3475//5853 7360//5853 3390//5853
f 7419//1 7418//1 7359//1
f 7421//1 7427//1 7422//1
f 7422//1 7427//1 7428//1
f 7422//1 7428//1 7423//1
f 7423//1 7428//1 7429//1
f 7423//1 7429//1 7424//1
f 7424//1 7429//1 7430//1
f 7424//1 7430//1 7425//1
f 7425//1 7430//1 7431//1
f 7425//1 7431//1 7426//1
f 7426//1 7431//1 7432//1
f 7426//1 7432//1 7415//1
f 7418//1 7417//1 7359//1
f 7359//1 7417//1 7438//1
f 7359//1 7438//1 7358//1
f 7432//1 7433//1 7415//1
f 7415//1 7433//1 7434//1
f 7415//1 7434//1 7416//1
f 7416//1 7434//1 7439//1
f 7416//1 7439//1 7417//1
f 7417//1 7439//1 7440//1
f 7417//1 7440//1 7438//1
f 7359//1 7360//1 7419//1
f 7419//1 7360//1 7437//1
f 7419//1 7437//1 7420//1
f 7420//1 7437//1 7436//1
f 7420//1 7436//1 7421//1
f 7421//1 7436//1 7435//1
f 7421//1 7435//1 7427//1
f 7434//5854 3473//5854 3474//5854
f 7434//5854 3474//5854 7439//5854
f 7439//5855 3474//5855 3469//5855
f 7439//5855 3469//5855 7440//5855
f 7440//5856 3469//5856 3468//5856
f 7440//5856 3468//5856 7438//5856
f 7438//5857 3468//5857 3467//5857
f 7438//5857 3467//5857 7358//5857
f 3944//5826 7441//5826 3940//5826
f 3940//5826 7441//5826 7442//5826
f 3940//5827 7442//5827 3941//5827
f 3941//5827 7442//5827 7443//5827
f 3941//5828 7443//5828 3942//5828
f 3942//5828 7443//5828 7444//5828
f 3942//5817 7444//5817 3928//5817
f 3928//5817 7444//5817 7445//5817
f 3928//5818 7445//5818 3934//5818
f 3934//5818 7445//5818 7446//5818
f 3934//5819 7446//5819 3933//5819
f 3933//5819 7446//5819 7447//5819
f 3933//5820 7447//5820 3932//5820
f 3932//5820 7447//5820 7448//5820
f 3932//5821 7448//5821 3931//5821
f 3931//5821 7448//5821 7449//5821
f 3931//5822 7449//5822 3938//5822
f 3938//5822 7449//5822 7450//5822
f 3938//5823 7450//5823 3939//5823
f 3939//5823 7450//5823 7451//5823
f 3939//5824 7451//5824 3943//5824
f 3943//5824 7451//5824 7452//5824
f 3943//5825 7452//5825 3944//5825
f 3944//5825 7452//5825 7441//5825
f 7453//5858 3434//5858 7454//5858
f 7454//5858 3434//5858 3433//5858
f 7454//5850 3433//5850 7455//5850
f 7455//5850 3433//5850 3432//5850
f 7455//5859 3432//5859 7456//5859
f 7456//5859 3432//5859 3379//5859
f 7456//5823 3379//5823 7457//5823
f 7457//5823 3379//5823 3408//5823
f 7457//5860 3408//5860 7458//5860
f 7458//5860 3408//5860 3393//5860
f 7458//5861 3393//5861 7459//5861
f 7459//5861 3393//5861 3392//5861
f 7459//5862 3392//5862 7460//5862
f 7460//5862 3392//5862 3482//5862
f 3434//5863 7453//5863 7461//5863
f 3434//5863 7461//5863 3533//5863
f 3533//5864 7461//5864 7462//5864
f 3533//5864 7462//5864 3534//5864
f 3534//5865 7462//5865 7463//5865
f 3534//5865 7463//5865 3453//5865
f 3453//5866 7463//5866 7362//5866
f 3453//5866 7362//5866 3454//5866
f 7444//1 7443//1 7387//1
f 7447//1 7453//1 7448//1
f 7448//1 7453//1 7454//1
f 7448//1 7454//1 7449//1
f 7449//1 7454//1 7455//1
f 7449//1 7455//1 7450//1
f 7450//1 7455//1 7456//1
f 7450//1 7456//1 7451//1
f 7451//1 7456//1 7457//1
f 7451//1 7457//1 7452//1
f 7452//1 7457//1 7458//1
f 7452//1 7458//1 7441//1
f 7444//1 7387//1 7445//1
f 7387//1 7362//1 7445//1
f 7445//1 7362//1 7463//1
f 7445//1 7463//1 7446//1
f 7446//1 7463//1 7462//1
f 7446//1 7462//1 7447//1
f 7447//1 7462//1 7461//1
f 7447//1 7461//1 7453//1
f 7458//1 7459//1 7441//1
f 7441//1 7459//1 7460//1
f 7441//1 7460//1 7442//1
f 7442//1 7460//1 7464//1
f 7442//1 7464//1 7443//1
f 7443//1 7464//1 7465//1
f 7443//1 7465//1 7387//1
f 7387//1 7465//1 7466//1
f 7387//1 7466//1 7361//1
f 7460//5848 3482//5848 3483//5848
f 7460//5848 3483//5848 7464//5848
f 7464//5867 3483//5867 3480//5867
f 7464//5867 3480//5867 7465//5867
f 7465//5868 3480//5868 3479//5868
f 7465//5868 3479//5868 7466//5868
f 7466//5869 3479//5869 3478//5869
f 7466//5869 3478//5869 7361//5869
f 3920//5825 7467//5825 3923//5825
f 3923//5825 7467//5825 7468//5825
f 3923//5826 7468//5826 3924//5826
f 3924//5826 7468//5826 7469//5826
f 3924//5827 7469//5827 3925//5827
f 3925//5827 7469//5827 7470//5827
f 3925//5828 7470//5828 3937//5828
f 3937//5828 7470//5828 7471//5828
f 3937//5817 7471//5817 3916//5817
f 3916//5817 7471//5817 7472//5817
f 3916//5818 7472//5818 3917//5818
f 3917//5818 7472//5818 7473//5818
f 3917//5819 7473//5819 3926//5819
f 3926//5819 7473//5819 7474//5819
f 3926//5820 7474//5820 3927//5820
f 3927//5820 7474//5820 7475//5820
f 3927//5821 7475//5821 3919//5821
f 3919//5821 7475//5821 7476//5821
f 3919//5822 7476//5822 3922//5822
f 3922//5822 7476//5822 7477//5822
f 3922//5823 7477//5823 3921//5823
f 3921//5823 7477//5823 7478//5823
f 3921//5824 7478//5824 3920//5824
f 3920//5824 7478//5824 7467//5824
f 7479//5870 3412//5870 7480//5870
f 7480//5870 3412//5870 3411//5870
f 7480//5871 3411//5871 7481//5871
f 7481//5871 3411//5871 3410//5871
f 7481//5872 3410//5872 7482//5872
f 7482//5872 3410//5872 3409//5872
f 7482//5822 3409//5822 7483//5822
f 7483//5822 3409//5822 3382//5822
f 7483//5873 3382//5873 7484//5873
f 7484//5873 3382//5873 3381//5873
f 7484//5874 3381//5874 7485//5874
f 7485//5874 3381//5874 3487//5874
f 7485//5875 3487//5875 7486//5875
f 7486//5875 3487//5875 3488//5875
f 3412//5876 7479//5876 7487//5876
f 3412//5876 7487//5876 3492//5876
f 3492//5877 7487//5877 7488//5877
f 3492//5877 7488//5877 3491//5877
f 3491//5878 7488//5878 7489//5878
f 3491//5878 7489//5878 3490//5878
f 3490//5879 7489//5879 7363//5879
f 3490//5880 7363//5880 3395//5880
f 7467//1 7485//1 7486//1
f 7472//1 7471//1 7364//1
f 7364//1 7471//1 7470//1
f 7469//1 7490//1 7470//1
f 7470//1 7490//1 7357//1
f 7470//1 7357//1 7364//1
f 7467//1 7486//1 7468//1
f 7468//1 7486//1 7491//1
f 7468//1 7491//1 7469//1
f 7469//1 7491//1 7492//1
f 7469//1 7492//1 7490//1
f 7485//1 7467//1 7484//1
f 7484//1 7467//1 7478//1
f 7484//1 7478//1 7483//1
f 7483//1 7478//1 7477//1
f 7483//1 7477//1 7482//1
f 7482//1 7477//1 7476//1
f 7482//1 7476//1 7481//1
f 7481//1 7476//1 7475//1
f 7481//1 7475//1 7480//1
f 7480//1 7475//1 7474//1
f 7480//1 7474//1 7479//1
f 7479//1 7474//1 7473//1
f 7479//1 7473//1 7487//1
f 7487//1 7473//1 7488//1
f 7488//1 7473//1 7472//1
f 7488//1 7472//1 7489//1
f 7489//1 7472//1 7364//1
f 7489//1 7364//1 7363//1
f 7486//5881 3488//5881 3489//5881
f 7486//5881 3489//5881 7491//5881
f 7491//5882 3489//5882 3486//5882
f 7491//5883 3486//5883 7492//5883
f 7492//5884 3486//5884 3485//5884
f 7492//5884 3485//5884 7490//5884
f 7490//5885 3485//5885 3484//5885
f 7490//5885 3484//5885 7357//5885
f 3902//5824 7493//5824 3906//5824
f 3906//5824 7493//5824 7494//5824
f 3906//5825 7494//5825 3907//5825
f 3907//5825 7494//5825 7495//5825
f 3907//5826 7495//5826 3908//5826
f 3908//5826 7495//5826 7496//5826
f 3908//5827 7496//5827 3912//5827
f 3912//5827 7496//5827 7497//5827
f 3912//5828 7497//5828 3913//5828
f 3913//5828 7497//5828 7498//5828
f 3913//5817 7498//5817 3914//5817
f 3914//5817 7498//5817 7499//5817
f 3914//5818 7499//5818 3905//5818
f 3905//5818 7499//5818 7500//5818
f 3905//5819 7500//5819 3900//5819
f 3900//5819 7500//5819 7501//5819
f 3900//5820 7501//5820 3901//5820
f 3901//5820 7501//5820 7502//5820
f 3901//5821 7502//5821 3904//5821
f 3904//5821 7502//5821 7503//5821
f 3904//5822 7503//5822 3903//5822
f 3903//5822 7503//5822 7504//5822
f 3903//5823 7504//5823 3902//5823
f 3902//5823 7504//5823 7493//5823
f 7505//5886 3442//5886 7506//5886
f 7506//5886 3442//5886 3441//5886
f 7506//5887 3441//5887 7507//5887
f 7507//5887 3441//5887 3440//5887
f 7507//5888 3440//5888 7508//5888
f 7508//5888 3440//5888 3438//5888
f 7508//5821 3438//5821 7509//5821
f 7509//5821 3438//5821 3437//5821
f 7509//5889 3437//5889 7510//5889
f 7510//5889 3437//5889 3385//5889
f 7510//5890 3385//5890 7511//5890
f 7511//5890 3385//5890 3436//5890
f 7511//5891 3436//5891 7512//5891
f 7512//5891 3436//5891 3435//5891
f 3442//5892 7505//5892 7513//5892
f 3442//5892 7513//5892 3497//5892
f 3497//5893 7513//5893 7514//5893
f 3497//5893 7514//5893 3498//5893
f 3498//5894 7514//5894 7515//5894
f 3498//5894 7515//5894 3517//5894
f 3517//5895 7515//5895 7365//5895
f 3517//5895 7365//5895 3518//5895
f 7496//1 7495//1 7516//1
f 7493//1 7512//1 7494//1
f 7494//1 7512//1 7517//1
f 7494//1 7517//1 7495//1
f 7495//1 7517//1 7518//1
f 7495//1 7518//1 7516//1
f 7367//1 7365//1 7515//1
f 7516//1 7366//1 7496//1
f 7496//1 7366//1 7367//1
f 7496//1 7367//1 7497//1
f 7497//1 7367//1 7515//1
f 7497//1 7515//1 7498//1
f 7498//1 7515//1 7514//1
f 7498//1 7514//1 7499//1
f 7514//1 7513//1 7499//1
f 7499//1 7513//1 7505//1
f 7499//1 7505//1 7500//1
f 7500//1 7505//1 7506//1
f 7500//1 7506//1 7501//1
f 7501//1 7506//1 7507//1
f 7501//1 7507//1 7502//1
f 7502//1 7507//1 7508//1
f 7502//1 7508//1 7503//1
f 7503//1 7508//1 7509//1
f 7503//1 7509//1 7504//1
f 7504//1 7509//1 7510//1
f 7504//1 7510//1 7493//1
f 7493//1 7510//1 7511//1
f 7493//1 7511//1 7512//1
f 7512//5874 3435//5874 3494//5874
f 7512//5874 3494//5874 7517//5874
f 7517//5896 3494//5896 3493//5896
f 7517//5896 3493//5896 7518//5896
f 7518//5897 3493//5897 3495//5897
f 7518//5897 3495//5897 7516//5897
f 7516//5898 3495//5898 3496//5898
f 7516//5898 3496//5898 7366//5898
f 3887//5823 7519//5823 3888//5823
f 3888//5823 7519//5823 7520//5823
f 3888//5824 7520//5824 3892//5824
f 3892//5824 7520//5824 7521//5824
f 3892//5825 7521//5825 3893//5825
f 3893//5825 7521//5825 7522//5825
f 3893//5826 7522//5826 3889//5826
f 3889//5826 7522//5826 7523//5826
f 3889//5827 7523//5827 3895//5827
f 3895//5827 7523//5827 7524//5827
f 3895//5828 7524//5828 3894//5828
f 3894//5828 7524//5828 7525//5828
f 3894//5817 7525//5817 3896//5817
f 3896//5817 7525//5817 7526//5817
f 3896//5818 7526//5818 3897//5818
f 3897//5818 7526//5818 7527//5818
f 3897//5819 7527//5819 3898//5819
f 3898//5819 7527//5819 7528//5819
f 3898//5820 7528//5820 3899//5820
f 3899//5820 7528//5820 7529//5820
f 3899//5821 7529//5821 3886//5821
f 3886//5821 7529//5821 7530//5821
f 3886//5822 7530//5822 3887//5822
f 3887//5822 7530//5822 7519//5822
f 7531//5899 3404//5899 7532//5899
f 7532//5899 3404//5899 3403//5899
f 7532//5892 3403//5892 7533//5892
f 7533//5892 3403//5892 3401//5892
f 7533//5900 3401//5900 7534//5900
f 7534//5900 3401//5900 3415//5900
f 7534//5820 3415//5820 7535//5820
f 7535//5820 3415//5820 3414//5820
f 7535//5901 3414//5901 7536//5901
f 7536//5901 3414//5901 3413//5901
f 7536//5902 3413//5902 7537//5902
f 7537//5902 3413//5902 3398//5902
f 7537//5903 3398//5903 7538//5903
f 7538//5903 3398//5903 3397//5903
f 3404//5904 7531//5904 7539//5904
f 3404//5905 7539//5905 3459//5905
f 3459//5906 7539//5906 7540//5906
f 3459//5906 7540//5906 3458//5906
f 3458//5907 7540//5907 7541//5907
f 3458//5907 7541//5907 3457//5907
f 3457//5908 7541//5908 7370//5908
f 3457//5908 7370//5908 3416//5908
f 7523//1 7522//1 7369//1
f 7522//1 7521//1 7369//1
f 7369//1 7521//1 7542//1
f 7369//1 7542//1 7368//1
f 7519//1 7538//1 7520//1
f 7520//1 7538//1 7543//1
f 7520//1 7543//1 7521//1
f 7521//1 7543//1 7544//1
f 7521//1 7544//1 7542//1
f 7525//1 7531//1 7526//1
f 7526//1 7531//1 7532//1
f 7526//1 7532//1 7527//1
f 7527//1 7532//1 7533//1
f 7527//1 7533//1 7528//1
f 7528//1 7533//1 7534//1
f 7528//1 7534//1 7529//1
f 7529//1 7534//1 7535//1
f 7529//1 7535//1 7530//1
f 7530//1 7535//1 7536//1
f 7530//1 7536//1 7519//1
f 7519//1 7536//1 7537//1
f 7519//1 7537//1 7538//1
f 7369//1 7370//1 7523//1
f 7523//1 7370//1 7541//1
f 7523//1 7541//1 7524//1
f 7524//1 7541//1 7540//1
f 7524//1 7540//1 7525//1
f 7525//1 7540//1 7539//1
f 7525//1 7539//1 7531//1
f 7538//5890 3397//5890 3521//5890
f 7538//5890 3521//5890 7543//5890
f 7543//5909 3521//5909 3520//5909
f 7543//5909 3520//5909 7544//5909
f 7544//5910 3520//5910 3522//5910
f 7544//5910 3522//5910 7542//5910
f 7542//5911 3522//5911 3523//5911
f 7542//5911 3523//5911 7368//5911
f 3875//5822 7545//5822 3873//5822
f 3873//5822 7545//5822 7546//5822
f 3873//5823 7546//5823 3871//5823
f 3871//5823 7546//5823 7547//5823
f 3871//5824 7547//5824 3879//5824
f 3879//5824 7547//5824 7548//5824
f 3879//5825 7548//5825 3880//5825
f 3880//5825 7548//5825 7549//5825
f 3880//5826 7549//5826 3882//5826
f 3882//5826 7549//5826 7550//5826
f 3882//5827 7550//5827 3883//5827
f 3883//5827 7550//5827 7551//5827
f 3883//5828 7551//5828 3884//5828
f 3884//5828 7551//5828 7552//5828
f 3884//5817 7552//5817 3885//5817
f 3885//5817 7552//5817 7553//5817
f 3885//5818 7553//5818 3876//5818
f 3876//5818 7553//5818 7554//5818
f 3876//5819 7554//5819 3877//5819
f 3877//5819 7554//5819 7555//5819
f 3877//5820 7555//5820 3878//5820
f 3878//5820 7555//5820 7556//5820
f 3878//5821 7556//5821 3875//5821
f 3875//5821 7556//5821 7545//5821
f 7557//5912 3545//5912 7558//5912
f 7558//5912 3545//5912 3544//5912
f 7558//5913 3544//5913 7559//5913
f 7559//5913 3544//5913 3543//5913
f 7559//5914 3543//5914 7560//5914
f 7560//5914 3543//5914 3425//5914
f 7560//5819 3425//5819 7561//5819
f 7561//5819 3425//5819 3423//5819
f 7561//5915 3423//5915 7562//5915
f 7562//5915 3423//5915 3421//5915
f 7562//5916 3421//5916 7563//5916
f 7563//5916 3421//5916 3420//5916
f 7563//5917 3420//5917 7564//5917
f 7564//5917 3420//5917 3419//5917
f 3545//5918 7557//5918 7565//5918
f 3545//5919 7565//5919 3573//5919
f 3573//5920 7565//5920 7566//5920
f 3573//5920 7566//5920 3574//5920
f 3574//5921 7566//5921 7567//5921
f 3574//5921 7567//5921 3575//5921
f 3575//5922 7567//5922 7371//5922
f 3575//5922 7371//5922 3546//5922
f 7549//1 7548//1 7372//1
f 7372//1 7548//1 7547//1
f 7551//1 7557//1 7552//1
f 7552//1 7557//1 7558//1
f 7552//1 7558//1 7553//1
f 7553//1 7558//1 7559//1
f 7553//1 7559//1 7554//1
f 7554//1 7559//1 7560//1
f 7554//1 7560//1 7555//1
f 7555//1 7560//1 7561//1
f 7555//1 7561//1 7556//1
f 7556//1 7561//1 7562//1
f 7556//1 7562//1 7545//1
f 7372//1 7371//1 7549//1
f 7549//1 7371//1 7567//1
f 7549//1 7567//1 7550//1
f 7550//1 7567//1 7566//1
f 7550//1 7566//1 7551//1
f 7551//1 7566//1 7565//1
f 7551//1 7565//1 7557//1
f 7562//1 7563//1 7545//1
f 7545//1 7563//1 7564//1
f 7545//1 7564//1 7546//1
f 7546//1 7564//1 7568//1
f 7546//1 7568//1 7547//1
f 7547//1 7568//1 7569//1
f 7547//1 7569//1 7372//1
f 7372//1 7569//1 7570//1
f 7372//1 7570//1 7356//1
f 7564//5923 3419//5923 3499//5923
f 7564//5923 3499//5923 7568//5923
f 7568//5924 3499//5924 3500//5924
f 7568//5924 3500//5924 7569//5924
f 7569//5925 3500//5925 3501//5925
f 7569//5925 3501//5925 7570//5925
f 7570//5926 3501//5926 3418//5926
f 7570//5926 3418//5926 7356//5926
f 3862//5821 7571//5821 3863//5821
f 3863//5821 7571//5821 7572//5821
f 3863//5822 7572//5822 3867//5822
f 3867//5822 7572//5822 7573//5822
f 3867//5823 7573//5823 3866//5823
f 3866//5823 7573//5823 7574//5823
f 3866//5824 7574//5824 3864//5824
f 3864//5824 7574//5824 7575//5824
f 3864//5825 7575//5825 3973//5825
f 3973//5825 7575//5825 7576//5825
f 3973//5826 7576//5826 3869//5826
f 3869//5826 7576//5826 7577//5826
f 3869//5827 7577//5827 3870//5827
f 3870//5827 7577//5827 7578//5827
f 3870//5828 7578//5828 3858//5828
f 3858//5828 7578//5828 7579//5828
f 3858//5817 7579//5817 3859//5817
f 3859//5817 7579//5817 7580//5817
f 3859//5818 7580//5818 3860//5818
f 3860//5818 7580//5818 7581//5818
f 3860//5819 7581//5819 3861//5819
f 3861//5819 7581//5819 7582//5819
f 3861//5820 7582//5820 3862//5820
f 3862//5820 7582//5820 7571//5820
f 7583//5927 3527//5927 7584//5927
f 7584//5927 3527//5927 3526//5927
f 7584//5928 3526//5928 7585//5928
f 7585//5928 3526//5928 3525//5928
f 7585//5929 3525//5929 7586//5929
f 7586//5929 3525//5929 3427//5929
f 7586//5818 3427//5818 7587//5818
f 7587//5818 3427//5818 3426//5818
f 7587//5930 3426//5930 7588//5930
f 7588//5930 3426//5930 3576//5930
f 7588//5931 3576//5931 7589//5931
f 7589//5931 3576//5931 3578//5931
f 7589//5932 3578//5932 7590//5932
f 7590//5932 3578//5932 3579//5932
f 3527//5933 7583//5933 7591//5933
f 3527//5933 7591//5933 3581//5933
f 3581//5934 7591//5934 7592//5934
f 3581//5934 7592//5934 3582//5934
f 3582//5935 7592//5935 7593//5935
f 3582//5935 7593//5935 3537//5935
f 3537//5936 7593//5936 7373//5936
f 3537//5936 7373//5936 3502//5936
f 7576//1 7575//1 7374//1
f 7374//1 7575//1 7574//1
f 7573//1 7594//1 7574//1
f 7574//1 7594//1 7355//1
f 7574//1 7355//1 7374//1
f 7571//1 7589//1 7590//1
f 7571//1 7590//1 7572//1
f 7572//1 7590//1 7595//1
f 7572//1 7595//1 7573//1
f 7573//1 7595//1 7596//1
f 7573//1 7596//1 7594//1
f 7589//1 7571//1 7588//1
f 7588//1 7571//1 7582//1
f 7588//1 7582//1 7587//1
f 7587//1 7582//1 7581//1
f 7587//1 7581//1 7586//1
f 7586//1 7581//1 7580//1
f 7586//1 7580//1 7585//1
f 7585//1 7580//1 7579//1
f 7585//1 7579//1 7584//1
f 7584//1 7579//1 7578//1
f 7584//1 7578//1 7583//1
f 7583//1 7578//1 7577//1
f 7583//1 7577//1 7591//1
f 7591//1 7577//1 7592//1
f 7592//1 7577//1 7576//1
f 7592//1 7576//1 7593//1
f 7593//1 7576//1 7374//1
f 7593//1 7374//1 7373//1
f 7590//5916 3579//5916 3595//5916
f 7590//5916 3595//5916 7595//5916
f 7595//5937 3595//5937 3594//5937
f 7595//5937 3594//5937 7596//5937
f 7596//5938 3594//5938 3593//5938
f 7596//5938 3593//5938 7594//5938
f 7594//5939 3593//5939 3580//5939
f 7594//5939 3580//5939 7355//5939
f 3977//5820 7597//5820 3976//5820
f 3976//5820 7597//5820 7598//5820
f 3976//5821 7598//5821 3978//5821
f 3978//5821 7598//5821 7599//5821
f 3978//5822 7599//5822 3979//5822
f 3979//5822 7599//5822 7600//5822
f 3979//5823 7600//5823 3981//5823
f 3981//5823 7600//5823 7601//5823
f 3981//5824 7601//5824 3982//5824
f 3982//5824 7601//5824 7602//5824
f 3982//5825 7602//5825 3983//5825
f 3983//5825 7602//5825 7603//5825
f 3983//5826 7603//5826 3852//5826
f 3852//5826 7603//5826 7604//5826
f 3852//5827 7604//5827 3853//5827
f 3853//5827 7604//5827 7605//5827
f 3853//5828 7605//5828 3854//5828
f 3854//5828 7605//5828 7606//5828
f 3854//5817 7606//5817 3855//5817
f 3855//5817 7606//5817 7607//5817
f 3855//5818 7607//5818 3856//5818
f 3856//5818 7607//5818 7608//5818
f 3856//5819 7608//5819 3977//5819
f 3977//5819 7608//5819 7597//5819
f 7609//5940 3583//5940 7610//5940
f 7610//5940 3583//5940 3597//5940
f 7610//5933 3597//5933 7611//5933
f 7611//5933 3597//5933 3596//5933
f 7611//5941 3596//5941 7612//5941
f 7612//5941 3596//5941 3462//5941
f 7612//5817 3462//5817 7613//5817
f 7613//5817 3462//5817 3461//5817
f 7613//5942 3461//5942 7614//5942
f 7614//5942 3461//5942 3557//5942
f 7614//5943 3557//5943 7615//5943
f 7615//5943 3557//5943 3559//5943
f 7615//5944 3559//5944 7616//5944
f 7616//5944 3559//5944 3560//5944
f 3583//5945 7609//5945 7617//5945
f 3583//5945 7617//5945 3584//5945
f 3584//5946 7617//5946 7618//5946
f 3584//5946 7618//5946 3585//5946
f 3585//5947 7618//5947 7619//5947
f 3585//5947 7619//5947 3600//5947
f 3600//5948 7619//5948 7377//5948
f 3600//5948 7377//5948 3599//5948
f 7376//1 7377//1 7619//1
f 7600//1 7376//1 7601//1
f 7601//1 7376//1 7619//1
f 7601//1 7619//1 7602//1
f 7602//1 7619//1 7618//1
f 7602//1 7618//1 7603//1
f 7599//1 7620//1 7600//1
f 7600//1 7620//1 7375//1
f 7600//1 7375//1 7376//1
f 7597//1 7616//1 7598//1
f 7598//1 7616//1 7621//1
f 7598//1 7621//1 7599//1
f 7599//1 7621//1 7622//1
f 7599//1 7622//1 7620//1
f 7618//1 7617//1 7603//1
f 7603//1 7617//1 7609//1
f 7603//1 7609//1 7604//1
f 7604//1 7609//1 7610//1
f 7604//1 7610//1 7605//1
f 7605//1 7610//1 7611//1
f 7605//1 7611//1 7606//1
f 7606//1 7611//1 7612//1
f 7606//1 7612//1 7607//1
f 7607//1 7612//1 7613//1
f 7607//1 7613//1 7608//1
f 7608//1 7613//1 7614//1
f 7608//1 7614//1 7597//1
f 7597//1 7614//1 7615//1
f 7597//1 7615//1 7616//1
f 7616//5931 3560//5931 3561//5931
f 7616//5931 3561//5931 7621//5931
f 7621//5949 3561//5949 3556//5949
f 7621//5949 3556//5949 7622//5949
f 7622//5950 3556//5950 3555//5950
f 7622//5950 3555//5950 7620//5950
f 7620//5951 3555//5951 3554//5951
f 7620//5951 3554//5951 7375//5951
f 3850//5819 7623//5819 3956//5819
f 3956//5819 7623//5819 7624//5819
f 3956//5820 7624//5820 3954//5820
f 3954//5820 7624//5820 7625//5820
f 3954//5821 7625//5821 3952//5821
f 3952//5821 7625//5821 7626//5821
f 3952//5822 7626//5822 3951//5822
f 3951//5822 7626//5822 7627//5822
f 3951//5823 7627//5823 3953//5823
f 3953//5823 7627//5823 7628//5823
f 3953//5824 7628//5824 3945//5824
f 3945//5824 7628//5824 7629//5824
f 3945//5825 7629//5825 3946//5825
f 3946//5825 7629//5825 7630//5825
f 3946//5826 7630//5826 3947//5826
f 3947//5826 7630//5826 7631//5826
f 3947//5827 7631//5827 3948//5827
f 3948//5827 7631//5827 7632//5827
f 3948//5828 7632//5828 3949//5828
f 3949//5828 7632//5828 7633//5828
f 3949//5817 7633//5817 3849//5817
f 3849//5817 7633//5817 7634//5817
f 3849//5818 7634//5818 3850//5818
f 3850//5818 7634//5818 7623//5818
f 7635//5952 3550//5952 7636//5952
f 7636//5952 3550//5952 3549//5952
f 7636//5953 3549//5953 7637//5953
f 7637//5953 3549//5953 3548//5953
f 7637//5954 3548//5954 7638//5954
f 7638//5954 3548//5954 3547//5954
f 7638//5828 3547//5828 7639//5828
f 7639//5828 3547//5828 3507//5828
f 7639//5955 3507//5955 7640//5955
f 7640//5955 3507//5955 3506//5955
f 7640//5956 3506//5956 7641//5956
f 7641//5956 3506//5956 3604//5956
f 7641//5957 3604//5957 7642//5957
f 7642//5957 3604//5957 3605//5957
f 3550//5958 7635//5958 7643//5958
f 3550//5958 7643//5958 3609//5958
f 3609//5959 7643//5959 7644//5959
f 3609//5959 7644//5959 3608//5959
f 3608//5960 7644//5960 7645//5960
f 3608//5960 7645//5960 3607//5960
f 3607//5961 7645//5961 7380//5961
f 3607//5962 7380//5962 3538//5962
f 7627//1 7626//1 7379//1
f 7379//1 7380//1 7627//1
f 7627//1 7380//1 7645//1
f 7627//1 7645//1 7628//1
f 7628//1 7645//1 7644//1
f 7628//1 7644//1 7629//1
f 7626//1 7625//1 7379//1
f 7379//1 7625//1 7646//1
f 7379//1 7646//1 7378//1
f 7623//1 7642//1 7624//1
f 7624//1 7642//1 7647//1
f 7624//1 7647//1 7625//1
f 7625//1 7647//1 7648//1
f 7625//1 7648//1 7646//1
f 7644//1 7643//1 7629//1
f 7629//1 7643//1 7635//1
f 7629//1 7635//1 7630//1
f 7630//1 7635//1 7636//1
f 7630//1 7636//1 7631//1
f 7631//1 7636//1 7637//1
f 7631//1 7637//1 7632//1
f 7632//1 7637//1 7638//1
f 7632//1 7638//1 7633//1
f 7633//1 7638//1 7639//1
f 7633//1 7639//1 7634//1
f 7634//1 7639//1 7640//1
f 7634//1 7640//1 7623//1
f 7623//1 7640//1 7641//1
f 7623//1 7641//1 7642//1
f 7642//5963 3605//5963 3606//5963
f 7642//5963 3606//5963 7647//5963
f 7647//5964 3606//5964 3603//5964
f 7647//5965 3603//5965 7648//5965
f 7648//5966 3603//5966 3602//5966
f 7648//5966 3602//5966 7646//5966
f 7646//5967 3602//5967 3601//5967
f 7646//5967 3601//5967 7378//5967
f 3848//5818 7649//5818 3831//5818
f 3831//5818 7649//5818 7650//5818
f 3831//5819 7650//5819 3832//5819
f 3832//5819 7650//5819 7651//5819
f 3832//5820 7651//5820 3837//5820
f 3837//5820 7651//5820 7652//5820
f 3837//5821 7652//5821 3838//5821
f 3838//5821 7652//5821 7653//5821
f 3838//5822 7653//5822 3840//5822
f 3840//5822 7653//5822 7654//5822
f 3840//5823 7654//5823 3836//5823
f 3836//5823 7654//5823 7655//5823
f 3836//5824 7655//5824 3845//5824
f 3845//5824 7655//5824 7656//5824
f 3845//5825 7656//5825 3844//5825
f 3844//5825 7656//5825 7657//5825
f 3844//5826 7657//5826 3843//5826
f 3843//5826 7657//5826 7658//5826
f 3843//5827 7658//5827 3846//5827
f 3846//5827 7658//5827 7659//5827
f 3846//5828 7659//5828 3847//5828
f 3847//5828 7659//5828 7660//5828
f 3847//5817 7660//5817 3848//5817
f 3848//5817 7660//5817 7649//5817
f 7661//5968 3564//5968 7662//5968
f 7662//5968 3564//5968 3587//5968
f 7662//5969 3587//5969 7663//5969
f 7663//5969 3587//5969 3586//5969
f 7663//5970 3586//5970 7664//5970
f 7664//5970 3586//5970 3510//5970
f 7664//5827 3510//5827 7665//5827
f 7665//5827 3510//5827 3542//5827
f 7665//5971 3542//5971 7666//5971
f 7666//5971 3542//5971 3541//5971
f 7666//5840 3541//5840 7667//5840
f 7667//5840 3541//5840 3563//5840
f 7667//5972 3563//5972 7668//5972
f 7668//5972 3563//5972 3562//5972
f 3564//5830 7661//5830 7669//5830
f 3564//5830 7669//5830 3565//5830
f 3565//5973 7669//5973 7670//5973
f 3565//5973 7670//5973 3566//5973
f 3566//5974 7670//5974 7671//5974
f 3566//5974 7671//5974 3589//5974
f 3589//5975 7671//5975 7381//5975
f 3589//5975 7381//5975 3588//5975
f 7653//1 7652//1 7388//1
f 7388//1 7652//1 7651//1
f 7388//1 7381//1 7653//1
f 7653//1 7381//1 7671//1
f 7653//1 7671//1 7654//1
f 7654//1 7671//1 7670//1
f 7654//1 7670//1 7655//1
f 7670//1 7669//1 7655//1
f 7655//1 7669//1 7661//1
f 7655//1 7661//1 7656//1
f 7656//1 7661//1 7662//1
f 7656//1 7662//1 7657//1
f 7657//1 7662//1 7663//1
f 7657//1 7663//1 7658//1
f 7658//1 7663//1 7664//1
f 7658//1 7664//1 7659//1
f 7659//1 7664//1 7665//1
f 7659//1 7665//1 7660//1
f 7660//1 7665//1 7666//1
f 7660//1 7666//1 7649//1
f 7666//1 7667//1 7649//1
f 7649//1 7667//1 7668//1
f 7649//1 7668//1 7650//1
f 7650//1 7668//1 7672//1
f 7650//1 7672//1 7651//1
f 7651//1 7672//1 7673//1
f 7651//1 7673//1 7388//1
f 7388//1 7673//1 7674//1
f 7388//1 7674//1 7354//1
f 7668//5956 3562//5956 3611//5956
f 7668//5956 3611//5956 7672//5956
f 7672//5976 3611//5976 3610//5976
f 7672//5976 3610//5976 7673//5976
f 7673//5977 3610//5977 3612//5977
f 7673//5977 3612//5977 7674//5977
f 7674//5978 3612//5978 3613//5978
f 7674//5978 3613//5978 7354//5978
f 3806//5828 7675//5828 3964//5828
f 3964//5828 7675//5828 7676//5828
f 3964//5817 7676//5817 3967//5817
f 3967//5817 7676//5817 7677//5817
f 3967//5818 7677//5818 3968//5818
f 3968//5818 7677//5818 7678//5818
f 3968//5819 7678//5819 3969//5819
f 3969//5819 7678//5819 7679//5819
f 3969//5820 7679//5820 3970//5820
f 3970//5820 7679//5820 7680//5820
f 3970//5821 7680//5821 3971//5821
f 3971//5821 7680//5821 7681//5821
f 3971//5822 7681//5822 3972//5822
f 3972//5822 7681//5822 7682//5822
f 3972//5823 7682//5823 3827//5823
f 3827//5823 7682//5823 7683//5823
f 3827//5824 7683//5824 3826//5824
f 3826//5824 7683//5824 7684//5824
f 3826//5825 7684//5825 3825//5825
f 3825//5825 7684//5825 7685//5825
f 3825//5826 7685//5826 3805//5826
f 3805//5826 7685//5826 7686//5826
f 3805//5827 7686//5827 3806//5827
f 3806//5827 7686//5827 7675//5827
f 7687//5979 3430//5979 7688//5979
f 7688//5979 3430//5979 3388//5979
f 7688//5980 3388//5980 7689//5980
f 7689//5980 3388//5980 3387//5980
f 7689//5981 3387//5981 7690//5981
f 7690//5981 3387//5981 3452//5981
f 7690//5825 3452//5825 7691//5825
f 7691//5825 3452//5825 3451//5825
f 7691//5982 3451//5982 7692//5982
f 7692//5982 3451//5982 3449//5982
f 7692//5854 3449//5854 7693//5854
f 7693//5854 3449//5854 3447//5854
f 7693//5983 3447//5983 7694//5983
f 7694//5983 3447//5983 3446//5983
f 3430//5984 7687//5984 7695//5984
f 3430//5985 7695//5985 3464//5985
f 3464//5986 7695//5986 7696//5986
f 3464//5986 7696//5986 3465//5986
f 3465//5987 7696//5987 7697//5987
f 3465//5987 7697//5987 3466//5987
f 3466//5988 7697//5988 7386//5988
f 3466//5988 7386//5988 3431//5988
f 7385//1 7386//1 7697//1
f 7678//1 7677//1 7698//1
f 7675//1 7694//1 7676//1
f 7676//1 7694//1 7699//1
f 7676//1 7699//1 7677//1
f 7677//1 7699//1 7700//1
f 7677//1 7700//1 7698//1
f 7698//1 7384//1 7678//1
f 7678//1 7384//1 7385//1
f 7678//1 7385//1 7679//1
f 7679//1 7385//1 7697//1
f 7679//1 7697//1 7680//1
f 7680//1 7697//1 7696//1
f 7680//1 7696//1 7681//1
f 7696//1 7695//1 7681//1
f 7681//1 7695//1 7687//1
f 7681//1 7687//1 7682//1
f 7682//1 7687//1 7688//1
f 7682//1 7688//1 7683//1
f 7683//1 7688//1 7689//1
f 7683//1 7689//1 7684//1
f 7684//1 7689//1 7690//1
f 7684//1 7690//1 7685//1
f 7685//1 7690//1 7691//1
f 7685//1 7691//1 7686//1
f 7686//1 7691//1 7692//1
f 7686//1 7692//1 7675//1
f 7675//1 7692//1 7693//1
f 7675//1 7693//1 7694//1
f 7694//5989 3446//5989 3570//5989
f 7694//5989 3570//5989 7699//5989
f 7699//5990 3570//5990 3571//5990
f 7699//5990 3571//5990 7700//5990
f 7700//5991 3571//5991 3572//5991
f 7700//5991 3572//5991 7698//5991
f 7698//5992 3572//5992 3532//5992
f 7698//5992 3532//5992 7384//5992
